celebrity_name,ballroom_partner,celebrity_industry,celebrity_homestate,celebrity_homecountry/region,celebrity_age_during_season,season,results,placement,week,elimination_week,observed_elimination,active,judge_count,judge_total,judge_mean
Kelly Monaco,Alec Mazo,Actor/Actress,Pennsylvania,United States,29,1,1st Place,1,1,,False,True,3,13.0,4.333333333333333
John O'Hurley,Charlotte Jorgensen,Actor/Actress,Maine,United States,50,1,2nd Place,2,1,,False,True,3,20.0,6.666666666666667
Joey McIntyre,Ashly DelGrosso,Singer/Rapper,Massachusetts,United States,32,1,3rd Place,3,1,,False,True,3,20.0,6.666666666666667
Rachel Hunter,Jonathan Roberts,Model,,New Zealand,35,1,Eliminated Week 4,4,1,4.0,False,True,3,20.0,6.666666666666667
Evander Holyfield,Edyta Sliwinska,Athlete,Alabama,United States,42,1,Eliminated Week 3,5,1,3.0,False,True,3,18.0,6.0
Trista Sutter,Louis van Amstel,TV Personality,Indiana,United States,32,1,Eliminated Week 2,6,1,2.0,False,True,3,18.0,6.0
Kelly Monaco,Alec Mazo,Actor/Actress,Pennsylvania,United States,29,1,1st Place,1,2,,False,True,3,17.0,5.666666666666667
John O'Hurley,Charlotte Jorgensen,Actor/Actress,Maine,United States,50,1,2nd Place,2,2,,False,True,3,26.0,8.666666666666666
Joey McIntyre,Ashly DelGrosso,Singer/Rapper,Massachusetts,United States,32,1,3rd Place,3,2,,False,True,3,21.0,7.0
Rachel Hunter,Jonathan Roberts,Model,,New Zealand,35,1,Eliminated Week 4,4,2,4.0,False,True,3,24.0,8.0
Evander Holyfield,Edyta Sliwinska,Athlete,Alabama,United States,42,1,Eliminated Week 3,5,2,3.0,False,True,3,14.0,4.666666666666667
Trista Sutter,Louis van Amstel,TV Personality,Indiana,United States,32,1,Eliminated Week 2,6,2,2.0,True,True,3,19.0,6.333333333333333
Kelly Monaco,Alec Mazo,Actor/Actress,Pennsylvania,United States,29,1,1st Place,1,3,,False,True,3,21.0,7.0
John O'Hurley,Charlotte Jorgensen,Actor/Actress,Maine,United States,50,1,2nd Place,2,3,,False,True,3,24.0,8.0
Joey McIntyre,Ashly DelGrosso,Singer/Rapper,Massachusetts,United States,32,1,3rd Place,3,3,,False,True,3,22.0,7.333333333333333
Rachel Hunter,Jonathan Roberts,Model,,New Zealand,35,1,Eliminated Week 4,4,3,4.0,False,True,3,26.0,8.666666666666666
Evander Holyfield,Edyta Sliwinska,Athlete,Alabama,United States,42,1,Eliminated Week 3,5,3,3.0,True,True,3,13.0,4.333333333333333
Trista Sutter,Louis van Amstel,TV Personality,Indiana,United States,32,1,Eliminated Week 2,6,3,2.0,False,False,3,0.0,0.0
Kelly Monaco,Alec Mazo,Actor/Actress,Pennsylvania,United States,29,1,1st Place,1,4,,False,True,3,26.0,8.666666666666666
John O'Hurley,Charlotte Jorgensen,Actor/Actress,Maine,United States,50,1,2nd Place,2,4,,False,True,3,21.0,7.0
Joey McIntyre,Ashly DelGrosso,Singer/Rapper,Massachusetts,United States,32,1,3rd Place,3,4,,False,True,3,20.0,6.666666666666667
Rachel Hunter,Jonathan Roberts,Model,,New Zealand,35,1,Eliminated Week 4,4,4,4.0,True,True,3,25.0,8.333333333333334
Evander Holyfield,Edyta Sliwinska,Athlete,Alabama,United States,42,1,Eliminated Week 3,5,4,3.0,False,False,3,0.0,0.0
Trista Sutter,Louis van Amstel,TV Personality,Indiana,United States,32,1,Eliminated Week 2,6,4,2.0,False,False,3,0.0,0.0
Kelly Monaco,Alec Mazo,Actor/Actress,Pennsylvania,United States,29,1,1st Place,1,5,,False,True,3,23.5,7.833333333333333
John O'Hurley,Charlotte Jorgensen,Actor/Actress,Maine,United States,50,1,2nd Place,2,5,,False,True,3,27.0,9.0
Joey McIntyre,Ashly DelGrosso,Singer/Rapper,Massachusetts,United States,32,1,3rd Place,3,5,,False,True,3,22.5,7.5
Rachel Hunter,Jonathan Roberts,Model,,New Zealand,35,1,Eliminated Week 4,4,5,4.0,False,False,3,0.0,0.0
Evander Holyfield,Edyta Sliwinska,Athlete,Alabama,United States,42,1,Eliminated Week 3,5,5,3.0,False,False,3,0.0,0.0
Trista Sutter,Louis van Amstel,TV Personality,Indiana,United States,32,1,Eliminated Week 2,6,5,2.0,False,False,3,0.0,0.0
Kelly Monaco,Alec Mazo,Actor/Actress,Pennsylvania,United States,29,1,1st Place,1,6,,False,True,3,27.5,9.166666666666666
John O'Hurley,Charlotte Jorgensen,Actor/Actress,Maine,United States,50,1,2nd Place,2,6,,False,True,3,27.0,9.0
Joey McIntyre,Ashly DelGrosso,Singer/Rapper,Massachusetts,United States,32,1,3rd Place,3,6,,False,False,3,0.0,0.0
Rachel Hunter,Jonathan Roberts,Model,,New Zealand,35,1,Eliminated Week 4,4,6,4.0,False,False,3,0.0,0.0
Evander Holyfield,Edyta Sliwinska,Athlete,Alabama,United States,42,1,Eliminated Week 3,5,6,3.0,False,False,3,0.0,0.0
Trista Sutter,Louis van Amstel,TV Personality,Indiana,United States,32,1,Eliminated Week 2,6,6,2.0,False,False,3,0.0,0.0
Drew Lachey,Cheryl Burke,Singer/Rapper,Ohio,United States,29,2,1st Place,1,1,,False,True,3,24.0,8.0
Jerry Rice,Anna Trebunskaya,Athlete,Mississippi,United States,43,2,2nd Place,2,1,,False,True,3,21.0,7.0
Stacy Keibler,Tony Dovolani,Athlete,Maryland,United States,26,2,3rd Place,3,1,,False,True,3,22.0,7.333333333333333
Lisa Rinna,Louis van Amstel,Actor/Actress,California,United States,42,2,Eliminated Week 7,4,1,7.0,False,True,3,19.0,6.333333333333333
George Hamilton,Edyta Sliwinska,Actor/Actress,Tennessee,United States,66,2,Eliminated Week 6,5,1,6.0,False,True,3,18.0,6.0
Tia Carrere,Maksim Chmerkoskiy,Actor/Actress,Hawaii,United States,39,2,Eliminated Week 5,6,1,5.0,False,True,3,20.0,6.666666666666667
Master P,Ashly DelGrosso,Singer/Rapper,Louisiana,United States,35,2,Eliminated Week 4,7,1,4.0,False,True,3,12.0,4.0
Giselle Fernandez,Jonathan Roberts,News Anchor,,Mexico,44,2,Eliminated Week 3,8,1,3.0,False,True,3,23.0,7.666666666666667
Tatum O'Neal,Nick Kosovich,Actor/Actress,California,United States,42,2,Eliminated Week 2,9,1,2.0,False,True,3,23.0,7.666666666666667
Kenny Mayne,Andrea Hale,Sports Broadcaster,Washington,United States,46,2,Eliminated Week 1,10,1,1.0,True,True,3,13.0,4.333333333333333
Drew Lachey,Cheryl Burke,Singer/Rapper,Ohio,United States,29,2,1st Place,1,2,,False,True,3,27.0,9.0
Jerry Rice,Anna Trebunskaya,Athlete,Mississippi,United States,43,2,2nd Place,2,2,,False,True,3,23.0,7.666666666666667
Stacy Keibler,Tony Dovolani,Athlete,Maryland,United States,26,2,3rd Place,3,2,,False,True,3,29.0,9.666666666666666
Lisa Rinna,Louis van Amstel,Actor/Actress,California,United States,42,2,Eliminated Week 7,4,2,7.0,False,True,3,20.0,6.666666666666667
George Hamilton,Edyta Sliwinska,Actor/Actress,Tennessee,United States,66,2,Eliminated Week 6,5,2,6.0,False,True,3,22.0,7.333333333333333
Tia Carrere,Maksim Chmerkoskiy,Actor/Actress,Hawaii,United States,39,2,Eliminated Week 5,6,2,5.0,False,True,3,22.0,7.333333333333333
Master P,Ashly DelGrosso,Singer/Rapper,Louisiana,United States,35,2,Eliminated Week 4,7,2,4.0,False,True,3,16.0,5.333333333333333
Giselle Fernandez,Jonathan Roberts,News Anchor,,Mexico,44,2,Eliminated Week 3,8,2,3.0,False,True,3,24.0,8.0
Tatum O'Neal,Nick Kosovich,Actor/Actress,California,United States,42,2,Eliminated Week 2,9,2,2.0,True,True,3,17.0,5.666666666666667
Kenny Mayne,Andrea Hale,Sports Broadcaster,Washington,United States,46,2,Eliminated Week 1,10,2,1.0,False,False,3,0.0,0.0
Drew Lachey,Cheryl Burke,Singer/Rapper,Ohio,United States,29,2,1st Place,1,3,,False,True,3,27.0,9.0
Jerry Rice,Anna Trebunskaya,Athlete,Mississippi,United States,43,2,2nd Place,2,3,,False,True,3,19.0,6.333333333333333
Stacy Keibler,Tony Dovolani,Athlete,Maryland,United States,26,2,3rd Place,3,3,,False,True,3,27.0,9.0
Lisa Rinna,Louis van Amstel,Actor/Actress,California,United States,42,2,Eliminated Week 7,4,3,7.0,False,True,3,25.0,8.333333333333334
George Hamilton,Edyta Sliwinska,Actor/Actress,Tennessee,United States,66,2,Eliminated Week 6,5,3,6.0,False,True,3,22.0,7.333333333333333
Tia Carrere,Maksim Chmerkoskiy,Actor/Actress,Hawaii,United States,39,2,Eliminated Week 5,6,3,5.0,False,True,3,26.0,8.666666666666666
Master P,Ashly DelGrosso,Singer/Rapper,Louisiana,United States,35,2,Eliminated Week 4,7,3,4.0,False,True,3,14.0,4.666666666666667
Giselle Fernandez,Jonathan Roberts,News Anchor,,Mexico,44,2,Eliminated Week 3,8,3,3.0,True,True,3,22.0,7.333333333333333
Tatum O'Neal,Nick Kosovich,Actor/Actress,California,United States,42,2,Eliminated Week 2,9,3,2.0,False,False,3,0.0,0.0
Kenny Mayne,Andrea Hale,Sports Broadcaster,Washington,United States,46,2,Eliminated Week 1,10,3,1.0,False,False,3,0.0,0.0
Drew Lachey,Cheryl Burke,Singer/Rapper,Ohio,United States,29,2,1st Place,1,4,,False,True,3,28.0,9.333333333333334
Jerry Rice,Anna Trebunskaya,Athlete,Mississippi,United States,43,2,2nd Place,2,4,,False,True,3,24.0,8.0
Stacy Keibler,Tony Dovolani,Athlete,Maryland,United States,26,2,3rd Place,3,4,,False,True,3,26.0,8.666666666666666
Lisa Rinna,Louis van Amstel,Actor/Actress,California,United States,42,2,Eliminated Week 7,4,4,7.0,False,True,3,26.0,8.666666666666666
George Hamilton,Edyta Sliwinska,Actor/Actress,Tennessee,United States,66,2,Eliminated Week 6,5,4,6.0,False,True,3,21.0,7.0
Tia Carrere,Maksim Chmerkoskiy,Actor/Actress,Hawaii,United States,39,2,Eliminated Week 5,6,4,5.0,False,True,3,25.0,8.333333333333334
Master P,Ashly DelGrosso,Singer/Rapper,Louisiana,United States,35,2,Eliminated Week 4,7,4,4.0,True,True,3,8.0,2.6666666666666665
Giselle Fernandez,Jonathan Roberts,News Anchor,,Mexico,44,2,Eliminated Week 3,8,4,3.0,False,False,3,0.0,0.0
Tatum O'Neal,Nick Kosovich,Actor/Actress,California,United States,42,2,Eliminated Week 2,9,4,2.0,False,False,3,0.0,0.0
Kenny Mayne,Andrea Hale,Sports Broadcaster,Washington,United States,46,2,Eliminated Week 1,10,4,1.0,False,False,3,0.0,0.0
Drew Lachey,Cheryl Burke,Singer/Rapper,Ohio,United States,29,2,1st Place,1,5,,False,True,3,27.0,9.0
Jerry Rice,Anna Trebunskaya,Athlete,Mississippi,United States,43,2,2nd Place,2,5,,False,True,3,23.0,7.666666666666667
Stacy Keibler,Tony Dovolani,Athlete,Maryland,United States,26,2,3rd Place,3,5,,False,True,3,30.0,10.0
Lisa Rinna,Louis van Amstel,Actor/Actress,California,United States,42,2,Eliminated Week 7,4,5,7.0,False,True,3,25.0,8.333333333333334
George Hamilton,Edyta Sliwinska,Actor/Actress,Tennessee,United States,66,2,Eliminated Week 6,5,5,6.0,False,True,3,24.0,8.0
Tia Carrere,Maksim Chmerkoskiy,Actor/Actress,Hawaii,United States,39,2,Eliminated Week 5,6,5,5.0,True,True,3,22.0,7.333333333333333
Master P,Ashly DelGrosso,Singer/Rapper,Louisiana,United States,35,2,Eliminated Week 4,7,5,4.0,False,False,3,0.0,0.0
Giselle Fernandez,Jonathan Roberts,News Anchor,,Mexico,44,2,Eliminated Week 3,8,5,3.0,False,False,3,0.0,0.0
Tatum O'Neal,Nick Kosovich,Actor/Actress,California,United States,42,2,Eliminated Week 2,9,5,2.0,False,False,3,0.0,0.0
Kenny Mayne,Andrea Hale,Sports Broadcaster,Washington,United States,46,2,Eliminated Week 1,10,5,1.0,False,False,3,0.0,0.0
Drew Lachey,Cheryl Burke,Singer/Rapper,Ohio,United States,29,2,1st Place,1,6,,False,True,3,30.0,10.0
Jerry Rice,Anna Trebunskaya,Athlete,Mississippi,United States,43,2,2nd Place,2,6,,False,True,3,23.0,7.666666666666667
Stacy Keibler,Tony Dovolani,Athlete,Maryland,United States,26,2,3rd Place,3,6,,False,True,3,30.0,10.0
Lisa Rinna,Louis van Amstel,Actor/Actress,California,United States,42,2,Eliminated Week 7,4,6,7.0,False,True,3,27.0,9.0
George Hamilton,Edyta Sliwinska,Actor/Actress,Tennessee,United States,66,2,Eliminated Week 6,5,6,6.0,True,True,3,23.0,7.666666666666667
Tia Carrere,Maksim Chmerkoskiy,Actor/Actress,Hawaii,United States,39,2,Eliminated Week 5,6,6,5.0,False,False,3,0.0,0.0
Master P,Ashly DelGrosso,Singer/Rapper,Louisiana,United States,35,2,Eliminated Week 4,7,6,4.0,False,False,3,0.0,0.0
Giselle Fernandez,Jonathan Roberts,News Anchor,,Mexico,44,2,Eliminated Week 3,8,6,3.0,False,False,3,0.0,0.0
Tatum O'Neal,Nick Kosovich,Actor/Actress,California,United States,42,2,Eliminated Week 2,9,6,2.0,False,False,3,0.0,0.0
Kenny Mayne,Andrea Hale,Sports Broadcaster,Washington,United States,46,2,Eliminated Week 1,10,6,1.0,False,False,3,0.0,0.0
Drew Lachey,Cheryl Burke,Singer/Rapper,Ohio,United States,29,2,1st Place,1,7,,False,True,3,27.5,9.166666666666666
Jerry Rice,Anna Trebunskaya,Athlete,Mississippi,United States,43,2,2nd Place,2,7,,False,True,3,20.5,6.833333333333333
Stacy Keibler,Tony Dovolani,Athlete,Maryland,United States,26,2,3rd Place,3,7,,False,True,3,27.5,9.166666666666666
Lisa Rinna,Louis van Amstel,Actor/Actress,California,United States,42,2,Eliminated Week 7,4,7,7.0,True,True,3,26.5,8.833333333333334
George Hamilton,Edyta Sliwinska,Actor/Actress,Tennessee,United States,66,2,Eliminated Week 6,5,7,6.0,False,False,3,0.0,0.0
Tia Carrere,Maksim Chmerkoskiy,Actor/Actress,Hawaii,United States,39,2,Eliminated Week 5,6,7,5.0,False,False,3,0.0,0.0
Master P,Ashly DelGrosso,Singer/Rapper,Louisiana,United States,35,2,Eliminated Week 4,7,7,4.0,False,False,3,0.0,0.0
Giselle Fernandez,Jonathan Roberts,News Anchor,,Mexico,44,2,Eliminated Week 3,8,7,3.0,False,False,3,0.0,0.0
Tatum O'Neal,Nick Kosovich,Actor/Actress,California,United States,42,2,Eliminated Week 2,9,7,2.0,False,False,3,0.0,0.0
Kenny Mayne,Andrea Hale,Sports Broadcaster,Washington,United States,46,2,Eliminated Week 1,10,7,1.0,False,False,3,0.0,0.0
Drew Lachey,Cheryl Burke,Singer/Rapper,Ohio,United States,29,2,1st Place,1,8,,False,True,3,28.9998,9.6666
Jerry Rice,Anna Trebunskaya,Athlete,Mississippi,United States,43,2,2nd Place,2,8,,False,True,3,26.666600000000003,8.888866666666667
Stacy Keibler,Tony Dovolani,Athlete,Maryland,United States,26,2,3rd Place,3,8,,False,True,3,28.6665,9.5555
Lisa Rinna,Louis van Amstel,Actor/Actress,California,United States,42,2,Eliminated Week 7,4,8,7.0,False,False,3,0.0,0.0
George Hamilton,Edyta Sliwinska,Actor/Actress,Tennessee,United States,66,2,Eliminated Week 6,5,8,6.0,False,False,3,0.0,0.0
Tia Carrere,Maksim Chmerkoskiy,Actor/Actress,Hawaii,United States,39,2,Eliminated Week 5,6,8,5.0,False,False,3,0.0,0.0
Master P,Ashly DelGrosso,Singer/Rapper,Louisiana,United States,35,2,Eliminated Week 4,7,8,4.0,False,False,3,0.0,0.0
Giselle Fernandez,Jonathan Roberts,News Anchor,,Mexico,44,2,Eliminated Week 3,8,8,3.0,False,False,3,0.0,0.0
Tatum O'Neal,Nick Kosovich,Actor/Actress,California,United States,42,2,Eliminated Week 2,9,8,2.0,False,False,3,0.0,0.0
Kenny Mayne,Andrea Hale,Sports Broadcaster,Washington,United States,46,2,Eliminated Week 1,10,8,1.0,False,False,3,0.0,0.0
Emmitt Smith,Cheryl Burke,Athlete,Florida,United States,37,3,1st Place,1,1,,False,True,3,24.0,8.0
Mario Lopez,Karina Smirnoff,Actor/Actress,California,United States,32,3,2nd Place,2,1,,False,True,3,26.0,8.666666666666666
Joey Lawrence,Edyta Sliwinska,Actor/Actress,Pennsylvania,United States,30,3,3rd Place,3,1,,False,True,3,21.0,7.0
Monique Coleman,Louis van Amstel,Actor/Actress,South Carolina,United States,25,3,Eliminated Week 8,4,1,8.0,False,True,3,19.0,6.333333333333333
Jerry Springer,Kym Johnson,TV Personality,,England,62,3,Eliminated Week 7,5,1,7.0,False,True,3,16.0,5.333333333333333
Sara Evans,Tony Dovolani,Singer/Rapper,Missouri,United States,35,3,Withdrew,6,1,,False,True,3,15.0,5.0
Willa Ford,Maksim Chmerkoskiy,Singer/Rapper,Florida,United States,25,3,Eliminated Week 5,7,1,5.0,False,True,3,22.0,7.333333333333333
Vivica A. Fox,Nick Kosovich,Actor/Actress,Indiana,United States,42,3,Eliminated Week 4,8,1,4.0,False,True,3,22.0,7.333333333333333
Harry Hamlin,Ashly DelGrosso,Actor/Actress,California,United States,54,3,Eliminated Week 3,9,1,3.0,False,True,3,17.0,5.666666666666667
Shanna Moakler,Jesse DeSoto,Model,Rhode Island,United States,31,3,Eliminated Week 2,10,1,2.0,False,True,3,18.0,6.0
Tucker Carlson,Elena Grinenko,TV Personality,California,United States,37,3,Eliminated Week 1,11,1,1.0,True,True,3,12.0,4.0
Emmitt Smith,Cheryl Burke,Athlete,Florida,United States,37,3,1st Place,1,2,,False,True,3,24.0,8.0
Mario Lopez,Karina Smirnoff,Actor/Actress,California,United States,32,3,2nd Place,2,2,,False,True,3,21.0,7.0
Joey Lawrence,Edyta Sliwinska,Actor/Actress,Pennsylvania,United States,30,3,3rd Place,3,2,,False,True,3,29.0,9.666666666666666
Monique Coleman,Louis van Amstel,Actor/Actress,South Carolina,United States,25,3,Eliminated Week 8,4,2,8.0,False,True,3,26.0,8.666666666666666
Jerry Springer,Kym Johnson,TV Personality,,England,62,3,Eliminated Week 7,5,2,7.0,False,True,3,19.0,6.333333333333333
Sara Evans,Tony Dovolani,Singer/Rapper,Missouri,United States,35,3,Withdrew,6,2,,False,True,3,21.0,7.0
Willa Ford,Maksim Chmerkoskiy,Singer/Rapper,Florida,United States,25,3,Eliminated Week 5,7,2,5.0,False,True,3,23.0,7.666666666666667
Vivica A. Fox,Nick Kosovich,Actor/Actress,Indiana,United States,42,3,Eliminated Week 4,8,2,4.0,False,True,3,24.0,8.0
Harry Hamlin,Ashly DelGrosso,Actor/Actress,California,United States,54,3,Eliminated Week 3,9,2,3.0,False,True,3,21.0,7.0
Shanna Moakler,Jesse DeSoto,Model,Rhode Island,United States,31,3,Eliminated Week 2,10,2,2.0,True,True,3,22.0,7.333333333333333
Tucker Carlson,Elena Grinenko,TV Personality,California,United States,37,3,Eliminated Week 1,11,2,1.0,False,False,3,0.0,0.0
Emmitt Smith,Cheryl Burke,Athlete,Florida,United States,37,3,1st Place,1,3,,False,True,3,19.0,6.333333333333333
Mario Lopez,Karina Smirnoff,Actor/Actress,California,United States,32,3,2nd Place,2,3,,False,True,3,22.0,7.333333333333333
Joey Lawrence,Edyta Sliwinska,Actor/Actress,Pennsylvania,United States,30,3,3rd Place,3,3,,False,True,3,22.0,7.333333333333333
Monique Coleman,Louis van Amstel,Actor/Actress,South Carolina,United States,25,3,Eliminated Week 8,4,3,8.0,False,True,3,27.0,9.0
Jerry Springer,Kym Johnson,TV Personality,,England,62,3,Eliminated Week 7,5,3,7.0,False,True,3,21.0,7.0
Sara Evans,Tony Dovolani,Singer/Rapper,Missouri,United States,35,3,Withdrew,6,3,,False,True,3,25.0,8.333333333333334
Willa Ford,Maksim Chmerkoskiy,Singer/Rapper,Florida,United States,25,3,Eliminated Week 5,7,3,5.0,False,True,3,22.0,7.333333333333333
Vivica A. Fox,Nick Kosovich,Actor/Actress,Indiana,United States,42,3,Eliminated Week 4,8,3,4.0,False,True,3,27.0,9.0
Harry Hamlin,Ashly DelGrosso,Actor/Actress,California,United States,54,3,Eliminated Week 3,9,3,3.0,True,True,3,22.0,7.333333333333333
Shanna Moakler,Jesse DeSoto,Model,Rhode Island,United States,31,3,Eliminated Week 2,10,3,2.0,False,False,3,0.0,0.0
Tucker Carlson,Elena Grinenko,TV Personality,California,United States,37,3,Eliminated Week 1,11,3,1.0,False,False,3,0.0,0.0
Emmitt Smith,Cheryl Burke,Athlete,Florida,United States,37,3,1st Place,1,4,,False,True,3,24.0,8.0
Mario Lopez,Karina Smirnoff,Actor/Actress,California,United States,32,3,2nd Place,2,4,,False,True,3,29.0,9.666666666666666
Joey Lawrence,Edyta Sliwinska,Actor/Actress,Pennsylvania,United States,30,3,3rd Place,3,4,,False,True,3,27.0,9.0
Monique Coleman,Louis van Amstel,Actor/Actress,South Carolina,United States,25,3,Eliminated Week 8,4,4,8.0,False,True,3,24.0,8.0
Jerry Springer,Kym Johnson,TV Personality,,England,62,3,Eliminated Week 7,5,4,7.0,False,True,3,22.0,7.333333333333333
Sara Evans,Tony Dovolani,Singer/Rapper,Missouri,United States,35,3,Withdrew,6,4,,False,True,3,20.0,6.666666666666667
Willa Ford,Maksim Chmerkoskiy,Singer/Rapper,Florida,United States,25,3,Eliminated Week 5,7,4,5.0,False,True,3,28.0,9.333333333333334
Vivica A. Fox,Nick Kosovich,Actor/Actress,Indiana,United States,42,3,Eliminated Week 4,8,4,4.0,True,True,3,24.0,8.0
Harry Hamlin,Ashly DelGrosso,Actor/Actress,California,United States,54,3,Eliminated Week 3,9,4,3.0,False,False,3,0.0,0.0
Shanna Moakler,Jesse DeSoto,Model,Rhode Island,United States,31,3,Eliminated Week 2,10,4,2.0,False,False,3,0.0,0.0
Tucker Carlson,Elena Grinenko,TV Personality,California,United States,37,3,Eliminated Week 1,11,4,1.0,False,False,3,0.0,0.0
Emmitt Smith,Cheryl Burke,Athlete,Florida,United States,37,3,1st Place,1,5,,False,True,3,27.0,9.0
Mario Lopez,Karina Smirnoff,Actor/Actress,California,United States,32,3,2nd Place,2,5,,False,True,3,27.0,9.0
Joey Lawrence,Edyta Sliwinska,Actor/Actress,Pennsylvania,United States,30,3,3rd Place,3,5,,False,True,3,25.0,8.333333333333334
Monique Coleman,Louis van Amstel,Actor/Actress,South Carolina,United States,25,3,Eliminated Week 8,4,5,8.0,False,True,3,27.0,9.0
Jerry Springer,Kym Johnson,TV Personality,,England,62,3,Eliminated Week 7,5,5,7.0,False,True,3,24.0,8.0
Sara Evans,Tony Dovolani,Singer/Rapper,Missouri,United States,35,3,Withdrew,6,5,,False,True,3,24.0,8.0
Willa Ford,Maksim Chmerkoskiy,Singer/Rapper,Florida,United States,25,3,Eliminated Week 5,7,5,5.0,True,True,3,27.0,9.0
Vivica A. Fox,Nick Kosovich,Actor/Actress,Indiana,United States,42,3,Eliminated Week 4,8,5,4.0,False,False,3,0.0,0.0
Harry Hamlin,Ashly DelGrosso,Actor/Actress,California,United States,54,3,Eliminated Week 3,9,5,3.0,False,False,3,0.0,0.0
Shanna Moakler,Jesse DeSoto,Model,Rhode Island,United States,31,3,Eliminated Week 2,10,5,2.0,False,False,3,0.0,0.0
Tucker Carlson,Elena Grinenko,TV Personality,California,United States,37,3,Eliminated Week 1,11,5,1.0,False,False,3,0.0,0.0
Emmitt Smith,Cheryl Burke,Athlete,Florida,United States,37,3,1st Place,1,6,,False,True,3,25.0,8.333333333333334
Mario Lopez,Karina Smirnoff,Actor/Actress,California,United States,32,3,2nd Place,2,6,,False,True,3,28.0,9.333333333333334
Joey Lawrence,Edyta Sliwinska,Actor/Actress,Pennsylvania,United States,30,3,3rd Place,3,6,,False,True,3,24.0,8.0
Monique Coleman,Louis van Amstel,Actor/Actress,South Carolina,United States,25,3,Eliminated Week 8,4,6,8.0,False,True,3,23.0,7.666666666666667
Jerry Springer,Kym Johnson,TV Personality,,England,62,3,Eliminated Week 7,5,6,7.0,False,True,3,18.0,6.0
Sara Evans,Tony Dovolani,Singer/Rapper,Missouri,United States,35,3,Withdrew,6,6,,False,False,3,0.0,0.0
Willa Ford,Maksim Chmerkoskiy,Singer/Rapper,Florida,United States,25,3,Eliminated Week 5,7,6,5.0,False,False,3,0.0,0.0
Vivica A. Fox,Nick Kosovich,Actor/Actress,Indiana,United States,42,3,Eliminated Week 4,8,6,4.0,False,False,3,0.0,0.0
Harry Hamlin,Ashly DelGrosso,Actor/Actress,California,United States,54,3,Eliminated Week 3,9,6,3.0,False,False,3,0.0,0.0
Shanna Moakler,Jesse DeSoto,Model,Rhode Island,United States,31,3,Eliminated Week 2,10,6,2.0,False,False,3,0.0,0.0
Tucker Carlson,Elena Grinenko,TV Personality,California,United States,37,3,Eliminated Week 1,11,6,1.0,False,False,3,0.0,0.0
Emmitt Smith,Cheryl Burke,Athlete,Florida,United States,37,3,1st Place,1,7,,False,True,3,28.5,9.5
Mario Lopez,Karina Smirnoff,Actor/Actress,California,United States,32,3,2nd Place,2,7,,False,True,3,28.0,9.333333333333334
Joey Lawrence,Edyta Sliwinska,Actor/Actress,Pennsylvania,United States,30,3,3rd Place,3,7,,False,True,3,28.5,9.5
Monique Coleman,Louis van Amstel,Actor/Actress,South Carolina,United States,25,3,Eliminated Week 8,4,7,8.0,False,True,3,27.0,9.0
Jerry Springer,Kym Johnson,TV Personality,,England,62,3,Eliminated Week 7,5,7,7.0,True,True,3,23.0,7.666666666666667
Sara Evans,Tony Dovolani,Singer/Rapper,Missouri,United States,35,3,Withdrew,6,7,,False,False,3,0.0,0.0
Willa Ford,Maksim Chmerkoskiy,Singer/Rapper,Florida,United States,25,3,Eliminated Week 5,7,7,5.0,False,False,3,0.0,0.0
Vivica A. Fox,Nick Kosovich,Actor/Actress,Indiana,United States,42,3,Eliminated Week 4,8,7,4.0,False,False,3,0.0,0.0
Harry Hamlin,Ashly DelGrosso,Actor/Actress,California,United States,54,3,Eliminated Week 3,9,7,3.0,False,False,3,0.0,0.0
Shanna Moakler,Jesse DeSoto,Model,Rhode Island,United States,31,3,Eliminated Week 2,10,7,2.0,False,False,3,0.0,0.0
Tucker Carlson,Elena Grinenko,TV Personality,California,United States,37,3,Eliminated Week 1,11,7,1.0,False,False,3,0.0,0.0
Emmitt Smith,Cheryl Burke,Athlete,Florida,United States,37,3,1st Place,1,8,,False,True,3,27.0,9.0
Mario Lopez,Karina Smirnoff,Actor/Actress,California,United States,32,3,2nd Place,2,8,,False,True,3,28.5,9.5
Joey Lawrence,Edyta Sliwinska,Actor/Actress,Pennsylvania,United States,30,3,3rd Place,3,8,,False,True,3,27.0,9.0
Monique Coleman,Louis van Amstel,Actor/Actress,South Carolina,United States,25,3,Eliminated Week 8,4,8,8.0,True,True,3,26.5,8.833333333333334
Jerry Springer,Kym Johnson,TV Personality,,England,62,3,Eliminated Week 7,5,8,7.0,False,False,3,0.0,0.0
Sara Evans,Tony Dovolani,Singer/Rapper,Missouri,United States,35,3,Withdrew,6,8,,False,False,3,0.0,0.0
Willa Ford,Maksim Chmerkoskiy,Singer/Rapper,Florida,United States,25,3,Eliminated Week 5,7,8,5.0,False,False,3,0.0,0.0
Vivica A. Fox,Nick Kosovich,Actor/Actress,Indiana,United States,42,3,Eliminated Week 4,8,8,4.0,False,False,3,0.0,0.0
Harry Hamlin,Ashly DelGrosso,Actor/Actress,California,United States,54,3,Eliminated Week 3,9,8,3.0,False,False,3,0.0,0.0
Shanna Moakler,Jesse DeSoto,Model,Rhode Island,United States,31,3,Eliminated Week 2,10,8,2.0,False,False,3,0.0,0.0
Tucker Carlson,Elena Grinenko,TV Personality,California,United States,37,3,Eliminated Week 1,11,8,1.0,False,False,3,0.0,0.0
Emmitt Smith,Cheryl Burke,Athlete,Florida,United States,37,3,1st Place,1,9,,False,True,3,29.5,9.833333333333334
Mario Lopez,Karina Smirnoff,Actor/Actress,California,United States,32,3,2nd Place,2,9,,False,True,3,29.5,9.833333333333334
Joey Lawrence,Edyta Sliwinska,Actor/Actress,Pennsylvania,United States,30,3,3rd Place,3,9,,False,True,3,29.5,9.833333333333334
Monique Coleman,Louis van Amstel,Actor/Actress,South Carolina,United States,25,3,Eliminated Week 8,4,9,8.0,False,False,3,0.0,0.0
Jerry Springer,Kym Johnson,TV Personality,,England,62,3,Eliminated Week 7,5,9,7.0,False,False,3,0.0,0.0
Sara Evans,Tony Dovolani,Singer/Rapper,Missouri,United States,35,3,Withdrew,6,9,,False,False,3,0.0,0.0
Willa Ford,Maksim Chmerkoskiy,Singer/Rapper,Florida,United States,25,3,Eliminated Week 5,7,9,5.0,False,False,3,0.0,0.0
Vivica A. Fox,Nick Kosovich,Actor/Actress,Indiana,United States,42,3,Eliminated Week 4,8,9,4.0,False,False,3,0.0,0.0
Harry Hamlin,Ashly DelGrosso,Actor/Actress,California,United States,54,3,Eliminated Week 3,9,9,3.0,False,False,3,0.0,0.0
Shanna Moakler,Jesse DeSoto,Model,Rhode Island,United States,31,3,Eliminated Week 2,10,9,2.0,False,False,3,0.0,0.0
Tucker Carlson,Elena Grinenko,TV Personality,California,United States,37,3,Eliminated Week 1,11,9,1.0,False,False,3,0.0,0.0
Emmitt Smith,Cheryl Burke,Athlete,Florida,United States,37,3,1st Place,1,10,,False,True,3,29.666600000000003,9.888866666666667
Mario Lopez,Karina Smirnoff,Actor/Actress,California,United States,32,3,2nd Place,2,10,,False,True,3,29.666600000000003,9.888866666666667
Joey Lawrence,Edyta Sliwinska,Actor/Actress,Pennsylvania,United States,30,3,3rd Place,3,10,,False,False,3,0.0,0.0
Monique Coleman,Louis van Amstel,Actor/Actress,South Carolina,United States,25,3,Eliminated Week 8,4,10,8.0,False,False,3,0.0,0.0
Jerry Springer,Kym Johnson,TV Personality,,England,62,3,Eliminated Week 7,5,10,7.0,False,False,3,0.0,0.0
Sara Evans,Tony Dovolani,Singer/Rapper,Missouri,United States,35,3,Withdrew,6,10,,False,False,3,0.0,0.0
Willa Ford,Maksim Chmerkoskiy,Singer/Rapper,Florida,United States,25,3,Eliminated Week 5,7,10,5.0,False,False,3,0.0,0.0
Vivica A. Fox,Nick Kosovich,Actor/Actress,Indiana,United States,42,3,Eliminated Week 4,8,10,4.0,False,False,3,0.0,0.0
Harry Hamlin,Ashly DelGrosso,Actor/Actress,California,United States,54,3,Eliminated Week 3,9,10,3.0,False,False,3,0.0,0.0
Shanna Moakler,Jesse DeSoto,Model,Rhode Island,United States,31,3,Eliminated Week 2,10,10,2.0,False,False,3,0.0,0.0
Tucker Carlson,Elena Grinenko,TV Personality,California,United States,37,3,Eliminated Week 1,11,10,1.0,False,False,3,0.0,0.0
Apolo Anton Ohno,Julianne Hough,Athlete,Washington,United States,24,4,1st Place,1,1,,False,True,3,21.0,7.0
Joey Fatone,Kym Johnson,Singer/Rapper,New York,United States,30,4,2nd Place,2,1,,False,True,3,24.0,8.0
Laila Ali,Maksim Chmerkoskiy,Athlete,Florida,United States,29,4,3rd Place,3,1,,False,True,3,23.0,7.666666666666667
Ian Ziering,Cheryl Burke,Actor/Actress,New Jersey,United States,42,4,Eliminated Week 9,4,1,9.0,False,True,3,21.0,7.0
Billy Ray Cyrus,Karina Smirnoff,Singer/Rapper,Kentucky,United States,45,4,Eliminated Week 8,5,1,8.0,False,True,3,13.0,4.333333333333333
John Ratzenberger,Edyta Sliwinska,Actor/Actress,Connecticut,United States,59,4,Eliminated Week 7,6,1,7.0,False,True,3,17.0,5.666666666666667
Heather Mills,Jonathan Roberts,Model,,England,39,4,Eliminated Week 6,7,1,6.0,False,True,3,18.0,6.0
Clyde Drexler,Elena Grinenko,Athlete,Louisiana,United States,44,4,Eliminated Week 5,8,1,5.0,False,True,3,16.0,5.333333333333333
Leeza Gibbons,Tony Dovolani,TV Personality,South Carolina,United States,50,4,Eliminated Week 4,9,1,4.0,False,True,3,15.0,5.0
Shandi Finnessey,Brian Fortuna,Beauty Pagent,Missouri,United States,28,4,Eliminated Week 3,10,1,3.0,False,True,3,19.0,6.333333333333333
Paulina Porizkova,Alec Mazo,Model,,Czechoslovakia,41,4,Eliminated Week 2,11,1,2.0,False,True,3,19.0,6.333333333333333
Apolo Anton Ohno,Julianne Hough,Athlete,Washington,United States,24,4,1st Place,1,2,,False,True,3,26.0,8.666666666666666
Joey Fatone,Kym Johnson,Singer/Rapper,New York,United States,30,4,2nd Place,2,2,,False,True,3,24.0,8.0
Laila Ali,Maksim Chmerkoskiy,Athlete,Florida,United States,29,4,3rd Place,3,2,,False,True,3,27.0,9.0
Ian Ziering,Cheryl Burke,Actor/Actress,New Jersey,United States,42,4,Eliminated Week 9,4,2,9.0,False,True,3,22.0,7.333333333333333
Billy Ray Cyrus,Karina Smirnoff,Singer/Rapper,Kentucky,United States,45,4,Eliminated Week 8,5,2,8.0,False,True,3,21.0,7.0
John Ratzenberger,Edyta Sliwinska,Actor/Actress,Connecticut,United States,59,4,Eliminated Week 7,6,2,7.0,False,True,3,21.0,7.0
Heather Mills,Jonathan Roberts,Model,,England,39,4,Eliminated Week 6,7,2,6.0,False,True,3,24.0,8.0
Clyde Drexler,Elena Grinenko,Athlete,Louisiana,United States,44,4,Eliminated Week 5,8,2,5.0,False,True,3,18.0,6.0
Leeza Gibbons,Tony Dovolani,TV Personality,South Carolina,United States,50,4,Eliminated Week 4,9,2,4.0,False,True,3,21.0,7.0
Shandi Finnessey,Brian Fortuna,Beauty Pagent,Missouri,United States,28,4,Eliminated Week 3,10,2,3.0,False,True,3,20.0,6.666666666666667
Paulina Porizkova,Alec Mazo,Model,,Czechoslovakia,41,4,Eliminated Week 2,11,2,2.0,True,True,3,21.0,7.0
Apolo Anton Ohno,Julianne Hough,Athlete,Washington,United States,24,4,1st Place,1,3,,False,True,3,23.0,7.666666666666667
Joey Fatone,Kym Johnson,Singer/Rapper,New York,United States,30,4,2nd Place,2,3,,False,True,3,24.0,8.0
Laila Ali,Maksim Chmerkoskiy,Athlete,Florida,United States,29,4,3rd Place,3,3,,False,True,3,21.0,7.0
Ian Ziering,Cheryl Burke,Actor/Actress,New Jersey,United States,42,4,Eliminated Week 9,4,3,9.0,False,True,3,24.0,8.0
Billy Ray Cyrus,Karina Smirnoff,Singer/Rapper,Kentucky,United States,45,4,Eliminated Week 8,5,3,8.0,False,True,3,21.0,7.0
John Ratzenberger,Edyta Sliwinska,Actor/Actress,Connecticut,United States,59,4,Eliminated Week 7,6,3,7.0,False,True,3,20.0,6.666666666666667
Heather Mills,Jonathan Roberts,Model,,England,39,4,Eliminated Week 6,7,3,6.0,False,True,3,24.0,8.0
Clyde Drexler,Elena Grinenko,Athlete,Louisiana,United States,44,4,Eliminated Week 5,8,3,5.0,False,True,3,16.0,5.333333333333333
Leeza Gibbons,Tony Dovolani,TV Personality,South Carolina,United States,50,4,Eliminated Week 4,9,3,4.0,False,True,3,24.0,8.0
Shandi Finnessey,Brian Fortuna,Beauty Pagent,Missouri,United States,28,4,Eliminated Week 3,10,3,3.0,True,True,3,21.0,7.0
Paulina Porizkova,Alec Mazo,Model,,Czechoslovakia,41,4,Eliminated Week 2,11,3,2.0,False,False,3,0.0,0.0
Apolo Anton Ohno,Julianne Hough,Athlete,Washington,United States,24,4,1st Place,1,4,,False,True,3,26.0,8.666666666666666
Joey Fatone,Kym Johnson,Singer/Rapper,New York,United States,30,4,2nd Place,2,4,,False,True,3,28.0,9.333333333333334
Laila Ali,Maksim Chmerkoskiy,Athlete,Florida,United States,29,4,3rd Place,3,4,,False,True,3,21.0,7.0
Ian Ziering,Cheryl Burke,Actor/Actress,New Jersey,United States,42,4,Eliminated Week 9,4,4,9.0,False,True,3,24.0,8.0
Billy Ray Cyrus,Karina Smirnoff,Singer/Rapper,Kentucky,United States,45,4,Eliminated Week 8,5,4,8.0,False,True,3,21.0,7.0
John Ratzenberger,Edyta Sliwinska,Actor/Actress,Connecticut,United States,59,4,Eliminated Week 7,6,4,7.0,False,True,3,16.0,5.333333333333333
Heather Mills,Jonathan Roberts,Model,,England,39,4,Eliminated Week 6,7,4,6.0,False,True,3,23.0,7.666666666666667
Clyde Drexler,Elena Grinenko,Athlete,Louisiana,United States,44,4,Eliminated Week 5,8,4,5.0,False,True,3,15.0,5.0
Leeza Gibbons,Tony Dovolani,TV Personality,South Carolina,United States,50,4,Eliminated Week 4,9,4,4.0,True,True,3,16.0,5.333333333333333
Shandi Finnessey,Brian Fortuna,Beauty Pagent,Missouri,United States,28,4,Eliminated Week 3,10,4,3.0,False,False,3,0.0,0.0
Paulina Porizkova,Alec Mazo,Model,,Czechoslovakia,41,4,Eliminated Week 2,11,4,2.0,False,False,3,0.0,0.0
Apolo Anton Ohno,Julianne Hough,Athlete,Washington,United States,24,4,1st Place,1,5,,False,True,3,30.0,10.0
Joey Fatone,Kym Johnson,Singer/Rapper,New York,United States,30,4,2nd Place,2,5,,False,True,3,25.0,8.333333333333334
Laila Ali,Maksim Chmerkoskiy,Athlete,Florida,United States,29,4,3rd Place,3,5,,False,True,3,28.0,9.333333333333334
Ian Ziering,Cheryl Burke,Actor/Actress,New Jersey,United States,42,4,Eliminated Week 9,4,5,9.0,False,True,3,24.0,8.0
Billy Ray Cyrus,Karina Smirnoff,Singer/Rapper,Kentucky,United States,45,4,Eliminated Week 8,5,5,8.0,False,True,3,17.0,5.666666666666667
John Ratzenberger,Edyta Sliwinska,Actor/Actress,Connecticut,United States,59,4,Eliminated Week 7,6,5,7.0,False,True,3,18.0,6.0
Heather Mills,Jonathan Roberts,Model,,England,39,4,Eliminated Week 6,7,5,6.0,False,True,3,21.0,7.0
Clyde Drexler,Elena Grinenko,Athlete,Louisiana,United States,44,4,Eliminated Week 5,8,5,5.0,True,True,3,13.0,4.333333333333333
Leeza Gibbons,Tony Dovolani,TV Personality,South Carolina,United States,50,4,Eliminated Week 4,9,5,4.0,False,False,3,0.0,0.0
Shandi Finnessey,Brian Fortuna,Beauty Pagent,Missouri,United States,28,4,Eliminated Week 3,10,5,3.0,False,False,3,0.0,0.0
Paulina Porizkova,Alec Mazo,Model,,Czechoslovakia,41,4,Eliminated Week 2,11,5,2.0,False,False,3,0.0,0.0
Apolo Anton Ohno,Julianne Hough,Athlete,Washington,United States,24,4,1st Place,1,6,,False,True,3,28.0,9.333333333333334
Joey Fatone,Kym Johnson,Singer/Rapper,New York,United States,30,4,2nd Place,2,6,,False,True,3,27.0,9.0
Laila Ali,Maksim Chmerkoskiy,Athlete,Florida,United States,29,4,3rd Place,3,6,,False,True,3,28.0,9.333333333333334
Ian Ziering,Cheryl Burke,Actor/Actress,New Jersey,United States,42,4,Eliminated Week 9,4,6,9.0,False,True,3,24.0,8.0
Billy Ray Cyrus,Karina Smirnoff,Singer/Rapper,Kentucky,United States,45,4,Eliminated Week 8,5,6,8.0,False,True,3,21.0,7.0
John Ratzenberger,Edyta Sliwinska,Actor/Actress,Connecticut,United States,59,4,Eliminated Week 7,6,6,7.0,False,True,3,19.0,6.333333333333333
Heather Mills,Jonathan Roberts,Model,,England,39,4,Eliminated Week 6,7,6,6.0,True,True,3,23.0,7.666666666666667
Clyde Drexler,Elena Grinenko,Athlete,Louisiana,United States,44,4,Eliminated Week 5,8,6,5.0,False,False,3,0.0,0.0
Leeza Gibbons,Tony Dovolani,TV Personality,South Carolina,United States,50,4,Eliminated Week 4,9,6,4.0,False,False,3,0.0,0.0
Shandi Finnessey,Brian Fortuna,Beauty Pagent,Missouri,United States,28,4,Eliminated Week 3,10,6,3.0,False,False,3,0.0,0.0
Paulina Porizkova,Alec Mazo,Model,,Czechoslovakia,41,4,Eliminated Week 2,11,6,2.0,False,False,3,0.0,0.0
Apolo Anton Ohno,Julianne Hough,Athlete,Washington,United States,24,4,1st Place,1,7,,False,True,3,27.0,9.0
Joey Fatone,Kym Johnson,Singer/Rapper,New York,United States,30,4,2nd Place,2,7,,False,True,3,29.5,9.833333333333334
Laila Ali,Maksim Chmerkoskiy,Athlete,Florida,United States,29,4,3rd Place,3,7,,False,True,3,29.5,9.833333333333334
Ian Ziering,Cheryl Burke,Actor/Actress,New Jersey,United States,42,4,Eliminated Week 9,4,7,9.0,False,True,3,27.0,9.0
Billy Ray Cyrus,Karina Smirnoff,Singer/Rapper,Kentucky,United States,45,4,Eliminated Week 8,5,7,8.0,False,True,3,19.0,6.333333333333333
John Ratzenberger,Edyta Sliwinska,Actor/Actress,Connecticut,United States,59,4,Eliminated Week 7,6,7,7.0,True,True,3,22.5,7.5
Heather Mills,Jonathan Roberts,Model,,England,39,4,Eliminated Week 6,7,7,6.0,False,False,3,0.0,0.0
Clyde Drexler,Elena Grinenko,Athlete,Louisiana,United States,44,4,Eliminated Week 5,8,7,5.0,False,False,3,0.0,0.0
Leeza Gibbons,Tony Dovolani,TV Personality,South Carolina,United States,50,4,Eliminated Week 4,9,7,4.0,False,False,3,0.0,0.0
Shandi Finnessey,Brian Fortuna,Beauty Pagent,Missouri,United States,28,4,Eliminated Week 3,10,7,3.0,False,False,3,0.0,0.0
Paulina Porizkova,Alec Mazo,Model,,Czechoslovakia,41,4,Eliminated Week 2,11,7,2.0,False,False,3,0.0,0.0
Apolo Anton Ohno,Julianne Hough,Athlete,Washington,United States,24,4,1st Place,1,8,,False,True,3,29.0,9.666666666666666
Joey Fatone,Kym Johnson,Singer/Rapper,New York,United States,30,4,2nd Place,2,8,,False,True,3,27.5,9.166666666666666
Laila Ali,Maksim Chmerkoskiy,Athlete,Florida,United States,29,4,3rd Place,3,8,,False,True,3,26.5,8.833333333333334
Ian Ziering,Cheryl Burke,Actor/Actress,New Jersey,United States,42,4,Eliminated Week 9,4,8,9.0,False,True,3,23.5,7.833333333333333
Billy Ray Cyrus,Karina Smirnoff,Singer/Rapper,Kentucky,United States,45,4,Eliminated Week 8,5,8,8.0,True,True,3,19.0,6.333333333333333
John Ratzenberger,Edyta Sliwinska,Actor/Actress,Connecticut,United States,59,4,Eliminated Week 7,6,8,7.0,False,False,3,0.0,0.0
Heather Mills,Jonathan Roberts,Model,,England,39,4,Eliminated Week 6,7,8,6.0,False,False,3,0.0,0.0
Clyde Drexler,Elena Grinenko,Athlete,Louisiana,United States,44,4,Eliminated Week 5,8,8,5.0,False,False,3,0.0,0.0
Leeza Gibbons,Tony Dovolani,TV Personality,South Carolina,United States,50,4,Eliminated Week 4,9,8,4.0,False,False,3,0.0,0.0
Shandi Finnessey,Brian Fortuna,Beauty Pagent,Missouri,United States,28,4,Eliminated Week 3,10,8,3.0,False,False,3,0.0,0.0
Paulina Porizkova,Alec Mazo,Model,,Czechoslovakia,41,4,Eliminated Week 2,11,8,2.0,False,False,3,0.0,0.0
Apolo Anton Ohno,Julianne Hough,Athlete,Washington,United States,24,4,1st Place,1,9,,False,True,3,29.5,9.833333333333334
Joey Fatone,Kym Johnson,Singer/Rapper,New York,United States,30,4,2nd Place,2,9,,False,True,3,30.0,10.0
Laila Ali,Maksim Chmerkoskiy,Athlete,Florida,United States,29,4,3rd Place,3,9,,False,True,3,30.0,10.0
Ian Ziering,Cheryl Burke,Actor/Actress,New Jersey,United States,42,4,Eliminated Week 9,4,9,9.0,True,True,3,29.0,9.666666666666666
Billy Ray Cyrus,Karina Smirnoff,Singer/Rapper,Kentucky,United States,45,4,Eliminated Week 8,5,9,8.0,False,False,3,0.0,0.0
John Ratzenberger,Edyta Sliwinska,Actor/Actress,Connecticut,United States,59,4,Eliminated Week 7,6,9,7.0,False,False,3,0.0,0.0
Heather Mills,Jonathan Roberts,Model,,England,39,4,Eliminated Week 6,7,9,6.0,False,False,3,0.0,0.0
Clyde Drexler,Elena Grinenko,Athlete,Louisiana,United States,44,4,Eliminated Week 5,8,9,5.0,False,False,3,0.0,0.0
Leeza Gibbons,Tony Dovolani,TV Personality,South Carolina,United States,50,4,Eliminated Week 4,9,9,4.0,False,False,3,0.0,0.0
Shandi Finnessey,Brian Fortuna,Beauty Pagent,Missouri,United States,28,4,Eliminated Week 3,10,9,3.0,False,False,3,0.0,0.0
Paulina Porizkova,Alec Mazo,Model,,Czechoslovakia,41,4,Eliminated Week 2,11,9,2.0,False,False,3,0.0,0.0
Apolo Anton Ohno,Julianne Hough,Athlete,Washington,United States,24,4,1st Place,1,10,,False,True,3,29.3332,9.777733333333334
Joey Fatone,Kym Johnson,Singer/Rapper,New York,United States,30,4,2nd Place,2,10,,False,True,3,28.6665,9.5555
Laila Ali,Maksim Chmerkoskiy,Athlete,Florida,United States,29,4,3rd Place,3,10,,False,True,3,28.333200000000005,9.444400000000002
Ian Ziering,Cheryl Burke,Actor/Actress,New Jersey,United States,42,4,Eliminated Week 9,4,10,9.0,False,False,3,0.0,0.0
Billy Ray Cyrus,Karina Smirnoff,Singer/Rapper,Kentucky,United States,45,4,Eliminated Week 8,5,10,8.0,False,False,3,0.0,0.0
John Ratzenberger,Edyta Sliwinska,Actor/Actress,Connecticut,United States,59,4,Eliminated Week 7,6,10,7.0,False,False,3,0.0,0.0
Heather Mills,Jonathan Roberts,Model,,England,39,4,Eliminated Week 6,7,10,6.0,False,False,3,0.0,0.0
Clyde Drexler,Elena Grinenko,Athlete,Louisiana,United States,44,4,Eliminated Week 5,8,10,5.0,False,False,3,0.0,0.0
Leeza Gibbons,Tony Dovolani,TV Personality,South Carolina,United States,50,4,Eliminated Week 4,9,10,4.0,False,False,3,0.0,0.0
Shandi Finnessey,Brian Fortuna,Beauty Pagent,Missouri,United States,28,4,Eliminated Week 3,10,10,3.0,False,False,3,0.0,0.0
Paulina Porizkova,Alec Mazo,Model,,Czechoslovakia,41,4,Eliminated Week 2,11,10,2.0,False,False,3,0.0,0.0
Helio Castroneves,Julianne Hough,Racing Driver,,Brazil,32,5,1st Place,1,1,,False,True,3,25.0,8.333333333333334
Mel B,Maksim Chmerkoskiy,Singer/Rapper,,England,32,5,2nd Place,2,1,,False,True,3,24.0,8.0
Marie Osmond,Jonathan Roberts,Singer/Rapper,Utah,United States,47,5,3rd Place,3,1,,False,True,3,21.0,7.0
Jennie Garth,Derek Hough,Actor/Actress,Illinois,United States,35,5,Eliminated Week 9,4,1,9.0,False,True,3,21.0,7.0
Cameron Mathison,Edyta Sliwinska,Actor/Actress,,Canada,38,5,Eliminated Week 8,5,1,8.0,False,True,3,21.0,7.0
Jane Seymour,Tony Dovolani,Actor/Actress,,England,56,5,Eliminated Week 7,6,1,7.0,False,True,3,24.0,8.0
Sabrina Bryan,Mark Ballas,Actor/Actress,California,United States,23,5,Eliminated Week 6,7,1,6.0,False,True,3,26.0,8.666666666666666
Mark Cuban,Kym Johnson,TV Personality,Pennsylvania,United States,49,5,Eliminated Week 5,8,1,5.0,False,True,3,21.0,7.0
Floyd Mayweather Jr. ,Karina Smirnoff,Athlete,Michigan,United States,30,5,Eliminated Week 4,9,1,4.0,False,True,3,18.0,6.0
Wayne Newton,Cheryl Burke,Singer/Rapper,Virginia,United States,65,5,Eliminated Week 3,10,1,3.0,False,True,3,19.0,6.333333333333333
Albert Reed,Anna Trebunskaya,Model,Florida,United States,22,5,Eliminated Week 2,11,1,2.0,False,True,3,21.0,7.0
Josie Maran,Alec Mazo,Model,California,United States,29,5,Eliminated Week 1,12,1,1.0,True,True,3,16.0,5.333333333333333
Helio Castroneves,Julianne Hough,Racing Driver,,Brazil,32,5,1st Place,1,2,,False,True,3,27.0,9.0
Mel B,Maksim Chmerkoskiy,Singer/Rapper,,England,32,5,2nd Place,2,2,,False,True,3,23.0,7.666666666666667
Marie Osmond,Jonathan Roberts,Singer/Rapper,Utah,United States,47,5,3rd Place,3,2,,False,True,3,24.0,8.0
Jennie Garth,Derek Hough,Actor/Actress,Illinois,United States,35,5,Eliminated Week 9,4,2,9.0,False,True,3,21.0,7.0
Cameron Mathison,Edyta Sliwinska,Actor/Actress,,Canada,38,5,Eliminated Week 8,5,2,8.0,False,True,3,21.0,7.0
Jane Seymour,Tony Dovolani,Actor/Actress,,England,56,5,Eliminated Week 7,6,2,7.0,False,True,3,21.0,7.0
Sabrina Bryan,Mark Ballas,Actor/Actress,California,United States,23,5,Eliminated Week 6,7,2,6.0,False,True,3,26.0,8.666666666666666
Mark Cuban,Kym Johnson,TV Personality,Pennsylvania,United States,49,5,Eliminated Week 5,8,2,5.0,False,True,3,18.0,6.0
Floyd Mayweather Jr. ,Karina Smirnoff,Athlete,Michigan,United States,30,5,Eliminated Week 4,9,2,4.0,False,True,3,21.0,7.0
Wayne Newton,Cheryl Burke,Singer/Rapper,Virginia,United States,65,5,Eliminated Week 3,10,2,3.0,False,True,3,15.0,5.0
Albert Reed,Anna Trebunskaya,Model,Florida,United States,22,5,Eliminated Week 2,11,2,2.0,True,True,3,21.0,7.0
Josie Maran,Alec Mazo,Model,California,United States,29,5,Eliminated Week 1,12,2,1.0,False,False,3,0.0,0.0
Helio Castroneves,Julianne Hough,Racing Driver,,Brazil,32,5,1st Place,1,3,,False,True,3,24.0,8.0
Mel B,Maksim Chmerkoskiy,Singer/Rapper,,England,32,5,2nd Place,2,3,,False,True,3,27.0,9.0
Marie Osmond,Jonathan Roberts,Singer/Rapper,Utah,United States,47,5,3rd Place,3,3,,False,True,3,26.0,8.666666666666666
Jennie Garth,Derek Hough,Actor/Actress,Illinois,United States,35,5,Eliminated Week 9,4,3,9.0,False,True,3,26.0,8.666666666666666
Cameron Mathison,Edyta Sliwinska,Actor/Actress,,Canada,38,5,Eliminated Week 8,5,3,8.0,False,True,3,23.0,7.666666666666667
Jane Seymour,Tony Dovolani,Actor/Actress,,England,56,5,Eliminated Week 7,6,3,7.0,False,True,3,27.0,9.0
Sabrina Bryan,Mark Ballas,Actor/Actress,California,United States,23,5,Eliminated Week 6,7,3,6.0,False,True,3,27.0,9.0
Mark Cuban,Kym Johnson,TV Personality,Pennsylvania,United States,49,5,Eliminated Week 5,8,3,5.0,False,True,3,20.0,6.666666666666667
Floyd Mayweather Jr. ,Karina Smirnoff,Athlete,Michigan,United States,30,5,Eliminated Week 4,9,3,4.0,False,True,3,21.0,7.0
Wayne Newton,Cheryl Burke,Singer/Rapper,Virginia,United States,65,5,Eliminated Week 3,10,3,3.0,True,True,3,18.0,6.0
Albert Reed,Anna Trebunskaya,Model,Florida,United States,22,5,Eliminated Week 2,11,3,2.0,False,False,3,0.0,0.0
Josie Maran,Alec Mazo,Model,California,United States,29,5,Eliminated Week 1,12,3,1.0,False,False,3,0.0,0.0
Helio Castroneves,Julianne Hough,Racing Driver,,Brazil,32,5,1st Place,1,4,,False,True,3,27.0,9.0
Mel B,Maksim Chmerkoskiy,Singer/Rapper,,England,32,5,2nd Place,2,4,,False,True,3,26.0,8.666666666666666
Marie Osmond,Jonathan Roberts,Singer/Rapper,Utah,United States,47,5,3rd Place,3,4,,False,True,3,26.0,8.666666666666666
Jennie Garth,Derek Hough,Actor/Actress,Illinois,United States,35,5,Eliminated Week 9,4,4,9.0,False,True,3,27.0,9.0
Cameron Mathison,Edyta Sliwinska,Actor/Actress,,Canada,38,5,Eliminated Week 8,5,4,8.0,False,True,3,27.0,9.0
Jane Seymour,Tony Dovolani,Actor/Actress,,England,56,5,Eliminated Week 7,6,4,7.0,False,True,3,26.0,8.666666666666666
Sabrina Bryan,Mark Ballas,Actor/Actress,California,United States,23,5,Eliminated Week 6,7,4,6.0,False,True,3,30.0,10.0
Mark Cuban,Kym Johnson,TV Personality,Pennsylvania,United States,49,5,Eliminated Week 5,8,4,5.0,False,True,3,22.0,7.333333333333333
Floyd Mayweather Jr. ,Karina Smirnoff,Athlete,Michigan,United States,30,5,Eliminated Week 4,9,4,4.0,True,True,3,23.0,7.666666666666667
Wayne Newton,Cheryl Burke,Singer/Rapper,Virginia,United States,65,5,Eliminated Week 3,10,4,3.0,False,False,3,0.0,0.0
Albert Reed,Anna Trebunskaya,Model,Florida,United States,22,5,Eliminated Week 2,11,4,2.0,False,False,3,0.0,0.0
Josie Maran,Alec Mazo,Model,California,United States,29,5,Eliminated Week 1,12,4,1.0,False,False,3,0.0,0.0
Helio Castroneves,Julianne Hough,Racing Driver,,Brazil,32,5,1st Place,1,5,,False,True,3,23.0,7.666666666666667
Mel B,Maksim Chmerkoskiy,Singer/Rapper,,England,32,5,2nd Place,2,5,,False,True,3,29.0,9.666666666666666
Marie Osmond,Jonathan Roberts,Singer/Rapper,Utah,United States,47,5,3rd Place,3,5,,False,True,3,21.0,7.0
Jennie Garth,Derek Hough,Actor/Actress,Illinois,United States,35,5,Eliminated Week 9,4,5,9.0,False,True,3,25.0,8.333333333333334
Cameron Mathison,Edyta Sliwinska,Actor/Actress,,Canada,38,5,Eliminated Week 8,5,5,8.0,False,True,3,26.0,8.666666666666666
Jane Seymour,Tony Dovolani,Actor/Actress,,England,56,5,Eliminated Week 7,6,5,7.0,False,True,3,26.0,8.666666666666666
Sabrina Bryan,Mark Ballas,Actor/Actress,California,United States,23,5,Eliminated Week 6,7,5,6.0,False,True,3,28.0,9.333333333333334
Mark Cuban,Kym Johnson,TV Personality,Pennsylvania,United States,49,5,Eliminated Week 5,8,5,5.0,True,True,3,21.0,7.0
Floyd Mayweather Jr. ,Karina Smirnoff,Athlete,Michigan,United States,30,5,Eliminated Week 4,9,5,4.0,False,False,3,0.0,0.0
Wayne Newton,Cheryl Burke,Singer/Rapper,Virginia,United States,65,5,Eliminated Week 3,10,5,3.0,False,False,3,0.0,0.0
Albert Reed,Anna Trebunskaya,Model,Florida,United States,22,5,Eliminated Week 2,11,5,2.0,False,False,3,0.0,0.0
Josie Maran,Alec Mazo,Model,California,United States,29,5,Eliminated Week 1,12,5,1.0,False,False,3,0.0,0.0
Helio Castroneves,Julianne Hough,Racing Driver,,Brazil,32,5,1st Place,1,6,,False,True,3,28.0,9.333333333333334
Mel B,Maksim Chmerkoskiy,Singer/Rapper,,England,32,5,2nd Place,2,6,,False,True,3,30.0,10.0
Marie Osmond,Jonathan Roberts,Singer/Rapper,Utah,United States,47,5,3rd Place,3,6,,False,True,3,23.0,7.666666666666667
Jennie Garth,Derek Hough,Actor/Actress,Illinois,United States,35,5,Eliminated Week 9,4,6,9.0,False,True,3,27.0,9.0
Cameron Mathison,Edyta Sliwinska,Actor/Actress,,Canada,38,5,Eliminated Week 8,5,6,8.0,False,True,3,25.0,8.333333333333334
Jane Seymour,Tony Dovolani,Actor/Actress,,England,56,5,Eliminated Week 7,6,6,7.0,False,True,3,22.0,7.333333333333333
Sabrina Bryan,Mark Ballas,Actor/Actress,California,United States,23,5,Eliminated Week 6,7,6,6.0,True,True,3,25.0,8.333333333333334
Mark Cuban,Kym Johnson,TV Personality,Pennsylvania,United States,49,5,Eliminated Week 5,8,6,5.0,False,False,3,0.0,0.0
Floyd Mayweather Jr. ,Karina Smirnoff,Athlete,Michigan,United States,30,5,Eliminated Week 4,9,6,4.0,False,False,3,0.0,0.0
Wayne Newton,Cheryl Burke,Singer/Rapper,Virginia,United States,65,5,Eliminated Week 3,10,6,3.0,False,False,3,0.0,0.0
Albert Reed,Anna Trebunskaya,Model,Florida,United States,22,5,Eliminated Week 2,11,6,2.0,False,False,3,0.0,0.0
Josie Maran,Alec Mazo,Model,California,United States,29,5,Eliminated Week 1,12,6,1.0,False,False,3,0.0,0.0
Helio Castroneves,Julianne Hough,Racing Driver,,Brazil,32,5,1st Place,1,7,,False,True,3,26.0,8.666666666666666
Mel B,Maksim Chmerkoskiy,Singer/Rapper,,England,32,5,2nd Place,2,7,,False,True,3,27.0,9.0
Marie Osmond,Jonathan Roberts,Singer/Rapper,Utah,United States,47,5,3rd Place,3,7,,False,True,3,26.0,8.666666666666666
Jennie Garth,Derek Hough,Actor/Actress,Illinois,United States,35,5,Eliminated Week 9,4,7,9.0,False,True,3,26.5,8.833333333333334
Cameron Mathison,Edyta Sliwinska,Actor/Actress,,Canada,38,5,Eliminated Week 8,5,7,8.0,False,True,3,25.5,8.5
Jane Seymour,Tony Dovolani,Actor/Actress,,England,56,5,Eliminated Week 7,6,7,7.0,True,True,3,25.0,8.333333333333334
Sabrina Bryan,Mark Ballas,Actor/Actress,California,United States,23,5,Eliminated Week 6,7,7,6.0,False,False,3,0.0,0.0
Mark Cuban,Kym Johnson,TV Personality,Pennsylvania,United States,49,5,Eliminated Week 5,8,7,5.0,False,False,3,0.0,0.0
Floyd Mayweather Jr. ,Karina Smirnoff,Athlete,Michigan,United States,30,5,Eliminated Week 4,9,7,4.0,False,False,3,0.0,0.0
Wayne Newton,Cheryl Burke,Singer/Rapper,Virginia,United States,65,5,Eliminated Week 3,10,7,3.0,False,False,3,0.0,0.0
Albert Reed,Anna Trebunskaya,Model,Florida,United States,22,5,Eliminated Week 2,11,7,2.0,False,False,3,0.0,0.0
Josie Maran,Alec Mazo,Model,California,United States,29,5,Eliminated Week 1,12,7,1.0,False,False,3,0.0,0.0
Helio Castroneves,Julianne Hough,Racing Driver,,Brazil,32,5,1st Place,1,8,,False,True,3,28.5,9.5
Mel B,Maksim Chmerkoskiy,Singer/Rapper,,England,32,5,2nd Place,2,8,,False,True,3,28.0,9.333333333333334
Marie Osmond,Jonathan Roberts,Singer/Rapper,Utah,United States,47,5,3rd Place,3,8,,False,True,3,24.5,8.166666666666666
Jennie Garth,Derek Hough,Actor/Actress,Illinois,United States,35,5,Eliminated Week 9,4,8,9.0,False,True,3,25.0,8.333333333333334
Cameron Mathison,Edyta Sliwinska,Actor/Actress,,Canada,38,5,Eliminated Week 8,5,8,8.0,True,True,3,25.5,8.5
Jane Seymour,Tony Dovolani,Actor/Actress,,England,56,5,Eliminated Week 7,6,8,7.0,False,False,3,0.0,0.0
Sabrina Bryan,Mark Ballas,Actor/Actress,California,United States,23,5,Eliminated Week 6,7,8,6.0,False,False,3,0.0,0.0
Mark Cuban,Kym Johnson,TV Personality,Pennsylvania,United States,49,5,Eliminated Week 5,8,8,5.0,False,False,3,0.0,0.0
Floyd Mayweather Jr. ,Karina Smirnoff,Athlete,Michigan,United States,30,5,Eliminated Week 4,9,8,4.0,False,False,3,0.0,0.0
Wayne Newton,Cheryl Burke,Singer/Rapper,Virginia,United States,65,5,Eliminated Week 3,10,8,3.0,False,False,3,0.0,0.0
Albert Reed,Anna Trebunskaya,Model,Florida,United States,22,5,Eliminated Week 2,11,8,2.0,False,False,3,0.0,0.0
Josie Maran,Alec Mazo,Model,California,United States,29,5,Eliminated Week 1,12,8,1.0,False,False,3,0.0,0.0
Helio Castroneves,Julianne Hough,Racing Driver,,Brazil,32,5,1st Place,1,9,,False,True,3,30.0,10.0
Mel B,Maksim Chmerkoskiy,Singer/Rapper,,England,32,5,2nd Place,2,9,,False,True,3,30.0,10.0
Marie Osmond,Jonathan Roberts,Singer/Rapper,Utah,United States,47,5,3rd Place,3,9,,False,True,3,28.0,9.333333333333334
Jennie Garth,Derek Hough,Actor/Actress,Illinois,United States,35,5,Eliminated Week 9,4,9,9.0,True,True,3,29.0,9.666666666666666
Cameron Mathison,Edyta Sliwinska,Actor/Actress,,Canada,38,5,Eliminated Week 8,5,9,8.0,False,False,3,0.0,0.0
Jane Seymour,Tony Dovolani,Actor/Actress,,England,56,5,Eliminated Week 7,6,9,7.0,False,False,3,0.0,0.0
Sabrina Bryan,Mark Ballas,Actor/Actress,California,United States,23,5,Eliminated Week 6,7,9,6.0,False,False,3,0.0,0.0
Mark Cuban,Kym Johnson,TV Personality,Pennsylvania,United States,49,5,Eliminated Week 5,8,9,5.0,False,False,3,0.0,0.0
Floyd Mayweather Jr. ,Karina Smirnoff,Athlete,Michigan,United States,30,5,Eliminated Week 4,9,9,4.0,False,False,3,0.0,0.0
Wayne Newton,Cheryl Burke,Singer/Rapper,Virginia,United States,65,5,Eliminated Week 3,10,9,3.0,False,False,3,0.0,0.0
Albert Reed,Anna Trebunskaya,Model,Florida,United States,22,5,Eliminated Week 2,11,9,2.0,False,False,3,0.0,0.0
Josie Maran,Alec Mazo,Model,California,United States,29,5,Eliminated Week 1,12,9,1.0,False,False,3,0.0,0.0
Helio Castroneves,Julianne Hough,Racing Driver,,Brazil,32,5,1st Place,1,10,,False,True,3,27.999900000000004,9.333300000000001
Mel B,Maksim Chmerkoskiy,Singer/Rapper,,England,32,5,2nd Place,2,10,,False,True,3,28.333199999999998,9.4444
Marie Osmond,Jonathan Roberts,Singer/Rapper,Utah,United States,47,5,3rd Place,3,10,,False,True,3,23.0,7.666666666666667
Jennie Garth,Derek Hough,Actor/Actress,Illinois,United States,35,5,Eliminated Week 9,4,10,9.0,False,False,3,0.0,0.0
Cameron Mathison,Edyta Sliwinska,Actor/Actress,,Canada,38,5,Eliminated Week 8,5,10,8.0,False,False,3,0.0,0.0
Jane Seymour,Tony Dovolani,Actor/Actress,,England,56,5,Eliminated Week 7,6,10,7.0,False,False,3,0.0,0.0
Sabrina Bryan,Mark Ballas,Actor/Actress,California,United States,23,5,Eliminated Week 6,7,10,6.0,False,False,3,0.0,0.0
Mark Cuban,Kym Johnson,TV Personality,Pennsylvania,United States,49,5,Eliminated Week 5,8,10,5.0,False,False,3,0.0,0.0
Floyd Mayweather Jr. ,Karina Smirnoff,Athlete,Michigan,United States,30,5,Eliminated Week 4,9,10,4.0,False,False,3,0.0,0.0
Wayne Newton,Cheryl Burke,Singer/Rapper,Virginia,United States,65,5,Eliminated Week 3,10,10,3.0,False,False,3,0.0,0.0
Albert Reed,Anna Trebunskaya,Model,Florida,United States,22,5,Eliminated Week 2,11,10,2.0,False,False,3,0.0,0.0
Josie Maran,Alec Mazo,Model,California,United States,29,5,Eliminated Week 1,12,10,1.0,False,False,3,0.0,0.0
Kristi Yamaguchi,Mark Ballas,Athlete,California,United States,36,6,1st Place,1,1,,False,True,3,27.0,9.0
Jason Taylor,Edyta Sliwinska,Athlete,Pennsylvania,United States,33,6,2nd Place,2,1,,False,True,3,22.0,7.333333333333333
Cristian de la Fuente,Cheryl Burke,Actor/Actress,,Chile,34,6,3rd Place,3,1,,False,True,3,21.0,7.0
Marissa Jaret Winokur,Tony Dovolani,Actor/Actress,New York,United States,35,6,Eliminated Week 9,4,1,9.0,False,True,3,18.0,6.0
Mario,Karina Smirnoff,Singer/Rapper,Maryland,United States,21,6,Eliminated Week 8,5,1,8.0,False,True,3,24.0,8.0
Shannon Elizabeth,Derek Hough,Actor/Actress,Texas,United States,34,6,Eliminated Week 7,6,1,7.0,False,True,3,21.0,7.0
Marlee Matlin,Fabian Sanchez,Actor/Actress,Illinois,United States,42,6,Eliminated Week 6,7,1,6.0,False,True,3,22.0,7.333333333333333
Priscilla Presley,Louis van Amstel,Actor/Actress,New York,United States,62,6,Eliminated Week 5,8,1,5.0,False,True,3,24.0,8.0
Adam Carolla,Julianne Hough,Radio Personality,California,United States,43,6,Eliminated Week 4,9,1,4.0,False,True,3,15.0,5.0
Steve Guttenberg,Anna Trebunskaya,Actor/Actress,New York,United States,49,6,Eliminated Week 3,10,1,3.0,False,True,3,18.0,6.0
Monica Seles,Jonathan Roberts,Athlete,,Yugoslavia,34,6,Eliminated Week 2,11,1,2.0,False,True,3,15.0,5.0
Penn Jillette,Kym Johnson,Magician,Massachusetts,United States,53,6,Eliminated Week 2,12,1,2.0,False,True,3,16.0,5.333333333333333
Kristi Yamaguchi,Mark Ballas,Athlete,California,United States,36,6,1st Place,1,2,,False,True,3,27.0,9.0
Jason Taylor,Edyta Sliwinska,Athlete,Pennsylvania,United States,33,6,2nd Place,2,2,,False,True,3,27.0,9.0
Cristian de la Fuente,Cheryl Burke,Actor/Actress,,Chile,34,6,3rd Place,3,2,,False,True,3,20.0,6.666666666666667
Marissa Jaret Winokur,Tony Dovolani,Actor/Actress,New York,United States,35,6,Eliminated Week 9,4,2,9.0,False,True,3,21.0,7.0
Mario,Karina Smirnoff,Singer/Rapper,Maryland,United States,21,6,Eliminated Week 8,5,2,8.0,False,True,3,26.0,8.666666666666666
Shannon Elizabeth,Derek Hough,Actor/Actress,Texas,United States,34,6,Eliminated Week 7,6,2,7.0,False,True,3,24.0,8.0
Marlee Matlin,Fabian Sanchez,Actor/Actress,Illinois,United States,42,6,Eliminated Week 6,7,2,6.0,False,True,3,24.0,8.0
Priscilla Presley,Louis van Amstel,Actor/Actress,New York,United States,62,6,Eliminated Week 5,8,2,5.0,False,True,3,21.0,7.0
Adam Carolla,Julianne Hough,Radio Personality,California,United States,43,6,Eliminated Week 4,9,2,4.0,False,True,3,19.0,6.333333333333333
Steve Guttenberg,Anna Trebunskaya,Actor/Actress,New York,United States,49,6,Eliminated Week 3,10,2,3.0,False,True,3,16.0,5.333333333333333
Monica Seles,Jonathan Roberts,Athlete,,Yugoslavia,34,6,Eliminated Week 2,11,2,2.0,True,True,3,15.0,5.0
Penn Jillette,Kym Johnson,Magician,Massachusetts,United States,53,6,Eliminated Week 2,12,2,2.0,True,True,3,17.0,5.666666666666667
Kristi Yamaguchi,Mark Ballas,Athlete,California,United States,36,6,1st Place,1,3,,False,True,3,27.0,9.0
Jason Taylor,Edyta Sliwinska,Athlete,Pennsylvania,United States,33,6,2nd Place,2,3,,False,True,3,23.0,7.666666666666667
Cristian de la Fuente,Cheryl Burke,Actor/Actress,,Chile,34,6,3rd Place,3,3,,False,True,3,25.0,8.333333333333334
Marissa Jaret Winokur,Tony Dovolani,Actor/Actress,New York,United States,35,6,Eliminated Week 9,4,3,9.0,False,True,3,19.0,6.333333333333333
Mario,Karina Smirnoff,Singer/Rapper,Maryland,United States,21,6,Eliminated Week 8,5,3,8.0,False,True,3,21.0,7.0
Shannon Elizabeth,Derek Hough,Actor/Actress,Texas,United States,34,6,Eliminated Week 7,6,3,7.0,False,True,3,24.0,8.0
Marlee Matlin,Fabian Sanchez,Actor/Actress,Illinois,United States,42,6,Eliminated Week 6,7,3,6.0,False,True,3,21.0,7.0
Priscilla Presley,Louis van Amstel,Actor/Actress,New York,United States,62,6,Eliminated Week 5,8,3,5.0,False,True,3,26.0,8.666666666666666
Adam Carolla,Julianne Hough,Radio Personality,California,United States,43,6,Eliminated Week 4,9,3,4.0,False,True,3,21.0,7.0
Steve Guttenberg,Anna Trebunskaya,Actor/Actress,New York,United States,49,6,Eliminated Week 3,10,3,3.0,True,True,3,21.0,7.0
Monica Seles,Jonathan Roberts,Athlete,,Yugoslavia,34,6,Eliminated Week 2,11,3,2.0,False,False,3,0.0,0.0
Penn Jillette,Kym Johnson,Magician,Massachusetts,United States,53,6,Eliminated Week 2,12,3,2.0,False,False,3,0.0,0.0
Kristi Yamaguchi,Mark Ballas,Athlete,California,United States,36,6,1st Place,1,4,,False,True,3,29.0,9.666666666666666
Jason Taylor,Edyta Sliwinska,Athlete,Pennsylvania,United States,33,6,2nd Place,2,4,,False,True,3,29.0,9.666666666666666
Cristian de la Fuente,Cheryl Burke,Actor/Actress,,Chile,34,6,3rd Place,3,4,,False,True,3,26.0,8.666666666666666
Marissa Jaret Winokur,Tony Dovolani,Actor/Actress,New York,United States,35,6,Eliminated Week 9,4,4,9.0,False,True,3,24.0,8.0
Mario,Karina Smirnoff,Singer/Rapper,Maryland,United States,21,6,Eliminated Week 8,5,4,8.0,False,True,3,24.0,8.0
Shannon Elizabeth,Derek Hough,Actor/Actress,Texas,United States,34,6,Eliminated Week 7,6,4,7.0,False,True,3,28.0,9.333333333333334
Marlee Matlin,Fabian Sanchez,Actor/Actress,Illinois,United States,42,6,Eliminated Week 6,7,4,6.0,False,True,3,24.0,8.0
Priscilla Presley,Louis van Amstel,Actor/Actress,New York,United States,62,6,Eliminated Week 5,8,4,5.0,False,True,3,22.0,7.333333333333333
Adam Carolla,Julianne Hough,Radio Personality,California,United States,43,6,Eliminated Week 4,9,4,4.0,True,True,3,19.0,6.333333333333333
Steve Guttenberg,Anna Trebunskaya,Actor/Actress,New York,United States,49,6,Eliminated Week 3,10,4,3.0,False,False,3,0.0,0.0
Monica Seles,Jonathan Roberts,Athlete,,Yugoslavia,34,6,Eliminated Week 2,11,4,2.0,False,False,3,0.0,0.0
Penn Jillette,Kym Johnson,Magician,Massachusetts,United States,53,6,Eliminated Week 2,12,4,2.0,False,False,3,0.0,0.0
Kristi Yamaguchi,Mark Ballas,Athlete,California,United States,36,6,1st Place,1,5,,False,True,3,29.0,9.666666666666666
Jason Taylor,Edyta Sliwinska,Athlete,Pennsylvania,United States,33,6,2nd Place,2,5,,False,True,3,27.0,9.0
Cristian de la Fuente,Cheryl Burke,Actor/Actress,,Chile,34,6,3rd Place,3,5,,False,True,3,23.0,7.666666666666667
Marissa Jaret Winokur,Tony Dovolani,Actor/Actress,New York,United States,35,6,Eliminated Week 9,4,5,9.0,False,True,3,24.0,8.0
Mario,Karina Smirnoff,Singer/Rapper,Maryland,United States,21,6,Eliminated Week 8,5,5,8.0,False,True,3,27.0,9.0
Shannon Elizabeth,Derek Hough,Actor/Actress,Texas,United States,34,6,Eliminated Week 7,6,5,7.0,False,True,3,23.0,7.666666666666667
Marlee Matlin,Fabian Sanchez,Actor/Actress,Illinois,United States,42,6,Eliminated Week 6,7,5,6.0,False,True,3,22.0,7.333333333333333
Priscilla Presley,Louis van Amstel,Actor/Actress,New York,United States,62,6,Eliminated Week 5,8,5,5.0,True,True,3,21.0,7.0
Adam Carolla,Julianne Hough,Radio Personality,California,United States,43,6,Eliminated Week 4,9,5,4.0,False,False,3,0.0,0.0
Steve Guttenberg,Anna Trebunskaya,Actor/Actress,New York,United States,49,6,Eliminated Week 3,10,5,3.0,False,False,3,0.0,0.0
Monica Seles,Jonathan Roberts,Athlete,,Yugoslavia,34,6,Eliminated Week 2,11,5,2.0,False,False,3,0.0,0.0
Penn Jillette,Kym Johnson,Magician,Massachusetts,United States,53,6,Eliminated Week 2,12,5,2.0,False,False,3,0.0,0.0
Kristi Yamaguchi,Mark Ballas,Athlete,California,United States,36,6,1st Place,1,6,,False,True,3,30.0,10.0
Jason Taylor,Edyta Sliwinska,Athlete,Pennsylvania,United States,33,6,2nd Place,2,6,,False,True,3,24.0,8.0
Cristian de la Fuente,Cheryl Burke,Actor/Actress,,Chile,34,6,3rd Place,3,6,,False,True,3,27.0,9.0
Marissa Jaret Winokur,Tony Dovolani,Actor/Actress,New York,United States,35,6,Eliminated Week 9,4,6,9.0,False,True,3,26.0,8.666666666666666
Mario,Karina Smirnoff,Singer/Rapper,Maryland,United States,21,6,Eliminated Week 8,5,6,8.0,False,True,3,28.0,9.333333333333334
Shannon Elizabeth,Derek Hough,Actor/Actress,Texas,United States,34,6,Eliminated Week 7,6,6,7.0,False,True,3,24.0,8.0
Marlee Matlin,Fabian Sanchez,Actor/Actress,Illinois,United States,42,6,Eliminated Week 6,7,6,6.0,True,True,3,21.0,7.0
Priscilla Presley,Louis van Amstel,Actor/Actress,New York,United States,62,6,Eliminated Week 5,8,6,5.0,False,False,3,0.0,0.0
Adam Carolla,Julianne Hough,Radio Personality,California,United States,43,6,Eliminated Week 4,9,6,4.0,False,False,3,0.0,0.0
Steve Guttenberg,Anna Trebunskaya,Actor/Actress,New York,United States,49,6,Eliminated Week 3,10,6,3.0,False,False,3,0.0,0.0
Monica Seles,Jonathan Roberts,Athlete,,Yugoslavia,34,6,Eliminated Week 2,11,6,2.0,False,False,3,0.0,0.0
Penn Jillette,Kym Johnson,Magician,Massachusetts,United States,53,6,Eliminated Week 2,12,6,2.0,False,False,3,0.0,0.0
Kristi Yamaguchi,Mark Ballas,Athlete,California,United States,36,6,1st Place,1,7,,False,True,3,27.0,9.0
Jason Taylor,Edyta Sliwinska,Athlete,Pennsylvania,United States,33,6,2nd Place,2,7,,False,True,3,27.5,9.166666666666666
Cristian de la Fuente,Cheryl Burke,Actor/Actress,,Chile,34,6,3rd Place,3,7,,False,True,3,23.0,7.666666666666667
Marissa Jaret Winokur,Tony Dovolani,Actor/Actress,New York,United States,35,6,Eliminated Week 9,4,7,9.0,False,True,3,26.0,8.666666666666666
Mario,Karina Smirnoff,Singer/Rapper,Maryland,United States,21,6,Eliminated Week 8,5,7,8.0,False,True,3,25.5,8.5
Shannon Elizabeth,Derek Hough,Actor/Actress,Texas,United States,34,6,Eliminated Week 7,6,7,7.0,True,True,3,25.5,8.5
Marlee Matlin,Fabian Sanchez,Actor/Actress,Illinois,United States,42,6,Eliminated Week 6,7,7,6.0,False,False,3,0.0,0.0
Priscilla Presley,Louis van Amstel,Actor/Actress,New York,United States,62,6,Eliminated Week 5,8,7,5.0,False,False,3,0.0,0.0
Adam Carolla,Julianne Hough,Radio Personality,California,United States,43,6,Eliminated Week 4,9,7,4.0,False,False,3,0.0,0.0
Steve Guttenberg,Anna Trebunskaya,Actor/Actress,New York,United States,49,6,Eliminated Week 3,10,7,3.0,False,False,3,0.0,0.0
Monica Seles,Jonathan Roberts,Athlete,,Yugoslavia,34,6,Eliminated Week 2,11,7,2.0,False,False,3,0.0,0.0
Penn Jillette,Kym Johnson,Magician,Massachusetts,United States,53,6,Eliminated Week 2,12,7,2.0,False,False,3,0.0,0.0
Kristi Yamaguchi,Mark Ballas,Athlete,California,United States,36,6,1st Place,1,8,,False,True,3,27.5,9.166666666666666
Jason Taylor,Edyta Sliwinska,Athlete,Pennsylvania,United States,33,6,2nd Place,2,8,,False,True,3,26.0,8.666666666666666
Cristian de la Fuente,Cheryl Burke,Actor/Actress,,Chile,34,6,3rd Place,3,8,,False,True,3,28.5,9.5
Marissa Jaret Winokur,Tony Dovolani,Actor/Actress,New York,United States,35,6,Eliminated Week 9,4,8,9.0,False,True,3,25.0,8.333333333333334
Mario,Karina Smirnoff,Singer/Rapper,Maryland,United States,21,6,Eliminated Week 8,5,8,8.0,True,True,3,26.5,8.833333333333334
Shannon Elizabeth,Derek Hough,Actor/Actress,Texas,United States,34,6,Eliminated Week 7,6,8,7.0,False,False,3,0.0,0.0
Marlee Matlin,Fabian Sanchez,Actor/Actress,Illinois,United States,42,6,Eliminated Week 6,7,8,6.0,False,False,3,0.0,0.0
Priscilla Presley,Louis van Amstel,Actor/Actress,New York,United States,62,6,Eliminated Week 5,8,8,5.0,False,False,3,0.0,0.0
Adam Carolla,Julianne Hough,Radio Personality,California,United States,43,6,Eliminated Week 4,9,8,4.0,False,False,3,0.0,0.0
Steve Guttenberg,Anna Trebunskaya,Actor/Actress,New York,United States,49,6,Eliminated Week 3,10,8,3.0,False,False,3,0.0,0.0
Monica Seles,Jonathan Roberts,Athlete,,Yugoslavia,34,6,Eliminated Week 2,11,8,2.0,False,False,3,0.0,0.0
Penn Jillette,Kym Johnson,Magician,Massachusetts,United States,53,6,Eliminated Week 2,12,8,2.0,False,False,3,0.0,0.0
Kristi Yamaguchi,Mark Ballas,Athlete,California,United States,36,6,1st Place,1,9,,False,True,3,28.5,9.5
Jason Taylor,Edyta Sliwinska,Athlete,Pennsylvania,United States,33,6,2nd Place,2,9,,False,True,3,27.5,9.166666666666666
Cristian de la Fuente,Cheryl Burke,Actor/Actress,,Chile,34,6,3rd Place,3,9,,False,True,3,28.0,9.333333333333334
Marissa Jaret Winokur,Tony Dovolani,Actor/Actress,New York,United States,35,6,Eliminated Week 9,4,9,9.0,True,True,3,26.0,8.666666666666666
Mario,Karina Smirnoff,Singer/Rapper,Maryland,United States,21,6,Eliminated Week 8,5,9,8.0,False,False,3,0.0,0.0
Shannon Elizabeth,Derek Hough,Actor/Actress,Texas,United States,34,6,Eliminated Week 7,6,9,7.0,False,False,3,0.0,0.0
Marlee Matlin,Fabian Sanchez,Actor/Actress,Illinois,United States,42,6,Eliminated Week 6,7,9,6.0,False,False,3,0.0,0.0
Priscilla Presley,Louis van Amstel,Actor/Actress,New York,United States,62,6,Eliminated Week 5,8,9,5.0,False,False,3,0.0,0.0
Adam Carolla,Julianne Hough,Radio Personality,California,United States,43,6,Eliminated Week 4,9,9,4.0,False,False,3,0.0,0.0
Steve Guttenberg,Anna Trebunskaya,Actor/Actress,New York,United States,49,6,Eliminated Week 3,10,9,3.0,False,False,3,0.0,0.0
Monica Seles,Jonathan Roberts,Athlete,,Yugoslavia,34,6,Eliminated Week 2,11,9,2.0,False,False,3,0.0,0.0
Penn Jillette,Kym Johnson,Magician,Massachusetts,United States,53,6,Eliminated Week 2,12,9,2.0,False,False,3,0.0,0.0
Kristi Yamaguchi,Mark Ballas,Athlete,California,United States,36,6,1st Place,1,10,,False,True,3,30.0,10.0
Jason Taylor,Edyta Sliwinska,Athlete,Pennsylvania,United States,33,6,2nd Place,2,10,,False,True,3,28.5,9.5
Cristian de la Fuente,Cheryl Burke,Actor/Actress,,Chile,34,6,3rd Place,3,10,,False,True,3,26.0,8.666666666666666
Marissa Jaret Winokur,Tony Dovolani,Actor/Actress,New York,United States,35,6,Eliminated Week 9,4,10,9.0,False,False,3,0.0,0.0
Mario,Karina Smirnoff,Singer/Rapper,Maryland,United States,21,6,Eliminated Week 8,5,10,8.0,False,False,3,0.0,0.0
Shannon Elizabeth,Derek Hough,Actor/Actress,Texas,United States,34,6,Eliminated Week 7,6,10,7.0,False,False,3,0.0,0.0
Marlee Matlin,Fabian Sanchez,Actor/Actress,Illinois,United States,42,6,Eliminated Week 6,7,10,6.0,False,False,3,0.0,0.0
Priscilla Presley,Louis van Amstel,Actor/Actress,New York,United States,62,6,Eliminated Week 5,8,10,5.0,False,False,3,0.0,0.0
Adam Carolla,Julianne Hough,Radio Personality,California,United States,43,6,Eliminated Week 4,9,10,4.0,False,False,3,0.0,0.0
Steve Guttenberg,Anna Trebunskaya,Actor/Actress,New York,United States,49,6,Eliminated Week 3,10,10,3.0,False,False,3,0.0,0.0
Monica Seles,Jonathan Roberts,Athlete,,Yugoslavia,34,6,Eliminated Week 2,11,10,2.0,False,False,3,0.0,0.0
Penn Jillette,Kym Johnson,Magician,Massachusetts,United States,53,6,Eliminated Week 2,12,10,2.0,False,False,3,0.0,0.0
Brooke Burke,Derek Hough,TV Personality,Connecticut,United States,37,7,1st Place,1,1,,False,True,3,24.5,8.166666666666666
Warren Sapp,Kym Johnson,Athlete,Florida,United States,35,7,2nd Place,2,1,,False,True,3,21.5,7.166666666666667
Lance Bass,Lacey Schwimmer,Singer/Rapper,Mississippi,United States,29,7,3rd Place,3,1,,False,True,3,21.5,7.166666666666667
Cody Linley,Julianne Hough,Actor/Actress,Texas,United States,18,7,Eliminated Week 9,4,1,9.0,False,True,3,20.5,6.833333333333333
Maurice Greene,Cheryl Burke,Athlete,Kansas,United States,34,7,Eliminated Week 8,5,1,8.0,False,True,3,19.5,6.5
Susan Lucci,Tony Dovolani,Actor/Actress,New York,United States,61,7,Eliminated Week 7,6,1,7.0,False,True,3,18.5,6.166666666666667
Cloris Leachman,Corky Ballas,Actor/Actress,Iowa,United States,82,7,Eliminated Week 6,7,1,6.0,False,True,3,16.0,5.333333333333333
Toni Braxton,Alec Mazo,Singer/Rapper,Maryland,United States,40,7,Eliminated Week 5,8,1,5.0,False,True,3,22.5,7.5
Rocco DiSpirito,Karina Smirnoff,TV Personality,New York,United States,41,7,Eliminated Week 4,9,1,4.0,False,True,3,17.5,5.833333333333333
Misty May-Treanor,Maksim Chmerkoskiy,Athlete,California,United States,31,7,Withdrew,10,1,,False,True,3,21.0,7.0
Kim Kardashian,Mark Ballas,TV Personality,California,United States,27,7,Eliminated Week 2,11,1,2.0,False,True,3,18.5,6.166666666666667
Ted McGinley,Inna Brayer,Actor/Actress,California,United States,50,7,Eliminated Week 1,12,1,1.0,True,True,3,18.5,6.166666666666667
Jeffrey Ross,Edyta Sliwinska,Comedian,New Jersey,United States,43,7,Eliminated Week 1,13,1,1.0,True,True,3,12.0,4.0
Brooke Burke,Derek Hough,TV Personality,Connecticut,United States,37,7,1st Place,1,2,,False,True,3,24.0,8.0
Warren Sapp,Kym Johnson,Athlete,Florida,United States,35,7,2nd Place,2,2,,False,True,3,24.0,8.0
Lance Bass,Lacey Schwimmer,Singer/Rapper,Mississippi,United States,29,7,3rd Place,3,2,,False,True,3,20.0,6.666666666666667
Cody Linley,Julianne Hough,Actor/Actress,Texas,United States,18,7,Eliminated Week 9,4,2,9.0,False,True,3,21.0,7.0
Maurice Greene,Cheryl Burke,Athlete,Kansas,United States,34,7,Eliminated Week 8,5,2,8.0,False,True,3,19.0,6.333333333333333
Susan Lucci,Tony Dovolani,Actor/Actress,New York,United States,61,7,Eliminated Week 7,6,2,7.0,False,True,3,21.0,7.0
Cloris Leachman,Corky Ballas,Actor/Actress,Iowa,United States,82,7,Eliminated Week 6,7,2,6.0,False,True,3,15.0,5.0
Toni Braxton,Alec Mazo,Singer/Rapper,Maryland,United States,40,7,Eliminated Week 5,8,2,5.0,False,True,3,23.0,7.666666666666667
Rocco DiSpirito,Karina Smirnoff,TV Personality,New York,United States,41,7,Eliminated Week 4,9,2,4.0,False,True,3,16.0,5.333333333333333
Misty May-Treanor,Maksim Chmerkoskiy,Athlete,California,United States,31,7,Withdrew,10,2,,False,True,3,21.0,7.0
Kim Kardashian,Mark Ballas,TV Personality,California,United States,27,7,Eliminated Week 2,11,2,2.0,True,True,3,17.0,5.666666666666667
Ted McGinley,Inna Brayer,Actor/Actress,California,United States,50,7,Eliminated Week 1,12,2,1.0,False,False,3,0.0,0.0
Jeffrey Ross,Edyta Sliwinska,Comedian,New Jersey,United States,43,7,Eliminated Week 1,13,2,1.0,False,False,3,0.0,0.0
Brooke Burke,Derek Hough,TV Personality,Connecticut,United States,37,7,1st Place,1,3,,False,True,3,28.0,9.333333333333334
Warren Sapp,Kym Johnson,Athlete,Florida,United States,35,7,2nd Place,2,3,,False,True,3,25.0,8.333333333333334
Lance Bass,Lacey Schwimmer,Singer/Rapper,Mississippi,United States,29,7,3rd Place,3,3,,False,True,3,22.0,7.333333333333333
Cody Linley,Julianne Hough,Actor/Actress,Texas,United States,18,7,Eliminated Week 9,4,3,9.0,False,True,3,21.0,7.0
Maurice Greene,Cheryl Burke,Athlete,Kansas,United States,34,7,Eliminated Week 8,5,3,8.0,False,True,3,24.0,8.0
Susan Lucci,Tony Dovolani,Actor/Actress,New York,United States,61,7,Eliminated Week 7,6,3,7.0,False,True,3,21.0,7.0
Cloris Leachman,Corky Ballas,Actor/Actress,Iowa,United States,82,7,Eliminated Week 6,7,3,6.0,False,True,3,16.0,5.333333333333333
Toni Braxton,Alec Mazo,Singer/Rapper,Maryland,United States,40,7,Eliminated Week 5,8,3,5.0,False,True,3,22.0,7.333333333333333
Rocco DiSpirito,Karina Smirnoff,TV Personality,New York,United States,41,7,Eliminated Week 4,9,3,4.0,False,True,3,20.0,6.666666666666667
Misty May-Treanor,Maksim Chmerkoskiy,Athlete,California,United States,31,7,Withdrew,10,3,,False,False,3,0.0,0.0
Kim Kardashian,Mark Ballas,TV Personality,California,United States,27,7,Eliminated Week 2,11,3,2.0,False,False,3,0.0,0.0
Ted McGinley,Inna Brayer,Actor/Actress,California,United States,50,7,Eliminated Week 1,12,3,1.0,False,False,3,0.0,0.0
Jeffrey Ross,Edyta Sliwinska,Comedian,New Jersey,United States,43,7,Eliminated Week 1,13,3,1.0,False,False,3,0.0,0.0
Brooke Burke,Derek Hough,TV Personality,Connecticut,United States,37,7,1st Place,1,4,,False,True,3,26.0,8.666666666666666
Warren Sapp,Kym Johnson,Athlete,Florida,United States,35,7,2nd Place,2,4,,False,True,3,22.0,7.333333333333333
Lance Bass,Lacey Schwimmer,Singer/Rapper,Mississippi,United States,29,7,3rd Place,3,4,,False,True,3,26.0,8.666666666666666
Cody Linley,Julianne Hough,Actor/Actress,Texas,United States,18,7,Eliminated Week 9,4,4,9.0,False,True,3,23.0,7.666666666666667
Maurice Greene,Cheryl Burke,Athlete,Kansas,United States,34,7,Eliminated Week 8,5,4,8.0,False,True,3,20.0,6.666666666666667
Susan Lucci,Tony Dovolani,Actor/Actress,New York,United States,61,7,Eliminated Week 7,6,4,7.0,False,True,3,24.0,8.0
Cloris Leachman,Corky Ballas,Actor/Actress,Iowa,United States,82,7,Eliminated Week 6,7,4,6.0,False,True,3,22.0,7.333333333333333
Toni Braxton,Alec Mazo,Singer/Rapper,Maryland,United States,40,7,Eliminated Week 5,8,4,5.0,False,True,3,22.0,7.333333333333333
Rocco DiSpirito,Karina Smirnoff,TV Personality,New York,United States,41,7,Eliminated Week 4,9,4,4.0,True,True,3,18.0,6.0
Misty May-Treanor,Maksim Chmerkoskiy,Athlete,California,United States,31,7,Withdrew,10,4,,False,False,3,0.0,0.0
Kim Kardashian,Mark Ballas,TV Personality,California,United States,27,7,Eliminated Week 2,11,4,2.0,False,False,3,0.0,0.0
Ted McGinley,Inna Brayer,Actor/Actress,California,United States,50,7,Eliminated Week 1,12,4,1.0,False,False,3,0.0,0.0
Jeffrey Ross,Edyta Sliwinska,Comedian,New Jersey,United States,43,7,Eliminated Week 1,13,4,1.0,False,False,3,0.0,0.0
Brooke Burke,Derek Hough,TV Personality,Connecticut,United States,37,7,1st Place,1,5,,False,True,3,29.0,9.666666666666666
Warren Sapp,Kym Johnson,Athlete,Florida,United States,35,7,2nd Place,2,5,,False,True,3,25.0,8.333333333333334
Lance Bass,Lacey Schwimmer,Singer/Rapper,Mississippi,United States,29,7,3rd Place,3,5,,False,True,3,21.0,7.0
Cody Linley,Julianne Hough,Actor/Actress,Texas,United States,18,7,Eliminated Week 9,4,5,9.0,False,True,3,28.0,9.333333333333334
Maurice Greene,Cheryl Burke,Athlete,Kansas,United States,34,7,Eliminated Week 8,5,5,8.0,False,True,3,27.0,9.0
Susan Lucci,Tony Dovolani,Actor/Actress,New York,United States,61,7,Eliminated Week 7,6,5,7.0,False,True,3,22.0,7.333333333333333
Cloris Leachman,Corky Ballas,Actor/Actress,Iowa,United States,82,7,Eliminated Week 6,7,5,6.0,False,True,3,21.0,7.0
Toni Braxton,Alec Mazo,Singer/Rapper,Maryland,United States,40,7,Eliminated Week 5,8,5,5.0,True,True,3,22.0,7.333333333333333
Rocco DiSpirito,Karina Smirnoff,TV Personality,New York,United States,41,7,Eliminated Week 4,9,5,4.0,False,False,3,0.0,0.0
Misty May-Treanor,Maksim Chmerkoskiy,Athlete,California,United States,31,7,Withdrew,10,5,,False,False,3,0.0,0.0
Kim Kardashian,Mark Ballas,TV Personality,California,United States,27,7,Eliminated Week 2,11,5,2.0,False,False,3,0.0,0.0
Ted McGinley,Inna Brayer,Actor/Actress,California,United States,50,7,Eliminated Week 1,12,5,1.0,False,False,3,0.0,0.0
Jeffrey Ross,Edyta Sliwinska,Comedian,New Jersey,United States,43,7,Eliminated Week 1,13,5,1.0,False,False,3,0.0,0.0
Brooke Burke,Derek Hough,TV Personality,Connecticut,United States,37,7,1st Place,1,6,,False,True,3,26.0,8.666666666666666
Warren Sapp,Kym Johnson,Athlete,Florida,United States,35,7,2nd Place,2,6,,False,True,3,25.0,8.333333333333334
Lance Bass,Lacey Schwimmer,Singer/Rapper,Mississippi,United States,29,7,3rd Place,3,6,,False,True,3,27.0,9.0
Cody Linley,Julianne Hough,Actor/Actress,Texas,United States,18,7,Eliminated Week 9,4,6,9.0,False,True,3,23.0,7.666666666666667
Maurice Greene,Cheryl Burke,Athlete,Kansas,United States,34,7,Eliminated Week 8,5,6,8.0,False,True,3,21.0,7.0
Susan Lucci,Tony Dovolani,Actor/Actress,New York,United States,61,7,Eliminated Week 7,6,6,7.0,False,True,3,23.0,7.666666666666667
Cloris Leachman,Corky Ballas,Actor/Actress,Iowa,United States,82,7,Eliminated Week 6,7,6,6.0,True,True,3,15.0,5.0
Toni Braxton,Alec Mazo,Singer/Rapper,Maryland,United States,40,7,Eliminated Week 5,8,6,5.0,False,False,3,0.0,0.0
Rocco DiSpirito,Karina Smirnoff,TV Personality,New York,United States,41,7,Eliminated Week 4,9,6,4.0,False,False,3,0.0,0.0
Misty May-Treanor,Maksim Chmerkoskiy,Athlete,California,United States,31,7,Withdrew,10,6,,False,False,3,0.0,0.0
Kim Kardashian,Mark Ballas,TV Personality,California,United States,27,7,Eliminated Week 2,11,6,2.0,False,False,3,0.0,0.0
Ted McGinley,Inna Brayer,Actor/Actress,California,United States,50,7,Eliminated Week 1,12,6,1.0,False,False,3,0.0,0.0
Jeffrey Ross,Edyta Sliwinska,Comedian,New Jersey,United States,43,7,Eliminated Week 1,13,6,1.0,False,False,3,0.0,0.0
Brooke Burke,Derek Hough,TV Personality,Connecticut,United States,37,7,1st Place,1,7,,False,True,3,30.0,10.0
Warren Sapp,Kym Johnson,Athlete,Florida,United States,35,7,2nd Place,2,7,,False,True,3,21.0,7.0
Lance Bass,Lacey Schwimmer,Singer/Rapper,Mississippi,United States,29,7,3rd Place,3,7,,False,True,3,25.0,8.333333333333334
Cody Linley,Julianne Hough,Actor/Actress,Texas,United States,18,7,Eliminated Week 9,4,7,9.0,False,True,3,22.0,7.333333333333333
Maurice Greene,Cheryl Burke,Athlete,Kansas,United States,34,7,Eliminated Week 8,5,7,8.0,False,True,3,25.0,8.333333333333334
Susan Lucci,Tony Dovolani,Actor/Actress,New York,United States,61,7,Eliminated Week 7,6,7,7.0,True,True,3,24.0,8.0
Cloris Leachman,Corky Ballas,Actor/Actress,Iowa,United States,82,7,Eliminated Week 6,7,7,6.0,False,False,3,0.0,0.0
Toni Braxton,Alec Mazo,Singer/Rapper,Maryland,United States,40,7,Eliminated Week 5,8,7,5.0,False,False,3,0.0,0.0
Rocco DiSpirito,Karina Smirnoff,TV Personality,New York,United States,41,7,Eliminated Week 4,9,7,4.0,False,False,3,0.0,0.0
Misty May-Treanor,Maksim Chmerkoskiy,Athlete,California,United States,31,7,Withdrew,10,7,,False,False,3,0.0,0.0
Kim Kardashian,Mark Ballas,TV Personality,California,United States,27,7,Eliminated Week 2,11,7,2.0,False,False,3,0.0,0.0
Ted McGinley,Inna Brayer,Actor/Actress,California,United States,50,7,Eliminated Week 1,12,7,1.0,False,False,3,0.0,0.0
Jeffrey Ross,Edyta Sliwinska,Comedian,New Jersey,United States,43,7,Eliminated Week 1,13,7,1.0,False,False,3,0.0,0.0
Brooke Burke,Derek Hough,TV Personality,Connecticut,United States,37,7,1st Place,1,8,,False,True,3,27.5,9.166666666666666
Warren Sapp,Kym Johnson,Athlete,Florida,United States,35,7,2nd Place,2,8,,False,True,3,27.0,9.0
Lance Bass,Lacey Schwimmer,Singer/Rapper,Mississippi,United States,29,7,3rd Place,3,8,,False,True,3,25.0,8.333333333333334
Cody Linley,Julianne Hough,Actor/Actress,Texas,United States,18,7,Eliminated Week 9,4,8,9.0,False,True,3,24.0,8.0
Maurice Greene,Cheryl Burke,Athlete,Kansas,United States,34,7,Eliminated Week 8,5,8,8.0,True,True,3,24.0,8.0
Susan Lucci,Tony Dovolani,Actor/Actress,New York,United States,61,7,Eliminated Week 7,6,8,7.0,False,False,3,0.0,0.0
Cloris Leachman,Corky Ballas,Actor/Actress,Iowa,United States,82,7,Eliminated Week 6,7,8,6.0,False,False,3,0.0,0.0
Toni Braxton,Alec Mazo,Singer/Rapper,Maryland,United States,40,7,Eliminated Week 5,8,8,5.0,False,False,3,0.0,0.0
Rocco DiSpirito,Karina Smirnoff,TV Personality,New York,United States,41,7,Eliminated Week 4,9,8,4.0,False,False,3,0.0,0.0
Misty May-Treanor,Maksim Chmerkoskiy,Athlete,California,United States,31,7,Withdrew,10,8,,False,False,3,0.0,0.0
Kim Kardashian,Mark Ballas,TV Personality,California,United States,27,7,Eliminated Week 2,11,8,2.0,False,False,3,0.0,0.0
Ted McGinley,Inna Brayer,Actor/Actress,California,United States,50,7,Eliminated Week 1,12,8,1.0,False,False,3,0.0,0.0
Jeffrey Ross,Edyta Sliwinska,Comedian,New Jersey,United States,43,7,Eliminated Week 1,13,8,1.0,False,False,3,0.0,0.0
Brooke Burke,Derek Hough,TV Personality,Connecticut,United States,37,7,1st Place,1,9,,False,True,3,24.5,8.166666666666666
Warren Sapp,Kym Johnson,Athlete,Florida,United States,35,7,2nd Place,2,9,,False,True,3,24.5,8.166666666666666
Lance Bass,Lacey Schwimmer,Singer/Rapper,Mississippi,United States,29,7,3rd Place,3,9,,False,True,3,28.5,9.5
Cody Linley,Julianne Hough,Actor/Actress,Texas,United States,18,7,Eliminated Week 9,4,9,9.0,True,True,3,23.0,7.666666666666667
Maurice Greene,Cheryl Burke,Athlete,Kansas,United States,34,7,Eliminated Week 8,5,9,8.0,False,False,3,0.0,0.0
Susan Lucci,Tony Dovolani,Actor/Actress,New York,United States,61,7,Eliminated Week 7,6,9,7.0,False,False,3,0.0,0.0
Cloris Leachman,Corky Ballas,Actor/Actress,Iowa,United States,82,7,Eliminated Week 6,7,9,6.0,False,False,3,0.0,0.0
Toni Braxton,Alec Mazo,Singer/Rapper,Maryland,United States,40,7,Eliminated Week 5,8,9,5.0,False,False,3,0.0,0.0
Rocco DiSpirito,Karina Smirnoff,TV Personality,New York,United States,41,7,Eliminated Week 4,9,9,4.0,False,False,3,0.0,0.0
Misty May-Treanor,Maksim Chmerkoskiy,Athlete,California,United States,31,7,Withdrew,10,9,,False,False,3,0.0,0.0
Kim Kardashian,Mark Ballas,TV Personality,California,United States,27,7,Eliminated Week 2,11,9,2.0,False,False,3,0.0,0.0
Ted McGinley,Inna Brayer,Actor/Actress,California,United States,50,7,Eliminated Week 1,12,9,1.0,False,False,3,0.0,0.0
Jeffrey Ross,Edyta Sliwinska,Comedian,New Jersey,United States,43,7,Eliminated Week 1,13,9,1.0,False,False,3,0.0,0.0
Brooke Burke,Derek Hough,TV Personality,Connecticut,United States,37,7,1st Place,1,10,,False,True,3,30.0,10.0
Warren Sapp,Kym Johnson,Athlete,Florida,United States,35,7,2nd Place,2,10,,False,True,3,27.5,9.166666666666666
Lance Bass,Lacey Schwimmer,Singer/Rapper,Mississippi,United States,29,7,3rd Place,3,10,,False,True,3,27.5,9.166666666666666
Cody Linley,Julianne Hough,Actor/Actress,Texas,United States,18,7,Eliminated Week 9,4,10,9.0,False,False,3,0.0,0.0
Maurice Greene,Cheryl Burke,Athlete,Kansas,United States,34,7,Eliminated Week 8,5,10,8.0,False,False,3,0.0,0.0
Susan Lucci,Tony Dovolani,Actor/Actress,New York,United States,61,7,Eliminated Week 7,6,10,7.0,False,False,3,0.0,0.0
Cloris Leachman,Corky Ballas,Actor/Actress,Iowa,United States,82,7,Eliminated Week 6,7,10,6.0,False,False,3,0.0,0.0
Toni Braxton,Alec Mazo,Singer/Rapper,Maryland,United States,40,7,Eliminated Week 5,8,10,5.0,False,False,3,0.0,0.0
Rocco DiSpirito,Karina Smirnoff,TV Personality,New York,United States,41,7,Eliminated Week 4,9,10,4.0,False,False,3,0.0,0.0
Misty May-Treanor,Maksim Chmerkoskiy,Athlete,California,United States,31,7,Withdrew,10,10,,False,False,3,0.0,0.0
Kim Kardashian,Mark Ballas,TV Personality,California,United States,27,7,Eliminated Week 2,11,10,2.0,False,False,3,0.0,0.0
Ted McGinley,Inna Brayer,Actor/Actress,California,United States,50,7,Eliminated Week 1,12,10,1.0,False,False,3,0.0,0.0
Jeffrey Ross,Edyta Sliwinska,Comedian,New Jersey,United States,43,7,Eliminated Week 1,13,10,1.0,False,False,3,0.0,0.0
Shawn Johnson,Mark Ballas,Athlete,Iowa,United States,17,8,1st Place,1,1,,False,True,3,23.0,7.666666666666667
Gilles Marini,Cheryl Burke,Actor/Actress,,France,33,8,2nd Place,2,1,,False,True,3,24.0,8.0
Melissa Rycroft,Tony Dovolani,TV Personality,Texas,United States,26,8,3rd Place,3,1,,False,True,3,23.0,7.666666666666667
Ty Murray,Chelsie Hightower,Athlete,Arizona,United States,39,8,Eliminated Week 10,4,1,10.0,False,True,3,14.0,4.666666666666667
Lil' Kim,Derek Hough,Singer/Rapper,New York,United States,34,8,Eliminated Week 9,5,1,9.0,False,True,3,21.0,7.0
Chuck Wicks,Julianne Hough,Singer/Rapper,Delaware,United States,29,8,Eliminated Week 8,6,1,8.0,False,True,3,20.0,6.666666666666667
Lawrence Taylor,Edyta Sliwinska,Athlete,Virginia,United States,50,8,Eliminated Week 7,7,1,7.0,False,True,3,16.0,5.333333333333333
Steve-O,Lacey Schwimmer,TV Personality,,England,34,8,Eliminated Week 6,8,1,6.0,False,True,3,17.0,5.666666666666667
David Alan Grier,Kym Johnson,Actor/Actress,Michigan,United States,52,8,Eliminated Week 5,9,1,5.0,False,True,3,19.0,6.333333333333333
Steve Wozniak,Karina Smirnoff,Entrepreneur,California,United States,58,8,Eliminated Week 4,10,1,4.0,False,True,3,13.0,4.333333333333333
Holly Madison,Dmitry Chaplin,TV Personality,Oregon,United States,30,8,Eliminated Week 4,11,1,4.0,False,True,3,18.0,6.0
Denise Richards,Maksim Chmerkoskiy,Actor/Actress,Illinois,United States,38,8,Eliminated Week 3,12,1,3.0,False,True,3,18.0,6.0
Belinda Carlisle,Jonathan Roberts,Singer/Rapper,California,United States,50,8,Eliminated Week 2,13,1,2.0,False,True,3,17.0,5.666666666666667
Shawn Johnson,Mark Ballas,Athlete,Iowa,United States,17,8,1st Place,1,2,,False,True,3,24.0,8.0
Gilles Marini,Cheryl Burke,Actor/Actress,,France,33,8,2nd Place,2,2,,False,True,3,27.0,9.0
Melissa Rycroft,Tony Dovolani,TV Personality,Texas,United States,26,8,3rd Place,3,2,,False,True,3,26.0,8.666666666666666
Ty Murray,Chelsie Hightower,Athlete,Arizona,United States,39,8,Eliminated Week 10,4,2,10.0,False,True,3,20.0,6.666666666666667
Lil' Kim,Derek Hough,Singer/Rapper,New York,United States,34,8,Eliminated Week 9,5,2,9.0,False,True,3,23.0,7.666666666666667
Chuck Wicks,Julianne Hough,Singer/Rapper,Delaware,United States,29,8,Eliminated Week 8,6,2,8.0,False,True,3,20.0,6.666666666666667
Lawrence Taylor,Edyta Sliwinska,Athlete,Virginia,United States,50,8,Eliminated Week 7,7,2,7.0,False,True,3,20.0,6.666666666666667
Steve-O,Lacey Schwimmer,TV Personality,,England,34,8,Eliminated Week 6,8,2,6.0,False,True,3,14.0,4.666666666666667
David Alan Grier,Kym Johnson,Actor/Actress,Michigan,United States,52,8,Eliminated Week 5,9,2,5.0,False,True,3,17.0,5.666666666666667
Steve Wozniak,Karina Smirnoff,Entrepreneur,California,United States,58,8,Eliminated Week 4,10,2,4.0,False,True,3,17.0,5.666666666666667
Holly Madison,Dmitry Chaplin,TV Personality,Oregon,United States,30,8,Eliminated Week 4,11,2,4.0,False,True,3,18.0,6.0
Denise Richards,Maksim Chmerkoskiy,Actor/Actress,Illinois,United States,38,8,Eliminated Week 3,12,2,3.0,False,True,3,21.0,7.0
Belinda Carlisle,Jonathan Roberts,Singer/Rapper,California,United States,50,8,Eliminated Week 2,13,2,2.0,True,True,3,18.0,6.0
Shawn Johnson,Mark Ballas,Athlete,Iowa,United States,17,8,1st Place,1,3,,False,True,3,27.0,9.0
Gilles Marini,Cheryl Burke,Actor/Actress,,France,33,8,2nd Place,2,3,,False,True,3,27.0,9.0
Melissa Rycroft,Tony Dovolani,TV Personality,Texas,United States,26,8,3rd Place,3,3,,False,True,3,27.0,9.0
Ty Murray,Chelsie Hightower,Athlete,Arizona,United States,39,8,Eliminated Week 10,4,3,10.0,False,True,3,23.0,7.666666666666667
Lil' Kim,Derek Hough,Singer/Rapper,New York,United States,34,8,Eliminated Week 9,5,3,9.0,False,True,3,25.0,8.333333333333334
Chuck Wicks,Julianne Hough,Singer/Rapper,Delaware,United States,29,8,Eliminated Week 8,6,3,8.0,False,True,3,23.0,7.666666666666667
Lawrence Taylor,Edyta Sliwinska,Athlete,Virginia,United States,50,8,Eliminated Week 7,7,3,7.0,False,True,3,20.0,6.666666666666667
Steve-O,Lacey Schwimmer,TV Personality,,England,34,8,Eliminated Week 6,8,3,6.0,False,True,3,15.0,5.0
David Alan Grier,Kym Johnson,Actor/Actress,Michigan,United States,52,8,Eliminated Week 5,9,3,5.0,False,True,3,24.0,8.0
Steve Wozniak,Karina Smirnoff,Entrepreneur,California,United States,58,8,Eliminated Week 4,10,3,4.0,False,True,3,10.0,3.3333333333333335
Holly Madison,Dmitry Chaplin,TV Personality,Oregon,United States,30,8,Eliminated Week 4,11,3,4.0,False,True,3,17.0,5.666666666666667
Denise Richards,Maksim Chmerkoskiy,Actor/Actress,Illinois,United States,38,8,Eliminated Week 3,12,3,3.0,True,True,3,16.0,5.333333333333333
Belinda Carlisle,Jonathan Roberts,Singer/Rapper,California,United States,50,8,Eliminated Week 2,13,3,2.0,False,False,3,0.0,0.0
Shawn Johnson,Mark Ballas,Athlete,Iowa,United States,17,8,1st Place,1,4,,False,True,3,25.0,8.333333333333334
Gilles Marini,Cheryl Burke,Actor/Actress,,France,33,8,2nd Place,2,4,,False,True,3,30.0,10.0
Melissa Rycroft,Tony Dovolani,TV Personality,Texas,United States,26,8,3rd Place,3,4,,False,True,3,29.0,9.666666666666666
Ty Murray,Chelsie Hightower,Athlete,Arizona,United States,39,8,Eliminated Week 10,4,4,10.0,False,True,3,25.0,8.333333333333334
Lil' Kim,Derek Hough,Singer/Rapper,New York,United States,34,8,Eliminated Week 9,5,4,9.0,False,True,3,27.0,9.0
Chuck Wicks,Julianne Hough,Singer/Rapper,Delaware,United States,29,8,Eliminated Week 8,6,4,8.0,False,True,3,22.0,7.333333333333333
Lawrence Taylor,Edyta Sliwinska,Athlete,Virginia,United States,50,8,Eliminated Week 7,7,4,7.0,False,True,3,19.0,6.333333333333333
Steve-O,Lacey Schwimmer,TV Personality,,England,34,8,Eliminated Week 6,8,4,6.0,False,True,3,15.0,5.0
David Alan Grier,Kym Johnson,Actor/Actress,Michigan,United States,52,8,Eliminated Week 5,9,4,5.0,False,True,3,22.0,7.333333333333333
Steve Wozniak,Karina Smirnoff,Entrepreneur,California,United States,58,8,Eliminated Week 4,10,4,4.0,True,True,3,12.0,4.0
Holly Madison,Dmitry Chaplin,TV Personality,Oregon,United States,30,8,Eliminated Week 4,11,4,4.0,True,True,3,16.0,5.333333333333333
Denise Richards,Maksim Chmerkoskiy,Actor/Actress,Illinois,United States,38,8,Eliminated Week 3,12,4,3.0,False,False,3,0.0,0.0
Belinda Carlisle,Jonathan Roberts,Singer/Rapper,California,United States,50,8,Eliminated Week 2,13,4,2.0,False,False,3,0.0,0.0
Shawn Johnson,Mark Ballas,Athlete,Iowa,United States,17,8,1st Place,1,5,,False,True,3,26.0,8.666666666666666
Gilles Marini,Cheryl Burke,Actor/Actress,,France,33,8,2nd Place,2,5,,False,True,3,29.0,9.666666666666666
Melissa Rycroft,Tony Dovolani,TV Personality,Texas,United States,26,8,3rd Place,3,5,,False,True,3,25.0,8.333333333333334
Ty Murray,Chelsie Hightower,Athlete,Arizona,United States,39,8,Eliminated Week 10,4,5,10.0,False,True,3,21.0,7.0
Lil' Kim,Derek Hough,Singer/Rapper,New York,United States,34,8,Eliminated Week 9,5,5,9.0,False,True,3,26.0,8.666666666666666
Chuck Wicks,Julianne Hough,Singer/Rapper,Delaware,United States,29,8,Eliminated Week 8,6,5,8.0,False,True,3,23.0,7.666666666666667
Lawrence Taylor,Edyta Sliwinska,Athlete,Virginia,United States,50,8,Eliminated Week 7,7,5,7.0,False,True,3,20.0,6.666666666666667
Steve-O,Lacey Schwimmer,TV Personality,,England,34,8,Eliminated Week 6,8,5,6.0,False,True,3,18.0,6.0
David Alan Grier,Kym Johnson,Actor/Actress,Michigan,United States,52,8,Eliminated Week 5,9,5,5.0,True,True,3,22.0,7.333333333333333
Steve Wozniak,Karina Smirnoff,Entrepreneur,California,United States,58,8,Eliminated Week 4,10,5,4.0,False,False,3,0.0,0.0
Holly Madison,Dmitry Chaplin,TV Personality,Oregon,United States,30,8,Eliminated Week 4,11,5,4.0,False,False,3,0.0,0.0
Denise Richards,Maksim Chmerkoskiy,Actor/Actress,Illinois,United States,38,8,Eliminated Week 3,12,5,3.0,False,False,3,0.0,0.0
Belinda Carlisle,Jonathan Roberts,Singer/Rapper,California,United States,50,8,Eliminated Week 2,13,5,2.0,False,False,3,0.0,0.0
Shawn Johnson,Mark Ballas,Athlete,Iowa,United States,17,8,1st Place,1,6,,False,True,3,26.0,8.666666666666666
Gilles Marini,Cheryl Burke,Actor/Actress,,France,33,8,2nd Place,2,6,,False,True,3,26.0,8.666666666666666
Melissa Rycroft,Tony Dovolani,TV Personality,Texas,United States,26,8,3rd Place,3,6,,False,True,3,27.0,9.0
Ty Murray,Chelsie Hightower,Athlete,Arizona,United States,39,8,Eliminated Week 10,4,6,10.0,False,True,3,18.0,6.0
Lil' Kim,Derek Hough,Singer/Rapper,New York,United States,34,8,Eliminated Week 9,5,6,9.0,False,True,3,28.0,9.333333333333334
Chuck Wicks,Julianne Hough,Singer/Rapper,Delaware,United States,29,8,Eliminated Week 8,6,6,8.0,False,True,3,23.0,7.666666666666667
Lawrence Taylor,Edyta Sliwinska,Athlete,Virginia,United States,50,8,Eliminated Week 7,7,6,7.0,False,True,3,22.0,7.333333333333333
Steve-O,Lacey Schwimmer,TV Personality,,England,34,8,Eliminated Week 6,8,6,6.0,True,True,3,16.0,5.333333333333333
David Alan Grier,Kym Johnson,Actor/Actress,Michigan,United States,52,8,Eliminated Week 5,9,6,5.0,False,False,3,0.0,0.0
Steve Wozniak,Karina Smirnoff,Entrepreneur,California,United States,58,8,Eliminated Week 4,10,6,4.0,False,False,3,0.0,0.0
Holly Madison,Dmitry Chaplin,TV Personality,Oregon,United States,30,8,Eliminated Week 4,11,6,4.0,False,False,3,0.0,0.0
Denise Richards,Maksim Chmerkoskiy,Actor/Actress,Illinois,United States,38,8,Eliminated Week 3,12,6,3.0,False,False,3,0.0,0.0
Belinda Carlisle,Jonathan Roberts,Singer/Rapper,California,United States,50,8,Eliminated Week 2,13,6,2.0,False,False,3,0.0,0.0
Shawn Johnson,Mark Ballas,Athlete,Iowa,United States,17,8,1st Place,1,7,,False,True,3,28.0,9.333333333333334
Gilles Marini,Cheryl Burke,Actor/Actress,,France,33,8,2nd Place,2,7,,False,True,3,27.0,9.0
Melissa Rycroft,Tony Dovolani,TV Personality,Texas,United States,26,8,3rd Place,3,7,,False,True,3,29.0,9.666666666666666
Ty Murray,Chelsie Hightower,Athlete,Arizona,United States,39,8,Eliminated Week 10,4,7,10.0,False,True,3,24.0,8.0
Lil' Kim,Derek Hough,Singer/Rapper,New York,United States,34,8,Eliminated Week 9,5,7,9.0,False,True,3,26.0,8.666666666666666
Chuck Wicks,Julianne Hough,Singer/Rapper,Delaware,United States,29,8,Eliminated Week 8,6,7,8.0,False,True,3,27.0,9.0
Lawrence Taylor,Edyta Sliwinska,Athlete,Virginia,United States,50,8,Eliminated Week 7,7,7,7.0,True,True,3,21.0,7.0
Steve-O,Lacey Schwimmer,TV Personality,,England,34,8,Eliminated Week 6,8,7,6.0,False,False,3,0.0,0.0
David Alan Grier,Kym Johnson,Actor/Actress,Michigan,United States,52,8,Eliminated Week 5,9,7,5.0,False,False,3,0.0,0.0
Steve Wozniak,Karina Smirnoff,Entrepreneur,California,United States,58,8,Eliminated Week 4,10,7,4.0,False,False,3,0.0,0.0
Holly Madison,Dmitry Chaplin,TV Personality,Oregon,United States,30,8,Eliminated Week 4,11,7,4.0,False,False,3,0.0,0.0
Denise Richards,Maksim Chmerkoskiy,Actor/Actress,Illinois,United States,38,8,Eliminated Week 3,12,7,3.0,False,False,3,0.0,0.0
Belinda Carlisle,Jonathan Roberts,Singer/Rapper,California,United States,50,8,Eliminated Week 2,13,7,2.0,False,False,3,0.0,0.0
Shawn Johnson,Mark Ballas,Athlete,Iowa,United States,17,8,1st Place,1,8,,False,True,3,26.0,8.666666666666666
Gilles Marini,Cheryl Burke,Actor/Actress,,France,33,8,2nd Place,2,8,,False,True,3,27.5,9.166666666666666
Melissa Rycroft,Tony Dovolani,TV Personality,Texas,United States,26,8,3rd Place,3,8,,False,True,3,23.0,7.666666666666667
Ty Murray,Chelsie Hightower,Athlete,Arizona,United States,39,8,Eliminated Week 10,4,8,10.0,False,True,3,26.0,8.666666666666666
Lil' Kim,Derek Hough,Singer/Rapper,New York,United States,34,8,Eliminated Week 9,5,8,9.0,False,True,3,28.0,9.333333333333334
Chuck Wicks,Julianne Hough,Singer/Rapper,Delaware,United States,29,8,Eliminated Week 8,6,8,8.0,True,True,3,25.5,8.5
Lawrence Taylor,Edyta Sliwinska,Athlete,Virginia,United States,50,8,Eliminated Week 7,7,8,7.0,False,False,3,0.0,0.0
Steve-O,Lacey Schwimmer,TV Personality,,England,34,8,Eliminated Week 6,8,8,6.0,False,False,3,0.0,0.0
David Alan Grier,Kym Johnson,Actor/Actress,Michigan,United States,52,8,Eliminated Week 5,9,8,5.0,False,False,3,0.0,0.0
Steve Wozniak,Karina Smirnoff,Entrepreneur,California,United States,58,8,Eliminated Week 4,10,8,4.0,False,False,3,0.0,0.0
Holly Madison,Dmitry Chaplin,TV Personality,Oregon,United States,30,8,Eliminated Week 4,11,8,4.0,False,False,3,0.0,0.0
Denise Richards,Maksim Chmerkoskiy,Actor/Actress,Illinois,United States,38,8,Eliminated Week 3,12,8,3.0,False,False,3,0.0,0.0
Belinda Carlisle,Jonathan Roberts,Singer/Rapper,California,United States,50,8,Eliminated Week 2,13,8,2.0,False,False,3,0.0,0.0
Shawn Johnson,Mark Ballas,Athlete,Iowa,United States,17,8,1st Place,1,9,,False,True,3,28.0,9.333333333333334
Gilles Marini,Cheryl Burke,Actor/Actress,,France,33,8,2nd Place,2,9,,False,True,3,28.0,9.333333333333334
Melissa Rycroft,Tony Dovolani,TV Personality,Texas,United States,26,8,3rd Place,3,9,,False,True,3,28.5,9.5
Ty Murray,Chelsie Hightower,Athlete,Arizona,United States,39,8,Eliminated Week 10,4,9,10.0,False,True,3,23.0,7.666666666666667
Lil' Kim,Derek Hough,Singer/Rapper,New York,United States,34,8,Eliminated Week 9,5,9,9.0,True,True,3,26.0,8.666666666666666
Chuck Wicks,Julianne Hough,Singer/Rapper,Delaware,United States,29,8,Eliminated Week 8,6,9,8.0,False,False,3,0.0,0.0
Lawrence Taylor,Edyta Sliwinska,Athlete,Virginia,United States,50,8,Eliminated Week 7,7,9,7.0,False,False,3,0.0,0.0
Steve-O,Lacey Schwimmer,TV Personality,,England,34,8,Eliminated Week 6,8,9,6.0,False,False,3,0.0,0.0
David Alan Grier,Kym Johnson,Actor/Actress,Michigan,United States,52,8,Eliminated Week 5,9,9,5.0,False,False,3,0.0,0.0
Steve Wozniak,Karina Smirnoff,Entrepreneur,California,United States,58,8,Eliminated Week 4,10,9,4.0,False,False,3,0.0,0.0
Holly Madison,Dmitry Chaplin,TV Personality,Oregon,United States,30,8,Eliminated Week 4,11,9,4.0,False,False,3,0.0,0.0
Denise Richards,Maksim Chmerkoskiy,Actor/Actress,Illinois,United States,38,8,Eliminated Week 3,12,9,3.0,False,False,3,0.0,0.0
Belinda Carlisle,Jonathan Roberts,Singer/Rapper,California,United States,50,8,Eliminated Week 2,13,9,2.0,False,False,3,0.0,0.0
Shawn Johnson,Mark Ballas,Athlete,Iowa,United States,17,8,1st Place,1,10,,False,True,3,28.0,9.333333333333334
Gilles Marini,Cheryl Burke,Actor/Actress,,France,33,8,2nd Place,2,10,,False,True,3,30.0,10.0
Melissa Rycroft,Tony Dovolani,TV Personality,Texas,United States,26,8,3rd Place,3,10,,False,True,3,27.5,9.166666666666666
Ty Murray,Chelsie Hightower,Athlete,Arizona,United States,39,8,Eliminated Week 10,4,10,10.0,True,True,3,24.0,8.0
Lil' Kim,Derek Hough,Singer/Rapper,New York,United States,34,8,Eliminated Week 9,5,10,9.0,False,False,3,0.0,0.0
Chuck Wicks,Julianne Hough,Singer/Rapper,Delaware,United States,29,8,Eliminated Week 8,6,10,8.0,False,False,3,0.0,0.0
Lawrence Taylor,Edyta Sliwinska,Athlete,Virginia,United States,50,8,Eliminated Week 7,7,10,7.0,False,False,3,0.0,0.0
Steve-O,Lacey Schwimmer,TV Personality,,England,34,8,Eliminated Week 6,8,10,6.0,False,False,3,0.0,0.0
David Alan Grier,Kym Johnson,Actor/Actress,Michigan,United States,52,8,Eliminated Week 5,9,10,5.0,False,False,3,0.0,0.0
Steve Wozniak,Karina Smirnoff,Entrepreneur,California,United States,58,8,Eliminated Week 4,10,10,4.0,False,False,3,0.0,0.0
Holly Madison,Dmitry Chaplin,TV Personality,Oregon,United States,30,8,Eliminated Week 4,11,10,4.0,False,False,3,0.0,0.0
Denise Richards,Maksim Chmerkoskiy,Actor/Actress,Illinois,United States,38,8,Eliminated Week 3,12,10,3.0,False,False,3,0.0,0.0
Belinda Carlisle,Jonathan Roberts,Singer/Rapper,California,United States,50,8,Eliminated Week 2,13,10,2.0,False,False,3,0.0,0.0
Shawn Johnson,Mark Ballas,Athlete,Iowa,United States,17,8,1st Place,1,11,,False,True,3,30.0,10.0
Gilles Marini,Cheryl Burke,Actor/Actress,,France,33,8,2nd Place,2,11,,False,True,3,29.0,9.666666666666666
Melissa Rycroft,Tony Dovolani,TV Personality,Texas,United States,26,8,3rd Place,3,11,,False,True,3,28.5,9.5
Ty Murray,Chelsie Hightower,Athlete,Arizona,United States,39,8,Eliminated Week 10,4,11,10.0,False,False,3,0.0,0.0
Lil' Kim,Derek Hough,Singer/Rapper,New York,United States,34,8,Eliminated Week 9,5,11,9.0,False,False,3,0.0,0.0
Chuck Wicks,Julianne Hough,Singer/Rapper,Delaware,United States,29,8,Eliminated Week 8,6,11,8.0,False,False,3,0.0,0.0
Lawrence Taylor,Edyta Sliwinska,Athlete,Virginia,United States,50,8,Eliminated Week 7,7,11,7.0,False,False,3,0.0,0.0
Steve-O,Lacey Schwimmer,TV Personality,,England,34,8,Eliminated Week 6,8,11,6.0,False,False,3,0.0,0.0
David Alan Grier,Kym Johnson,Actor/Actress,Michigan,United States,52,8,Eliminated Week 5,9,11,5.0,False,False,3,0.0,0.0
Steve Wozniak,Karina Smirnoff,Entrepreneur,California,United States,58,8,Eliminated Week 4,10,11,4.0,False,False,3,0.0,0.0
Holly Madison,Dmitry Chaplin,TV Personality,Oregon,United States,30,8,Eliminated Week 4,11,11,4.0,False,False,3,0.0,0.0
Denise Richards,Maksim Chmerkoskiy,Actor/Actress,Illinois,United States,38,8,Eliminated Week 3,12,11,3.0,False,False,3,0.0,0.0
Belinda Carlisle,Jonathan Roberts,Singer/Rapper,California,United States,50,8,Eliminated Week 2,13,11,2.0,False,False,3,0.0,0.0
Donny Osmond,Kym Johnson,Singer/Rapper,Utah,United States,51,9,1st Place,1,1,,False,True,3,29.999899999999997,9.999966666666666
Mya,Dmitry Chaplin,Singer/Rapper,Washington D.C.,United States,29,9,2nd Place,2,1,,False,True,3,30.999899999999997,10.3333
Kelly Osbourne,Louis van Amstel,TV Personality,,England,24,9,3rd Place,3,1,,False,True,3,30.9998,10.333266666666667
Joanna Krupa,Derek Hough,Model,,Poland,30,9,Eliminated Week 9,4,1,9.0,False,True,3,33.9999,11.3333
Aaron Carter,Karina Smirnoff,Singer/Rapper,Florida,United States,21,9,Eliminated Week 8,5,1,8.0,False,True,3,31.999899999999997,10.666633333333332
Mark Dacascos,Lacey Schwimmer,Actor/Actress,Hawaii,United States,45,9,Eliminated Week 7,6,1,7.0,False,True,3,28.9998,9.6666
Michael Irvin,Anna Demidova,Athlete,Florida,United States,43,9,Eliminated Week 7,7,1,7.0,False,True,3,19.0,6.333333333333333
Louie Vito,Chelsie Hightower,Athlete,Ohio,United States,21,9,Eliminated Week 6,8,1,6.0,False,True,3,26.9998,8.999933333333333
Melissa Joan Hart,Mark Ballas,Actor/Actress,New York,United States,33,9,Eliminated Week 6,9,1,6.0,False,True,3,24.0,8.0
Natalie Coughlin,Alec Mazo,Athlete,California,United States,27,9,Eliminated Week 5,10,1,5.0,False,True,3,26.9998,8.999933333333333
Chuck Liddell,Anna Trebunskaya,Athlete,California,United States,39,9,Eliminated Week 4,11,1,4.0,False,True,3,22.0,7.333333333333333
Debi Mazar,Maksim Chmerkoskiy,Actor/Actress,New York,United States,45,9,Eliminated Week 3,12,1,3.0,False,True,3,22.0,7.333333333333333
Tom DeLay,Cheryl Burke,Politician,Texas,United States,62,9,Withdrew,13,1,,False,True,3,19.9999,6.666633333333333
Kathy Ireland,Tony Dovolani,Model,California,United States,46,9,Eliminated Week 2,14,1,2.0,False,True,3,19.9999,6.666633333333333
Macy Gray,Jonathan Roberts,Singer/Rapper,Ohio,United States,42,9,Eliminated Week 1,15,1,1.0,True,True,3,18.9999,6.3333
Ashley Hamiliton,Edyta Sliwinska,Actor/Actress,California,United States,34,9,Eliminated Week 1,16,1,1.0,True,True,3,18.9999,6.3333
Donny Osmond,Kym Johnson,Singer/Rapper,Utah,United States,51,9,1st Place,1,2,,False,True,3,25.0,8.333333333333334
Mya,Dmitry Chaplin,Singer/Rapper,Washington D.C.,United States,29,9,2nd Place,2,2,,False,True,3,27.0,9.0
Kelly Osbourne,Louis van Amstel,TV Personality,,England,24,9,3rd Place,3,2,,False,True,3,19.0,6.333333333333333
Joanna Krupa,Derek Hough,Model,,Poland,30,9,Eliminated Week 9,4,2,9.0,False,True,3,20.0,6.666666666666667
Aaron Carter,Karina Smirnoff,Singer/Rapper,Florida,United States,21,9,Eliminated Week 8,5,2,8.0,False,True,3,27.0,9.0
Mark Dacascos,Lacey Schwimmer,Actor/Actress,Hawaii,United States,45,9,Eliminated Week 7,6,2,7.0,False,True,3,21.0,7.0
Michael Irvin,Anna Demidova,Athlete,Florida,United States,43,9,Eliminated Week 7,7,2,7.0,False,True,3,20.0,6.666666666666667
Louie Vito,Chelsie Hightower,Athlete,Ohio,United States,21,9,Eliminated Week 6,8,2,6.0,False,True,3,19.0,6.333333333333333
Melissa Joan Hart,Mark Ballas,Actor/Actress,New York,United States,33,9,Eliminated Week 6,9,2,6.0,False,True,3,19.0,6.333333333333333
Natalie Coughlin,Alec Mazo,Athlete,California,United States,27,9,Eliminated Week 5,10,2,5.0,False,True,3,21.0,7.0
Chuck Liddell,Anna Trebunskaya,Athlete,California,United States,39,9,Eliminated Week 4,11,2,4.0,False,True,3,19.0,6.333333333333333
Debi Mazar,Maksim Chmerkoskiy,Actor/Actress,New York,United States,45,9,Eliminated Week 3,12,2,3.0,False,True,3,21.0,7.0
Tom DeLay,Cheryl Burke,Politician,Texas,United States,62,9,Withdrew,13,2,,False,True,3,18.0,6.0
Kathy Ireland,Tony Dovolani,Model,California,United States,46,9,Eliminated Week 2,14,2,2.0,True,True,3,18.0,6.0
Macy Gray,Jonathan Roberts,Singer/Rapper,Ohio,United States,42,9,Eliminated Week 1,15,2,1.0,False,False,3,0.0,0.0
Ashley Hamiliton,Edyta Sliwinska,Actor/Actress,California,United States,34,9,Eliminated Week 1,16,2,1.0,False,False,3,0.0,0.0
Donny Osmond,Kym Johnson,Singer/Rapper,Utah,United States,51,9,1st Place,1,3,,False,True,3,21.0,7.0
Mya,Dmitry Chaplin,Singer/Rapper,Washington D.C.,United States,29,9,2nd Place,2,3,,False,True,3,27.0,9.0
Kelly Osbourne,Louis van Amstel,TV Personality,,England,24,9,3rd Place,3,3,,False,True,3,20.0,6.666666666666667
Joanna Krupa,Derek Hough,Model,,Poland,30,9,Eliminated Week 9,4,3,9.0,False,True,3,23.0,7.666666666666667
Aaron Carter,Karina Smirnoff,Singer/Rapper,Florida,United States,21,9,Eliminated Week 8,5,3,8.0,False,True,3,21.0,7.0
Mark Dacascos,Lacey Schwimmer,Actor/Actress,Hawaii,United States,45,9,Eliminated Week 7,6,3,7.0,False,True,3,18.0,6.0
Michael Irvin,Anna Demidova,Athlete,Florida,United States,43,9,Eliminated Week 7,7,3,7.0,False,True,3,14.0,4.666666666666667
Louie Vito,Chelsie Hightower,Athlete,Ohio,United States,21,9,Eliminated Week 6,8,3,6.0,False,True,3,20.0,6.666666666666667
Melissa Joan Hart,Mark Ballas,Actor/Actress,New York,United States,33,9,Eliminated Week 6,9,3,6.0,False,True,3,19.0,6.333333333333333
Natalie Coughlin,Alec Mazo,Athlete,California,United States,27,9,Eliminated Week 5,10,3,5.0,False,True,3,26.0,8.666666666666666
Chuck Liddell,Anna Trebunskaya,Athlete,California,United States,39,9,Eliminated Week 4,11,3,4.0,False,True,3,17.0,5.666666666666667
Debi Mazar,Maksim Chmerkoskiy,Actor/Actress,New York,United States,45,9,Eliminated Week 3,12,3,3.0,True,True,3,17.0,5.666666666666667
Tom DeLay,Cheryl Burke,Politician,Texas,United States,62,9,Withdrew,13,3,,False,True,3,15.0,5.0
Kathy Ireland,Tony Dovolani,Model,California,United States,46,9,Eliminated Week 2,14,3,2.0,False,False,3,0.0,0.0
Macy Gray,Jonathan Roberts,Singer/Rapper,Ohio,United States,42,9,Eliminated Week 1,15,3,1.0,False,False,3,0.0,0.0
Ashley Hamiliton,Edyta Sliwinska,Actor/Actress,California,United States,34,9,Eliminated Week 1,16,3,1.0,False,False,3,0.0,0.0
Donny Osmond,Kym Johnson,Singer/Rapper,Utah,United States,51,9,1st Place,1,4,,False,True,3,24.0,8.0
Mya,Dmitry Chaplin,Singer/Rapper,Washington D.C.,United States,29,9,2nd Place,2,4,,False,True,3,28.0,9.333333333333334
Kelly Osbourne,Louis van Amstel,TV Personality,,England,24,9,3rd Place,3,4,,False,True,3,23.0,7.666666666666667
Joanna Krupa,Derek Hough,Model,,Poland,30,9,Eliminated Week 9,4,4,9.0,False,True,3,26.0,8.666666666666666
Aaron Carter,Karina Smirnoff,Singer/Rapper,Florida,United States,21,9,Eliminated Week 8,5,4,8.0,False,True,3,18.0,6.0
Mark Dacascos,Lacey Schwimmer,Actor/Actress,Hawaii,United States,45,9,Eliminated Week 7,6,4,7.0,False,True,3,22.0,7.333333333333333
Michael Irvin,Anna Demidova,Athlete,Florida,United States,43,9,Eliminated Week 7,7,4,7.0,False,True,3,16.0,5.333333333333333
Louie Vito,Chelsie Hightower,Athlete,Ohio,United States,21,9,Eliminated Week 6,8,4,6.0,False,True,3,16.0,5.333333333333333
Melissa Joan Hart,Mark Ballas,Actor/Actress,New York,United States,33,9,Eliminated Week 6,9,4,6.0,False,True,3,28.0,9.333333333333334
Natalie Coughlin,Alec Mazo,Athlete,California,United States,27,9,Eliminated Week 5,10,4,5.0,False,True,3,24.0,8.0
Chuck Liddell,Anna Trebunskaya,Athlete,California,United States,39,9,Eliminated Week 4,11,4,4.0,True,True,3,17.0,5.666666666666667
Debi Mazar,Maksim Chmerkoskiy,Actor/Actress,New York,United States,45,9,Eliminated Week 3,12,4,3.0,False,False,3,0.0,0.0
Tom DeLay,Cheryl Burke,Politician,Texas,United States,62,9,Withdrew,13,4,,False,False,3,0.0,0.0
Kathy Ireland,Tony Dovolani,Model,California,United States,46,9,Eliminated Week 2,14,4,2.0,False,False,3,0.0,0.0
Macy Gray,Jonathan Roberts,Singer/Rapper,Ohio,United States,42,9,Eliminated Week 1,15,4,1.0,False,False,3,0.0,0.0
Ashley Hamiliton,Edyta Sliwinska,Actor/Actress,California,United States,34,9,Eliminated Week 1,16,4,1.0,False,False,3,0.0,0.0
Donny Osmond,Kym Johnson,Singer/Rapper,Utah,United States,51,9,1st Place,1,5,,False,True,3,29.0,9.666666666666666
Mya,Dmitry Chaplin,Singer/Rapper,Washington D.C.,United States,29,9,2nd Place,2,5,,False,True,3,27.0,9.0
Kelly Osbourne,Louis van Amstel,TV Personality,,England,24,9,3rd Place,3,5,,False,True,3,24.0,8.0
Joanna Krupa,Derek Hough,Model,,Poland,30,9,Eliminated Week 9,4,5,9.0,False,True,3,24.0,8.0
Aaron Carter,Karina Smirnoff,Singer/Rapper,Florida,United States,21,9,Eliminated Week 8,5,5,8.0,False,True,3,24.0,8.0
Mark Dacascos,Lacey Schwimmer,Actor/Actress,Hawaii,United States,45,9,Eliminated Week 7,6,5,7.0,False,True,3,26.0,8.666666666666666
Michael Irvin,Anna Demidova,Athlete,Florida,United States,43,9,Eliminated Week 7,7,5,7.0,False,True,3,21.0,7.0
Louie Vito,Chelsie Hightower,Athlete,Ohio,United States,21,9,Eliminated Week 6,8,5,6.0,False,True,3,22.0,7.333333333333333
Melissa Joan Hart,Mark Ballas,Actor/Actress,New York,United States,33,9,Eliminated Week 6,9,5,6.0,False,True,3,23.0,7.666666666666667
Natalie Coughlin,Alec Mazo,Athlete,California,United States,27,9,Eliminated Week 5,10,5,5.0,True,True,3,22.0,7.333333333333333
Chuck Liddell,Anna Trebunskaya,Athlete,California,United States,39,9,Eliminated Week 4,11,5,4.0,False,False,3,0.0,0.0
Debi Mazar,Maksim Chmerkoskiy,Actor/Actress,New York,United States,45,9,Eliminated Week 3,12,5,3.0,False,False,3,0.0,0.0
Tom DeLay,Cheryl Burke,Politician,Texas,United States,62,9,Withdrew,13,5,,False,False,3,0.0,0.0
Kathy Ireland,Tony Dovolani,Model,California,United States,46,9,Eliminated Week 2,14,5,2.0,False,False,3,0.0,0.0
Macy Gray,Jonathan Roberts,Singer/Rapper,Ohio,United States,42,9,Eliminated Week 1,15,5,1.0,False,False,3,0.0,0.0
Ashley Hamiliton,Edyta Sliwinska,Actor/Actress,California,United States,34,9,Eliminated Week 1,16,5,1.0,False,False,3,0.0,0.0
Donny Osmond,Kym Johnson,Singer/Rapper,Utah,United States,51,9,1st Place,1,6,,False,True,3,30.999899999999997,10.3333
Mya,Dmitry Chaplin,Singer/Rapper,Washington D.C.,United States,29,9,2nd Place,2,6,,False,True,3,33.0,11.0
Kelly Osbourne,Louis van Amstel,TV Personality,,England,24,9,3rd Place,3,6,,False,True,3,24.9998,8.333266666666667
Joanna Krupa,Derek Hough,Model,,Poland,30,9,Eliminated Week 9,4,6,9.0,False,True,3,35.9999,11.999966666666666
Aaron Carter,Karina Smirnoff,Singer/Rapper,Florida,United States,21,9,Eliminated Week 8,5,6,8.0,False,True,3,32.9998,10.999933333333333
Mark Dacascos,Lacey Schwimmer,Actor/Actress,Hawaii,United States,45,9,Eliminated Week 7,6,6,7.0,False,True,3,32.0,10.666666666666666
Michael Irvin,Anna Demidova,Athlete,Florida,United States,43,9,Eliminated Week 7,7,6,7.0,False,True,3,21.9998,7.333266666666667
Louie Vito,Chelsie Hightower,Athlete,Ohio,United States,21,9,Eliminated Week 6,8,6,6.0,True,True,3,24.0,8.0
Melissa Joan Hart,Mark Ballas,Actor/Actress,New York,United States,33,9,Eliminated Week 6,9,6,6.0,True,True,3,23.9999,7.9999666666666664
Natalie Coughlin,Alec Mazo,Athlete,California,United States,27,9,Eliminated Week 5,10,6,5.0,False,False,3,0.0,0.0
Chuck Liddell,Anna Trebunskaya,Athlete,California,United States,39,9,Eliminated Week 4,11,6,4.0,False,False,3,0.0,0.0
Debi Mazar,Maksim Chmerkoskiy,Actor/Actress,New York,United States,45,9,Eliminated Week 3,12,6,3.0,False,False,3,0.0,0.0
Tom DeLay,Cheryl Burke,Politician,Texas,United States,62,9,Withdrew,13,6,,False,False,3,0.0,0.0
Kathy Ireland,Tony Dovolani,Model,California,United States,46,9,Eliminated Week 2,14,6,2.0,False,False,3,0.0,0.0
Macy Gray,Jonathan Roberts,Singer/Rapper,Ohio,United States,42,9,Eliminated Week 1,15,6,1.0,False,False,3,0.0,0.0
Ashley Hamiliton,Edyta Sliwinska,Actor/Actress,California,United States,34,9,Eliminated Week 1,16,6,1.0,False,False,3,0.0,0.0
Donny Osmond,Kym Johnson,Singer/Rapper,Utah,United States,51,9,1st Place,1,7,,False,True,3,26.0,8.666666666666666
Mya,Dmitry Chaplin,Singer/Rapper,Washington D.C.,United States,29,9,2nd Place,2,7,,False,True,3,24.5,8.166666666666666
Kelly Osbourne,Louis van Amstel,TV Personality,,England,24,9,3rd Place,3,7,,False,True,3,26.0,8.666666666666666
Joanna Krupa,Derek Hough,Model,,Poland,30,9,Eliminated Week 9,4,7,9.0,False,True,3,27.5,9.166666666666666
Aaron Carter,Karina Smirnoff,Singer/Rapper,Florida,United States,21,9,Eliminated Week 8,5,7,8.0,False,True,3,26.5,8.833333333333334
Mark Dacascos,Lacey Schwimmer,Actor/Actress,Hawaii,United States,45,9,Eliminated Week 7,6,7,7.0,True,True,3,21.5,7.166666666666667
Michael Irvin,Anna Demidova,Athlete,Florida,United States,43,9,Eliminated Week 7,7,7,7.0,True,True,3,23.5,7.833333333333333
Louie Vito,Chelsie Hightower,Athlete,Ohio,United States,21,9,Eliminated Week 6,8,7,6.0,False,False,3,0.0,0.0
Melissa Joan Hart,Mark Ballas,Actor/Actress,New York,United States,33,9,Eliminated Week 6,9,7,6.0,False,False,3,0.0,0.0
Natalie Coughlin,Alec Mazo,Athlete,California,United States,27,9,Eliminated Week 5,10,7,5.0,False,False,3,0.0,0.0
Chuck Liddell,Anna Trebunskaya,Athlete,California,United States,39,9,Eliminated Week 4,11,7,4.0,False,False,3,0.0,0.0
Debi Mazar,Maksim Chmerkoskiy,Actor/Actress,New York,United States,45,9,Eliminated Week 3,12,7,3.0,False,False,3,0.0,0.0
Tom DeLay,Cheryl Burke,Politician,Texas,United States,62,9,Withdrew,13,7,,False,False,3,0.0,0.0
Kathy Ireland,Tony Dovolani,Model,California,United States,46,9,Eliminated Week 2,14,7,2.0,False,False,3,0.0,0.0
Macy Gray,Jonathan Roberts,Singer/Rapper,Ohio,United States,42,9,Eliminated Week 1,15,7,1.0,False,False,3,0.0,0.0
Ashley Hamiliton,Edyta Sliwinska,Actor/Actress,California,United States,34,9,Eliminated Week 1,16,7,1.0,False,False,3,0.0,0.0
Donny Osmond,Kym Johnson,Singer/Rapper,Utah,United States,51,9,1st Place,1,8,,False,True,3,25.0,8.333333333333334
Mya,Dmitry Chaplin,Singer/Rapper,Washington D.C.,United States,29,9,2nd Place,2,8,,False,True,3,29.5,9.833333333333334
Kelly Osbourne,Louis van Amstel,TV Personality,,England,24,9,3rd Place,3,8,,False,True,3,25.5,8.5
Joanna Krupa,Derek Hough,Model,,Poland,30,9,Eliminated Week 9,4,8,9.0,False,True,3,26.0,8.666666666666666
Aaron Carter,Karina Smirnoff,Singer/Rapper,Florida,United States,21,9,Eliminated Week 8,5,8,8.0,True,True,3,25.0,8.333333333333334
Mark Dacascos,Lacey Schwimmer,Actor/Actress,Hawaii,United States,45,9,Eliminated Week 7,6,8,7.0,False,False,3,0.0,0.0
Michael Irvin,Anna Demidova,Athlete,Florida,United States,43,9,Eliminated Week 7,7,8,7.0,False,False,3,0.0,0.0
Louie Vito,Chelsie Hightower,Athlete,Ohio,United States,21,9,Eliminated Week 6,8,8,6.0,False,False,3,0.0,0.0
Melissa Joan Hart,Mark Ballas,Actor/Actress,New York,United States,33,9,Eliminated Week 6,9,8,6.0,False,False,3,0.0,0.0
Natalie Coughlin,Alec Mazo,Athlete,California,United States,27,9,Eliminated Week 5,10,8,5.0,False,False,3,0.0,0.0
Chuck Liddell,Anna Trebunskaya,Athlete,California,United States,39,9,Eliminated Week 4,11,8,4.0,False,False,3,0.0,0.0
Debi Mazar,Maksim Chmerkoskiy,Actor/Actress,New York,United States,45,9,Eliminated Week 3,12,8,3.0,False,False,3,0.0,0.0
Tom DeLay,Cheryl Burke,Politician,Texas,United States,62,9,Withdrew,13,8,,False,False,3,0.0,0.0
Kathy Ireland,Tony Dovolani,Model,California,United States,46,9,Eliminated Week 2,14,8,2.0,False,False,3,0.0,0.0
Macy Gray,Jonathan Roberts,Singer/Rapper,Ohio,United States,42,9,Eliminated Week 1,15,8,1.0,False,False,3,0.0,0.0
Ashley Hamiliton,Edyta Sliwinska,Actor/Actress,California,United States,34,9,Eliminated Week 1,16,8,1.0,False,False,3,0.0,0.0
Donny Osmond,Kym Johnson,Singer/Rapper,Utah,United States,51,9,1st Place,1,9,,False,True,3,24.666600000000003,8.2222
Mya,Dmitry Chaplin,Singer/Rapper,Washington D.C.,United States,29,9,2nd Place,2,9,,False,True,3,28.9999,9.666633333333333
Kelly Osbourne,Louis van Amstel,TV Personality,,England,24,9,3rd Place,3,9,,False,True,3,25.9998,8.6666
Joanna Krupa,Derek Hough,Model,,Poland,30,9,Eliminated Week 9,4,9,9.0,True,True,3,27.0,9.0
Aaron Carter,Karina Smirnoff,Singer/Rapper,Florida,United States,21,9,Eliminated Week 8,5,9,8.0,False,False,3,0.0,0.0
Mark Dacascos,Lacey Schwimmer,Actor/Actress,Hawaii,United States,45,9,Eliminated Week 7,6,9,7.0,False,False,3,0.0,0.0
Michael Irvin,Anna Demidova,Athlete,Florida,United States,43,9,Eliminated Week 7,7,9,7.0,False,False,3,0.0,0.0
Louie Vito,Chelsie Hightower,Athlete,Ohio,United States,21,9,Eliminated Week 6,8,9,6.0,False,False,3,0.0,0.0
Melissa Joan Hart,Mark Ballas,Actor/Actress,New York,United States,33,9,Eliminated Week 6,9,9,6.0,False,False,3,0.0,0.0
Natalie Coughlin,Alec Mazo,Athlete,California,United States,27,9,Eliminated Week 5,10,9,5.0,False,False,3,0.0,0.0
Chuck Liddell,Anna Trebunskaya,Athlete,California,United States,39,9,Eliminated Week 4,11,9,4.0,False,False,3,0.0,0.0
Debi Mazar,Maksim Chmerkoskiy,Actor/Actress,New York,United States,45,9,Eliminated Week 3,12,9,3.0,False,False,3,0.0,0.0
Tom DeLay,Cheryl Burke,Politician,Texas,United States,62,9,Withdrew,13,9,,False,False,3,0.0,0.0
Kathy Ireland,Tony Dovolani,Model,California,United States,46,9,Eliminated Week 2,14,9,2.0,False,False,3,0.0,0.0
Macy Gray,Jonathan Roberts,Singer/Rapper,Ohio,United States,42,9,Eliminated Week 1,15,9,1.0,False,False,3,0.0,0.0
Ashley Hamiliton,Edyta Sliwinska,Actor/Actress,California,United States,34,9,Eliminated Week 1,16,9,1.0,False,False,3,0.0,0.0
Donny Osmond,Kym Johnson,Singer/Rapper,Utah,United States,51,9,1st Place,1,10,,False,True,3,28.9998,9.6666
Mya,Dmitry Chaplin,Singer/Rapper,Washington D.C.,United States,29,9,2nd Place,2,10,,False,True,3,28.333199999999998,9.4444
Kelly Osbourne,Louis van Amstel,TV Personality,,England,24,9,3rd Place,3,10,,False,True,3,25.2222,8.4074
Joanna Krupa,Derek Hough,Model,,Poland,30,9,Eliminated Week 9,4,10,9.0,False,False,3,0.0,0.0
Aaron Carter,Karina Smirnoff,Singer/Rapper,Florida,United States,21,9,Eliminated Week 8,5,10,8.0,False,False,3,0.0,0.0
Mark Dacascos,Lacey Schwimmer,Actor/Actress,Hawaii,United States,45,9,Eliminated Week 7,6,10,7.0,False,False,3,0.0,0.0
Michael Irvin,Anna Demidova,Athlete,Florida,United States,43,9,Eliminated Week 7,7,10,7.0,False,False,3,0.0,0.0
Louie Vito,Chelsie Hightower,Athlete,Ohio,United States,21,9,Eliminated Week 6,8,10,6.0,False,False,3,0.0,0.0
Melissa Joan Hart,Mark Ballas,Actor/Actress,New York,United States,33,9,Eliminated Week 6,9,10,6.0,False,False,3,0.0,0.0
Natalie Coughlin,Alec Mazo,Athlete,California,United States,27,9,Eliminated Week 5,10,10,5.0,False,False,3,0.0,0.0
Chuck Liddell,Anna Trebunskaya,Athlete,California,United States,39,9,Eliminated Week 4,11,10,4.0,False,False,3,0.0,0.0
Debi Mazar,Maksim Chmerkoskiy,Actor/Actress,New York,United States,45,9,Eliminated Week 3,12,10,3.0,False,False,3,0.0,0.0
Tom DeLay,Cheryl Burke,Politician,Texas,United States,62,9,Withdrew,13,10,,False,False,3,0.0,0.0
Kathy Ireland,Tony Dovolani,Model,California,United States,46,9,Eliminated Week 2,14,10,2.0,False,False,3,0.0,0.0
Macy Gray,Jonathan Roberts,Singer/Rapper,Ohio,United States,42,9,Eliminated Week 1,15,10,1.0,False,False,3,0.0,0.0
Ashley Hamiliton,Edyta Sliwinska,Actor/Actress,California,United States,34,9,Eliminated Week 1,16,10,1.0,False,False,3,0.0,0.0
Nicole Scherzinger,Derek Hough,Singer/Rapper,Hawaii,United States,31,10,1st Place,1,1,,False,True,3,25.0,8.333333333333334
Evan Lysacek,Anna Trebunskaya,Athlete,Illinois,United States,24,10,2nd Place,2,1,,False,True,3,23.0,7.666666666666667
Erin Andrews,Maksim Chmerkoskiy,Sports Broadcaster,Maine,United States,32,10,3rd Place,3,1,,False,True,3,21.0,7.0
Chad Ochocinco,Cheryl Burke,Athlete,Florida,United States,32,10,Eliminated Week 9,4,1,9.0,False,True,3,18.0,6.0
Niecy Nash,Louis van Amstel,Actor/Actress,California,United States,40,10,Eliminated Week 8,5,1,8.0,False,True,3,18.0,6.0
Pamela Anderson,Damian Whitewood,Model,,Canada,42,10,Eliminated Week 7,6,1,7.0,False,True,3,21.0,7.0
Jake Pavelka,Chelsie Hightower,TV Personality,Texas,United States,32,10,Eliminated Week 6,7,1,6.0,False,True,3,20.0,6.666666666666667
Kate Gosselin,Tony Dovolani,TV Personality,Pennsylvania,United States,35,10,Eliminated Week 5,8,1,5.0,False,True,3,16.0,5.333333333333333
Aiden Turner,Edyta Sliwinska,Actor/Actress,,England,32,10,Eliminated Week 4,9,1,4.0,False,True,3,15.0,5.0
Buzz Aldrin,Ashly DelGrosso,Astronaut,New Jersey,United States,80,10,Eliminated Week 3,10,1,3.0,False,True,3,14.0,4.666666666666667
Shannen Doherty,Mark Ballas,Actor/Actress,Tennessee,United States,38,10,Eliminated Week 2,11,1,2.0,False,True,3,18.0,6.0
Nicole Scherzinger,Derek Hough,Singer/Rapper,Hawaii,United States,31,10,1st Place,1,2,,False,True,3,28.0,9.333333333333334
Evan Lysacek,Anna Trebunskaya,Athlete,Illinois,United States,24,10,2nd Place,2,2,,False,True,3,24.0,8.0
Erin Andrews,Maksim Chmerkoskiy,Sports Broadcaster,Maine,United States,32,10,3rd Place,3,2,,False,True,3,23.0,7.666666666666667
Chad Ochocinco,Cheryl Burke,Athlete,Florida,United States,32,10,Eliminated Week 9,4,2,9.0,False,True,3,16.0,5.333333333333333
Niecy Nash,Louis van Amstel,Actor/Actress,California,United States,40,10,Eliminated Week 8,5,2,8.0,False,True,3,21.0,7.0
Pamela Anderson,Damian Whitewood,Model,,Canada,42,10,Eliminated Week 7,6,2,7.0,False,True,3,22.0,7.333333333333333
Jake Pavelka,Chelsie Hightower,TV Personality,Texas,United States,32,10,Eliminated Week 6,7,2,6.0,False,True,3,20.0,6.666666666666667
Kate Gosselin,Tony Dovolani,TV Personality,Pennsylvania,United States,35,10,Eliminated Week 5,8,2,5.0,False,True,3,15.0,5.0
Aiden Turner,Edyta Sliwinska,Actor/Actress,,England,32,10,Eliminated Week 4,9,2,4.0,False,True,3,19.0,6.333333333333333
Buzz Aldrin,Ashly DelGrosso,Astronaut,New Jersey,United States,80,10,Eliminated Week 3,10,2,3.0,False,True,3,12.0,4.0
Shannen Doherty,Mark Ballas,Actor/Actress,Tennessee,United States,38,10,Eliminated Week 2,11,2,2.0,True,True,3,20.0,6.666666666666667
Nicole Scherzinger,Derek Hough,Singer/Rapper,Hawaii,United States,31,10,1st Place,1,3,,False,True,3,23.0,7.666666666666667
Evan Lysacek,Anna Trebunskaya,Athlete,Illinois,United States,24,10,2nd Place,2,3,,False,True,3,26.0,8.666666666666666
Erin Andrews,Maksim Chmerkoskiy,Sports Broadcaster,Maine,United States,32,10,3rd Place,3,3,,False,True,3,23.0,7.666666666666667
Chad Ochocinco,Cheryl Burke,Athlete,Florida,United States,32,10,Eliminated Week 9,4,3,9.0,False,True,3,20.0,6.666666666666667
Niecy Nash,Louis van Amstel,Actor/Actress,California,United States,40,10,Eliminated Week 8,5,3,8.0,False,True,3,21.0,7.0
Pamela Anderson,Damian Whitewood,Model,,Canada,42,10,Eliminated Week 7,6,3,7.0,False,True,3,21.0,7.0
Jake Pavelka,Chelsie Hightower,TV Personality,Texas,United States,32,10,Eliminated Week 6,7,3,6.0,False,True,3,21.0,7.0
Kate Gosselin,Tony Dovolani,TV Personality,Pennsylvania,United States,35,10,Eliminated Week 5,8,3,5.0,False,True,3,15.0,5.0
Aiden Turner,Edyta Sliwinska,Actor/Actress,,England,32,10,Eliminated Week 4,9,3,4.0,False,True,3,20.0,6.666666666666667
Buzz Aldrin,Ashly DelGrosso,Astronaut,New Jersey,United States,80,10,Eliminated Week 3,10,3,3.0,True,True,3,13.0,4.333333333333333
Shannen Doherty,Mark Ballas,Actor/Actress,Tennessee,United States,38,10,Eliminated Week 2,11,3,2.0,False,False,3,0.0,0.0
Nicole Scherzinger,Derek Hough,Singer/Rapper,Hawaii,United States,31,10,1st Place,1,4,,False,True,3,25.0,8.333333333333334
Evan Lysacek,Anna Trebunskaya,Athlete,Illinois,United States,24,10,2nd Place,2,4,,False,True,3,26.0,8.666666666666666
Erin Andrews,Maksim Chmerkoskiy,Sports Broadcaster,Maine,United States,32,10,3rd Place,3,4,,False,True,3,19.5,6.5
Chad Ochocinco,Cheryl Burke,Athlete,Florida,United States,32,10,Eliminated Week 9,4,4,9.0,False,True,3,22.0,7.333333333333333
Niecy Nash,Louis van Amstel,Actor/Actress,California,United States,40,10,Eliminated Week 8,5,4,8.0,False,True,3,18.0,6.0
Pamela Anderson,Damian Whitewood,Model,,Canada,42,10,Eliminated Week 7,6,4,7.0,False,True,3,23.5,7.833333333333333
Jake Pavelka,Chelsie Hightower,TV Personality,Texas,United States,32,10,Eliminated Week 6,7,4,6.0,False,True,3,19.0,6.333333333333333
Kate Gosselin,Tony Dovolani,TV Personality,Pennsylvania,United States,35,10,Eliminated Week 5,8,4,5.0,False,True,3,16.0,5.333333333333333
Aiden Turner,Edyta Sliwinska,Actor/Actress,,England,32,10,Eliminated Week 4,9,4,4.0,True,True,3,16.5,5.5
Buzz Aldrin,Ashly DelGrosso,Astronaut,New Jersey,United States,80,10,Eliminated Week 3,10,4,3.0,False,False,3,0.0,0.0
Shannen Doherty,Mark Ballas,Actor/Actress,Tennessee,United States,38,10,Eliminated Week 2,11,4,2.0,False,False,3,0.0,0.0
Nicole Scherzinger,Derek Hough,Singer/Rapper,Hawaii,United States,31,10,1st Place,1,5,,False,True,3,29.0,9.666666666666666
Evan Lysacek,Anna Trebunskaya,Athlete,Illinois,United States,24,10,2nd Place,2,5,,False,True,3,27.0,9.0
Erin Andrews,Maksim Chmerkoskiy,Sports Broadcaster,Maine,United States,32,10,3rd Place,3,5,,False,True,3,22.0,7.333333333333333
Chad Ochocinco,Cheryl Burke,Athlete,Florida,United States,32,10,Eliminated Week 9,4,5,9.0,False,True,3,18.0,6.0
Niecy Nash,Louis van Amstel,Actor/Actress,California,United States,40,10,Eliminated Week 8,5,5,8.0,False,True,3,18.0,6.0
Pamela Anderson,Damian Whitewood,Model,,Canada,42,10,Eliminated Week 7,6,5,7.0,False,True,3,21.0,7.0
Jake Pavelka,Chelsie Hightower,TV Personality,Texas,United States,32,10,Eliminated Week 6,7,5,6.0,False,True,3,23.0,7.666666666666667
Kate Gosselin,Tony Dovolani,TV Personality,Pennsylvania,United States,35,10,Eliminated Week 5,8,5,5.0,True,True,3,15.0,5.0
Aiden Turner,Edyta Sliwinska,Actor/Actress,,England,32,10,Eliminated Week 4,9,5,4.0,False,False,3,0.0,0.0
Buzz Aldrin,Ashly DelGrosso,Astronaut,New Jersey,United States,80,10,Eliminated Week 3,10,5,3.0,False,False,3,0.0,0.0
Shannen Doherty,Mark Ballas,Actor/Actress,Tennessee,United States,38,10,Eliminated Week 2,11,5,2.0,False,False,3,0.0,0.0
Nicole Scherzinger,Derek Hough,Singer/Rapper,Hawaii,United States,31,10,1st Place,1,6,,False,True,3,35.9999,11.999966666666666
Evan Lysacek,Anna Trebunskaya,Athlete,Illinois,United States,24,10,2nd Place,2,6,,False,True,3,27.0,9.0
Erin Andrews,Maksim Chmerkoskiy,Sports Broadcaster,Maine,United States,32,10,3rd Place,3,6,,False,True,3,34.0,11.333333333333334
Chad Ochocinco,Cheryl Burke,Athlete,Florida,United States,32,10,Eliminated Week 9,4,6,9.0,False,True,3,30.999899999999997,10.3333
Niecy Nash,Louis van Amstel,Actor/Actress,California,United States,40,10,Eliminated Week 8,5,6,8.0,False,True,3,25.9998,8.6666
Pamela Anderson,Damian Whitewood,Model,,Canada,42,10,Eliminated Week 7,6,6,7.0,False,True,3,29.9998,9.999933333333333
Jake Pavelka,Chelsie Hightower,TV Personality,Texas,United States,32,10,Eliminated Week 6,7,6,6.0,True,True,3,24.999899999999997,8.3333
Kate Gosselin,Tony Dovolani,TV Personality,Pennsylvania,United States,35,10,Eliminated Week 5,8,6,5.0,False,False,3,0.0,0.0
Aiden Turner,Edyta Sliwinska,Actor/Actress,,England,32,10,Eliminated Week 4,9,6,4.0,False,False,3,0.0,0.0
Buzz Aldrin,Ashly DelGrosso,Astronaut,New Jersey,United States,80,10,Eliminated Week 3,10,6,3.0,False,False,3,0.0,0.0
Shannen Doherty,Mark Ballas,Actor/Actress,Tennessee,United States,38,10,Eliminated Week 2,11,6,2.0,False,False,3,0.0,0.0
Nicole Scherzinger,Derek Hough,Singer/Rapper,Hawaii,United States,31,10,1st Place,1,7,,False,True,3,27.0,9.0
Evan Lysacek,Anna Trebunskaya,Athlete,Illinois,United States,24,10,2nd Place,2,7,,False,True,3,27.0,9.0
Erin Andrews,Maksim Chmerkoskiy,Sports Broadcaster,Maine,United States,32,10,3rd Place,3,7,,False,True,3,25.5,8.5
Chad Ochocinco,Cheryl Burke,Athlete,Florida,United States,32,10,Eliminated Week 9,4,7,9.0,False,True,3,26.0,8.666666666666666
Niecy Nash,Louis van Amstel,Actor/Actress,California,United States,40,10,Eliminated Week 8,5,7,8.0,False,True,3,24.5,8.166666666666666
Pamela Anderson,Damian Whitewood,Model,,Canada,42,10,Eliminated Week 7,6,7,7.0,True,True,3,25.5,8.5
Jake Pavelka,Chelsie Hightower,TV Personality,Texas,United States,32,10,Eliminated Week 6,7,7,6.0,False,False,3,0.0,0.0
Kate Gosselin,Tony Dovolani,TV Personality,Pennsylvania,United States,35,10,Eliminated Week 5,8,7,5.0,False,False,3,0.0,0.0
Aiden Turner,Edyta Sliwinska,Actor/Actress,,England,32,10,Eliminated Week 4,9,7,4.0,False,False,3,0.0,0.0
Buzz Aldrin,Ashly DelGrosso,Astronaut,New Jersey,United States,80,10,Eliminated Week 3,10,7,3.0,False,False,3,0.0,0.0
Shannen Doherty,Mark Ballas,Actor/Actress,Tennessee,United States,38,10,Eliminated Week 2,11,7,2.0,False,False,3,0.0,0.0
Nicole Scherzinger,Derek Hough,Singer/Rapper,Hawaii,United States,31,10,1st Place,1,8,,False,True,3,29.5,9.833333333333334
Evan Lysacek,Anna Trebunskaya,Athlete,Illinois,United States,24,10,2nd Place,2,8,,False,True,3,26.5,8.833333333333334
Erin Andrews,Maksim Chmerkoskiy,Sports Broadcaster,Maine,United States,32,10,3rd Place,3,8,,False,True,3,26.5,8.833333333333334
Chad Ochocinco,Cheryl Burke,Athlete,Florida,United States,32,10,Eliminated Week 9,4,8,9.0,False,True,3,22.5,7.5
Niecy Nash,Louis van Amstel,Actor/Actress,California,United States,40,10,Eliminated Week 8,5,8,8.0,True,True,3,21.5,7.166666666666667
Pamela Anderson,Damian Whitewood,Model,,Canada,42,10,Eliminated Week 7,6,8,7.0,False,False,3,0.0,0.0
Jake Pavelka,Chelsie Hightower,TV Personality,Texas,United States,32,10,Eliminated Week 6,7,8,6.0,False,False,3,0.0,0.0
Kate Gosselin,Tony Dovolani,TV Personality,Pennsylvania,United States,35,10,Eliminated Week 5,8,8,5.0,False,False,3,0.0,0.0
Aiden Turner,Edyta Sliwinska,Actor/Actress,,England,32,10,Eliminated Week 4,9,8,4.0,False,False,3,0.0,0.0
Buzz Aldrin,Ashly DelGrosso,Astronaut,New Jersey,United States,80,10,Eliminated Week 3,10,8,3.0,False,False,3,0.0,0.0
Shannen Doherty,Mark Ballas,Actor/Actress,Tennessee,United States,38,10,Eliminated Week 2,11,8,2.0,False,False,3,0.0,0.0
Nicole Scherzinger,Derek Hough,Singer/Rapper,Hawaii,United States,31,10,1st Place,1,9,,False,True,3,29.5,9.833333333333334
Evan Lysacek,Anna Trebunskaya,Athlete,Illinois,United States,24,10,2nd Place,2,9,,False,True,3,29.5,9.833333333333334
Erin Andrews,Maksim Chmerkoskiy,Sports Broadcaster,Maine,United States,32,10,3rd Place,3,9,,False,True,3,28.0,9.333333333333334
Chad Ochocinco,Cheryl Burke,Athlete,Florida,United States,32,10,Eliminated Week 9,4,9,9.0,True,True,3,26.0,8.666666666666666
Niecy Nash,Louis van Amstel,Actor/Actress,California,United States,40,10,Eliminated Week 8,5,9,8.0,False,False,3,0.0,0.0
Pamela Anderson,Damian Whitewood,Model,,Canada,42,10,Eliminated Week 7,6,9,7.0,False,False,3,0.0,0.0
Jake Pavelka,Chelsie Hightower,TV Personality,Texas,United States,32,10,Eliminated Week 6,7,9,6.0,False,False,3,0.0,0.0
Kate Gosselin,Tony Dovolani,TV Personality,Pennsylvania,United States,35,10,Eliminated Week 5,8,9,5.0,False,False,3,0.0,0.0
Aiden Turner,Edyta Sliwinska,Actor/Actress,,England,32,10,Eliminated Week 4,9,9,4.0,False,False,3,0.0,0.0
Buzz Aldrin,Ashly DelGrosso,Astronaut,New Jersey,United States,80,10,Eliminated Week 3,10,9,3.0,False,False,3,0.0,0.0
Shannen Doherty,Mark Ballas,Actor/Actress,Tennessee,United States,38,10,Eliminated Week 2,11,9,2.0,False,False,3,0.0,0.0
Nicole Scherzinger,Derek Hough,Singer/Rapper,Hawaii,United States,31,10,1st Place,1,10,,False,True,3,28.7777,9.592566666666666
Evan Lysacek,Anna Trebunskaya,Athlete,Illinois,United States,24,10,2nd Place,2,10,,False,True,3,26.888699999999996,8.9629
Erin Andrews,Maksim Chmerkoskiy,Sports Broadcaster,Maine,United States,32,10,3rd Place,3,10,,False,True,3,26.9998,8.999933333333333
Chad Ochocinco,Cheryl Burke,Athlete,Florida,United States,32,10,Eliminated Week 9,4,10,9.0,False,False,3,0.0,0.0
Niecy Nash,Louis van Amstel,Actor/Actress,California,United States,40,10,Eliminated Week 8,5,10,8.0,False,False,3,0.0,0.0
Pamela Anderson,Damian Whitewood,Model,,Canada,42,10,Eliminated Week 7,6,10,7.0,False,False,3,0.0,0.0
Jake Pavelka,Chelsie Hightower,TV Personality,Texas,United States,32,10,Eliminated Week 6,7,10,6.0,False,False,3,0.0,0.0
Kate Gosselin,Tony Dovolani,TV Personality,Pennsylvania,United States,35,10,Eliminated Week 5,8,10,5.0,False,False,3,0.0,0.0
Aiden Turner,Edyta Sliwinska,Actor/Actress,,England,32,10,Eliminated Week 4,9,10,4.0,False,False,3,0.0,0.0
Buzz Aldrin,Ashly DelGrosso,Astronaut,New Jersey,United States,80,10,Eliminated Week 3,10,10,3.0,False,False,3,0.0,0.0
Shannen Doherty,Mark Ballas,Actor/Actress,Tennessee,United States,38,10,Eliminated Week 2,11,10,2.0,False,False,3,0.0,0.0
Jennifer Grey,Derek Hough,Actor/Actress,New York,United States,50,11,1st Place,1,1,,False,True,3,24.0,8.0
Kyle Massey,Lacey Schwimmer,Actor/Actress,Georgia,United States,19,11,2nd Place,2,1,,False,True,3,23.0,7.666666666666667
Bristol Palin,Mark Ballas,TV Personality,Alaska,United States,19,11,3rd Place,3,1,,False,True,3,18.0,6.0
Brandy,Maksim Chmerkoskiy,Singer/Rapper,Mississippi,United States,31,11,Eliminated Week 9,4,1,9.0,False,True,3,23.0,7.666666666666667
Kurt Warner,Anna Trebunskaya,Athlete,Iowa,United States,39,11,Eliminated Week 8,5,1,8.0,False,True,3,19.0,6.333333333333333
Rick Fox,Cheryl Burke,Athlete,,Canada,41,11,Eliminated Week 7,6,1,7.0,False,True,3,22.0,7.333333333333333
Audrina Patridge,Tony Dovolani,TV Personality,California,United States,25,11,Eliminated Week 6,7,1,6.0,False,True,3,19.0,6.333333333333333
Florence Henderson,Corky Ballas,Actor/Actress,Indiana,United States,76,11,Eliminated Week 5,8,1,5.0,False,True,3,18.0,6.0
The Situation,Karina Smirnoff,TV Personality,New York,United States,28,11,Eliminated Week 4,9,1,4.0,False,True,3,15.0,5.0
Margaret Cho,Louis van Amstel,Comedian,California,United States,41,11,Eliminated Week 3,10,1,3.0,False,True,3,15.0,5.0
Michael Bolton,Chelsie Hightower,Singer/Rapper,Connecticut,United States,57,11,Eliminated Week 2,11,1,2.0,False,True,3,16.0,5.333333333333333
David Hasselhoff,Kym Johnson,Actor/Actress,Maryland,United States,58,11,Eliminated Week 1,12,1,1.0,True,True,3,15.0,5.0
Jennifer Grey,Derek Hough,Actor/Actress,New York,United States,50,11,1st Place,1,2,,False,True,3,24.0,8.0
Kyle Massey,Lacey Schwimmer,Actor/Actress,Georgia,United States,19,11,2nd Place,2,2,,False,True,3,22.0,7.333333333333333
Bristol Palin,Mark Ballas,TV Personality,Alaska,United States,19,11,3rd Place,3,2,,False,True,3,22.0,7.333333333333333
Brandy,Maksim Chmerkoskiy,Singer/Rapper,Mississippi,United States,31,11,Eliminated Week 9,4,2,9.0,False,True,3,21.0,7.0
Kurt Warner,Anna Trebunskaya,Athlete,Iowa,United States,39,11,Eliminated Week 8,5,2,8.0,False,True,3,21.0,7.0
Rick Fox,Cheryl Burke,Athlete,,Canada,41,11,Eliminated Week 7,6,2,7.0,False,True,3,21.0,7.0
Audrina Patridge,Tony Dovolani,TV Personality,California,United States,25,11,Eliminated Week 6,7,2,6.0,False,True,3,23.0,7.666666666666667
Florence Henderson,Corky Ballas,Actor/Actress,Indiana,United States,76,11,Eliminated Week 5,8,2,5.0,False,True,3,19.0,6.333333333333333
The Situation,Karina Smirnoff,TV Personality,New York,United States,28,11,Eliminated Week 4,9,2,4.0,False,True,3,18.0,6.0
Margaret Cho,Louis van Amstel,Comedian,California,United States,41,11,Eliminated Week 3,10,2,3.0,False,True,3,18.0,6.0
Michael Bolton,Chelsie Hightower,Singer/Rapper,Connecticut,United States,57,11,Eliminated Week 2,11,2,2.0,True,True,3,12.0,4.0
David Hasselhoff,Kym Johnson,Actor/Actress,Maryland,United States,58,11,Eliminated Week 1,12,2,1.0,False,False,3,0.0,0.0
Jennifer Grey,Derek Hough,Actor/Actress,New York,United States,50,11,1st Place,1,3,,False,True,3,24.0,8.0
Kyle Massey,Lacey Schwimmer,Actor/Actress,Georgia,United States,19,11,2nd Place,2,3,,False,True,3,23.0,7.666666666666667
Bristol Palin,Mark Ballas,TV Personality,Alaska,United States,19,11,3rd Place,3,3,,False,True,3,19.0,6.333333333333333
Brandy,Maksim Chmerkoskiy,Singer/Rapper,Mississippi,United States,31,11,Eliminated Week 9,4,3,9.0,False,True,3,24.0,8.0
Kurt Warner,Anna Trebunskaya,Athlete,Iowa,United States,39,11,Eliminated Week 8,5,3,8.0,False,True,3,23.0,7.666666666666667
Rick Fox,Cheryl Burke,Athlete,,Canada,41,11,Eliminated Week 7,6,3,7.0,False,True,3,24.0,8.0
Audrina Patridge,Tony Dovolani,TV Personality,California,United States,25,11,Eliminated Week 6,7,3,6.0,False,True,3,26.0,8.666666666666666
Florence Henderson,Corky Ballas,Actor/Actress,Indiana,United States,76,11,Eliminated Week 5,8,3,5.0,False,True,3,20.0,6.666666666666667
The Situation,Karina Smirnoff,TV Personality,New York,United States,28,11,Eliminated Week 4,9,3,4.0,False,True,3,20.0,6.666666666666667
Margaret Cho,Louis van Amstel,Comedian,California,United States,41,11,Eliminated Week 3,10,3,3.0,True,True,3,18.0,6.0
Michael Bolton,Chelsie Hightower,Singer/Rapper,Connecticut,United States,57,11,Eliminated Week 2,11,3,2.0,False,False,3,0.0,0.0
David Hasselhoff,Kym Johnson,Actor/Actress,Maryland,United States,58,11,Eliminated Week 1,12,3,1.0,False,False,3,0.0,0.0
Jennifer Grey,Derek Hough,Actor/Actress,New York,United States,50,11,1st Place,1,4,,False,True,3,28.0,9.333333333333334
Kyle Massey,Lacey Schwimmer,Actor/Actress,Georgia,United States,19,11,2nd Place,2,4,,False,True,3,20.0,6.666666666666667
Bristol Palin,Mark Ballas,TV Personality,Alaska,United States,19,11,3rd Place,3,4,,False,True,3,16.0,5.333333333333333
Brandy,Maksim Chmerkoskiy,Singer/Rapper,Mississippi,United States,31,11,Eliminated Week 9,4,4,9.0,False,True,3,24.0,8.0
Kurt Warner,Anna Trebunskaya,Athlete,Iowa,United States,39,11,Eliminated Week 8,5,4,8.0,False,True,3,17.0,5.666666666666667
Rick Fox,Cheryl Burke,Athlete,,Canada,41,11,Eliminated Week 7,6,4,7.0,False,True,3,19.5,6.5
Audrina Patridge,Tony Dovolani,TV Personality,California,United States,25,11,Eliminated Week 6,7,4,6.0,False,True,3,23.0,7.666666666666667
Florence Henderson,Corky Ballas,Actor/Actress,Indiana,United States,76,11,Eliminated Week 5,8,4,5.0,False,True,3,17.5,5.833333333333333
The Situation,Karina Smirnoff,TV Personality,New York,United States,28,11,Eliminated Week 4,9,4,4.0,True,True,3,14.0,4.666666666666667
Margaret Cho,Louis van Amstel,Comedian,California,United States,41,11,Eliminated Week 3,10,4,3.0,False,False,3,0.0,0.0
Michael Bolton,Chelsie Hightower,Singer/Rapper,Connecticut,United States,57,11,Eliminated Week 2,11,4,2.0,False,False,3,0.0,0.0
David Hasselhoff,Kym Johnson,Actor/Actress,Maryland,United States,58,11,Eliminated Week 1,12,4,1.0,False,False,3,0.0,0.0
Jennifer Grey,Derek Hough,Actor/Actress,New York,United States,50,11,1st Place,1,5,,False,True,3,25.0,8.333333333333334
Kyle Massey,Lacey Schwimmer,Actor/Actress,Georgia,United States,19,11,2nd Place,2,5,,False,True,3,20.0,6.666666666666667
Bristol Palin,Mark Ballas,TV Personality,Alaska,United States,19,11,3rd Place,3,5,,False,True,3,18.0,6.0
Brandy,Maksim Chmerkoskiy,Singer/Rapper,Mississippi,United States,31,11,Eliminated Week 9,4,5,9.0,False,True,3,27.0,9.0
Kurt Warner,Anna Trebunskaya,Athlete,Iowa,United States,39,11,Eliminated Week 8,5,5,8.0,False,True,3,24.0,8.0
Rick Fox,Cheryl Burke,Athlete,,Canada,41,11,Eliminated Week 7,6,5,7.0,False,True,3,24.0,8.0
Audrina Patridge,Tony Dovolani,TV Personality,California,United States,25,11,Eliminated Week 6,7,5,6.0,False,True,3,23.0,7.666666666666667
Florence Henderson,Corky Ballas,Actor/Actress,Indiana,United States,76,11,Eliminated Week 5,8,5,5.0,True,True,3,21.0,7.0
The Situation,Karina Smirnoff,TV Personality,New York,United States,28,11,Eliminated Week 4,9,5,4.0,False,False,3,0.0,0.0
Margaret Cho,Louis van Amstel,Comedian,California,United States,41,11,Eliminated Week 3,10,5,3.0,False,False,3,0.0,0.0
Michael Bolton,Chelsie Hightower,Singer/Rapper,Connecticut,United States,57,11,Eliminated Week 2,11,5,2.0,False,False,3,0.0,0.0
David Hasselhoff,Kym Johnson,Actor/Actress,Maryland,United States,58,11,Eliminated Week 1,12,5,1.0,False,False,3,0.0,0.0
Jennifer Grey,Derek Hough,Actor/Actress,New York,United States,50,11,1st Place,1,6,,False,True,3,29.0,9.666666666666666
Kyle Massey,Lacey Schwimmer,Actor/Actress,Georgia,United States,19,11,2nd Place,2,6,,False,True,3,29.999899999999997,9.999966666666666
Bristol Palin,Mark Ballas,TV Personality,Alaska,United States,19,11,3rd Place,3,6,,False,True,3,27.9998,9.333266666666667
Brandy,Maksim Chmerkoskiy,Singer/Rapper,Mississippi,United States,31,11,Eliminated Week 9,4,6,9.0,False,True,3,35.9999,11.999966666666666
Kurt Warner,Anna Trebunskaya,Athlete,Iowa,United States,39,11,Eliminated Week 8,5,6,8.0,False,True,3,21.9999,7.3333
Rick Fox,Cheryl Burke,Athlete,,Canada,41,11,Eliminated Week 7,6,6,7.0,False,True,3,30.0,10.0
Audrina Patridge,Tony Dovolani,TV Personality,California,United States,25,11,Eliminated Week 6,7,6,6.0,True,True,3,31.9998,10.6666
Florence Henderson,Corky Ballas,Actor/Actress,Indiana,United States,76,11,Eliminated Week 5,8,6,5.0,False,False,3,0.0,0.0
The Situation,Karina Smirnoff,TV Personality,New York,United States,28,11,Eliminated Week 4,9,6,4.0,False,False,3,0.0,0.0
Margaret Cho,Louis van Amstel,Comedian,California,United States,41,11,Eliminated Week 3,10,6,3.0,False,False,3,0.0,0.0
Michael Bolton,Chelsie Hightower,Singer/Rapper,Connecticut,United States,57,11,Eliminated Week 2,11,6,2.0,False,False,3,0.0,0.0
David Hasselhoff,Kym Johnson,Actor/Actress,Maryland,United States,58,11,Eliminated Week 1,12,6,1.0,False,False,3,0.0,0.0
Jennifer Grey,Derek Hough,Actor/Actress,New York,United States,50,11,1st Place,1,7,,False,True,4,36.5,9.125
Kyle Massey,Lacey Schwimmer,Actor/Actress,Georgia,United States,19,11,2nd Place,2,7,,False,True,4,33.5,8.375
Bristol Palin,Mark Ballas,TV Personality,Alaska,United States,19,11,3rd Place,3,7,,False,True,4,32.5,8.125
Brandy,Maksim Chmerkoskiy,Singer/Rapper,Mississippi,United States,31,11,Eliminated Week 9,4,7,9.0,False,True,4,36.5,9.125
Kurt Warner,Anna Trebunskaya,Athlete,Iowa,United States,39,11,Eliminated Week 8,5,7,8.0,False,True,4,35.0,8.75
Rick Fox,Cheryl Burke,Athlete,,Canada,41,11,Eliminated Week 7,6,7,7.0,True,True,4,34.5,8.625
Audrina Patridge,Tony Dovolani,TV Personality,California,United States,25,11,Eliminated Week 6,7,7,6.0,False,False,4,0.0,0.0
Florence Henderson,Corky Ballas,Actor/Actress,Indiana,United States,76,11,Eliminated Week 5,8,7,5.0,False,False,4,0.0,0.0
The Situation,Karina Smirnoff,TV Personality,New York,United States,28,11,Eliminated Week 4,9,7,4.0,False,False,4,0.0,0.0
Margaret Cho,Louis van Amstel,Comedian,California,United States,41,11,Eliminated Week 3,10,7,3.0,False,False,4,0.0,0.0
Michael Bolton,Chelsie Hightower,Singer/Rapper,Connecticut,United States,57,11,Eliminated Week 2,11,7,2.0,False,False,4,0.0,0.0
David Hasselhoff,Kym Johnson,Actor/Actress,Maryland,United States,58,11,Eliminated Week 1,12,7,1.0,False,False,4,0.0,0.0
Jennifer Grey,Derek Hough,Actor/Actress,New York,United States,50,11,1st Place,1,8,,False,True,3,28.5,9.5
Kyle Massey,Lacey Schwimmer,Actor/Actress,Georgia,United States,19,11,2nd Place,2,8,,False,True,3,28.0,9.333333333333334
Bristol Palin,Mark Ballas,TV Personality,Alaska,United States,19,11,3rd Place,3,8,,False,True,3,23.5,7.833333333333333
Brandy,Maksim Chmerkoskiy,Singer/Rapper,Mississippi,United States,31,11,Eliminated Week 9,4,8,9.0,False,True,3,28.5,9.5
Kurt Warner,Anna Trebunskaya,Athlete,Iowa,United States,39,11,Eliminated Week 8,5,8,8.0,True,True,3,24.0,8.0
Rick Fox,Cheryl Burke,Athlete,,Canada,41,11,Eliminated Week 7,6,8,7.0,False,False,3,0.0,0.0
Audrina Patridge,Tony Dovolani,TV Personality,California,United States,25,11,Eliminated Week 6,7,8,6.0,False,False,3,0.0,0.0
Florence Henderson,Corky Ballas,Actor/Actress,Indiana,United States,76,11,Eliminated Week 5,8,8,5.0,False,False,3,0.0,0.0
The Situation,Karina Smirnoff,TV Personality,New York,United States,28,11,Eliminated Week 4,9,8,4.0,False,False,3,0.0,0.0
Margaret Cho,Louis van Amstel,Comedian,California,United States,41,11,Eliminated Week 3,10,8,3.0,False,False,3,0.0,0.0
Michael Bolton,Chelsie Hightower,Singer/Rapper,Connecticut,United States,57,11,Eliminated Week 2,11,8,2.0,False,False,3,0.0,0.0
David Hasselhoff,Kym Johnson,Actor/Actress,Maryland,United States,58,11,Eliminated Week 1,12,8,1.0,False,False,3,0.0,0.0
Jennifer Grey,Derek Hough,Actor/Actress,New York,United States,50,11,1st Place,1,9,,False,True,3,30.0,10.0
Kyle Massey,Lacey Schwimmer,Actor/Actress,Georgia,United States,19,11,2nd Place,2,9,,False,True,3,29.0,9.666666666666666
Bristol Palin,Mark Ballas,TV Personality,Alaska,United States,19,11,3rd Place,3,9,,False,True,3,26.5,8.833333333333334
Brandy,Maksim Chmerkoskiy,Singer/Rapper,Mississippi,United States,31,11,Eliminated Week 9,4,9,9.0,True,True,3,28.5,9.5
Kurt Warner,Anna Trebunskaya,Athlete,Iowa,United States,39,11,Eliminated Week 8,5,9,8.0,False,False,3,0.0,0.0
Rick Fox,Cheryl Burke,Athlete,,Canada,41,11,Eliminated Week 7,6,9,7.0,False,False,3,0.0,0.0
Audrina Patridge,Tony Dovolani,TV Personality,California,United States,25,11,Eliminated Week 6,7,9,6.0,False,False,3,0.0,0.0
Florence Henderson,Corky Ballas,Actor/Actress,Indiana,United States,76,11,Eliminated Week 5,8,9,5.0,False,False,3,0.0,0.0
The Situation,Karina Smirnoff,TV Personality,New York,United States,28,11,Eliminated Week 4,9,9,4.0,False,False,3,0.0,0.0
Margaret Cho,Louis van Amstel,Comedian,California,United States,41,11,Eliminated Week 3,10,9,3.0,False,False,3,0.0,0.0
Michael Bolton,Chelsie Hightower,Singer/Rapper,Connecticut,United States,57,11,Eliminated Week 2,11,9,2.0,False,False,3,0.0,0.0
David Hasselhoff,Kym Johnson,Actor/Actress,Maryland,United States,58,11,Eliminated Week 1,12,9,1.0,False,False,3,0.0,0.0
Jennifer Grey,Derek Hough,Actor/Actress,New York,United States,50,11,1st Place,1,10,,False,True,3,30.0,10.0
Kyle Massey,Lacey Schwimmer,Actor/Actress,Georgia,United States,19,11,2nd Place,2,10,,False,True,3,27.333199999999998,9.111066666666666
Bristol Palin,Mark Ballas,TV Personality,Alaska,United States,19,11,3rd Place,3,10,,False,True,3,25.666600000000003,8.555533333333335
Brandy,Maksim Chmerkoskiy,Singer/Rapper,Mississippi,United States,31,11,Eliminated Week 9,4,10,9.0,False,False,3,0.0,0.0
Kurt Warner,Anna Trebunskaya,Athlete,Iowa,United States,39,11,Eliminated Week 8,5,10,8.0,False,False,3,0.0,0.0
Rick Fox,Cheryl Burke,Athlete,,Canada,41,11,Eliminated Week 7,6,10,7.0,False,False,3,0.0,0.0
Audrina Patridge,Tony Dovolani,TV Personality,California,United States,25,11,Eliminated Week 6,7,10,6.0,False,False,3,0.0,0.0
Florence Henderson,Corky Ballas,Actor/Actress,Indiana,United States,76,11,Eliminated Week 5,8,10,5.0,False,False,3,0.0,0.0
The Situation,Karina Smirnoff,TV Personality,New York,United States,28,11,Eliminated Week 4,9,10,4.0,False,False,3,0.0,0.0
Margaret Cho,Louis van Amstel,Comedian,California,United States,41,11,Eliminated Week 3,10,10,3.0,False,False,3,0.0,0.0
Michael Bolton,Chelsie Hightower,Singer/Rapper,Connecticut,United States,57,11,Eliminated Week 2,11,10,2.0,False,False,3,0.0,0.0
David Hasselhoff,Kym Johnson,Actor/Actress,Maryland,United States,58,11,Eliminated Week 1,12,10,1.0,False,False,3,0.0,0.0
Hines Ward,Kym Johnson,Athlete,,South Korea,35,12,1st Place,1,1,,False,True,3,21.0,7.0
Kirstie Alley,Maksim Chmerkoskiy,Actor/Actress,Kansas,United States,60,12,2nd Place,2,1,,False,True,3,23.0,7.666666666666667
Chelsea Kane,Mark Ballas,Actor/Actress,Arizona,United States,22,12,3rd Place,3,1,,False,True,3,21.0,7.0
Ralph Macchio,Karina Smirnoff,Actor/Actress,New York,United States,49,12,Eliminated Week 9,4,1,9.0,False,True,3,24.0,8.0
Romeo,Chelsie Hightower,Singer/Rapper,Louisiana,United States,21,12,Eliminated Week 8,5,1,8.0,False,True,3,19.0,6.333333333333333
Kendra Wilkinson,Louis van Amstel,TV Personality,California,United States,25,12,Eliminated Week 7,6,1,7.0,False,True,3,18.0,6.0
Chris Jericho,Cheryl Burke,Athlete,New York,United States,40,12,Eliminated Week 6,7,1,6.0,False,True,3,19.0,6.333333333333333
Petra Nemcova,Dmitry Chaplin,Model,,Czechoslovakia,31,12,Eliminated Week 5,8,1,5.0,False,True,3,18.0,6.0
Sugar Ray Leonard,Anna Trebunskaya,Athlete,North Carolina,United States,54,12,Eliminated Week 4,9,1,4.0,False,True,3,17.0,5.666666666666667
Wendy Williams,Tony Dovolani,TV Personality,New Jersey,United States,46,12,Eliminated Week 3,10,1,3.0,False,True,3,14.0,4.666666666666667
Mike Catherwood,Lacey Schwimmer,Radio Personality,California,United States,32,12,Eliminated Week 2,11,1,2.0,False,True,3,13.0,4.333333333333333
Hines Ward,Kym Johnson,Athlete,,South Korea,35,12,1st Place,1,2,,False,True,3,23.0,7.666666666666667
Kirstie Alley,Maksim Chmerkoskiy,Actor/Actress,Kansas,United States,60,12,2nd Place,2,2,,False,True,3,20.0,6.666666666666667
Chelsea Kane,Mark Ballas,Actor/Actress,Arizona,United States,22,12,3rd Place,3,2,,False,True,3,18.0,6.0
Ralph Macchio,Karina Smirnoff,Actor/Actress,New York,United States,49,12,Eliminated Week 9,4,2,9.0,False,True,3,21.0,7.0
Romeo,Chelsie Hightower,Singer/Rapper,Louisiana,United States,21,12,Eliminated Week 8,5,2,8.0,False,True,3,23.0,7.666666666666667
Kendra Wilkinson,Louis van Amstel,TV Personality,California,United States,25,12,Eliminated Week 7,6,2,7.0,False,True,3,19.0,6.333333333333333
Chris Jericho,Cheryl Burke,Athlete,New York,United States,40,12,Eliminated Week 6,7,2,6.0,False,True,3,23.0,7.666666666666667
Petra Nemcova,Dmitry Chaplin,Model,,Czechoslovakia,31,12,Eliminated Week 5,8,2,5.0,False,True,3,18.0,6.0
Sugar Ray Leonard,Anna Trebunskaya,Athlete,North Carolina,United States,54,12,Eliminated Week 4,9,2,4.0,False,True,3,17.0,5.666666666666667
Wendy Williams,Tony Dovolani,TV Personality,New Jersey,United States,46,12,Eliminated Week 3,10,2,3.0,False,True,3,17.0,5.666666666666667
Mike Catherwood,Lacey Schwimmer,Radio Personality,California,United States,32,12,Eliminated Week 2,11,2,2.0,True,True,3,17.0,5.666666666666667
Hines Ward,Kym Johnson,Athlete,,South Korea,35,12,1st Place,1,3,,False,True,3,25.0,8.333333333333334
Kirstie Alley,Maksim Chmerkoskiy,Actor/Actress,Kansas,United States,60,12,2nd Place,2,3,,False,True,3,21.0,7.0
Chelsea Kane,Mark Ballas,Actor/Actress,Arizona,United States,22,12,3rd Place,3,3,,False,True,3,23.0,7.666666666666667
Ralph Macchio,Karina Smirnoff,Actor/Actress,New York,United States,49,12,Eliminated Week 9,4,3,9.0,False,True,3,21.0,7.0
Romeo,Chelsie Hightower,Singer/Rapper,Louisiana,United States,21,12,Eliminated Week 8,5,3,8.0,False,True,3,20.0,6.666666666666667
Kendra Wilkinson,Louis van Amstel,TV Personality,California,United States,25,12,Eliminated Week 7,6,3,7.0,False,True,3,23.0,7.666666666666667
Chris Jericho,Cheryl Burke,Athlete,New York,United States,40,12,Eliminated Week 6,7,3,6.0,False,True,3,21.0,7.0
Petra Nemcova,Dmitry Chaplin,Model,,Czechoslovakia,31,12,Eliminated Week 5,8,3,5.0,False,True,3,25.0,8.333333333333334
Sugar Ray Leonard,Anna Trebunskaya,Athlete,North Carolina,United States,54,12,Eliminated Week 4,9,3,4.0,False,True,3,20.0,6.666666666666667
Wendy Williams,Tony Dovolani,TV Personality,New Jersey,United States,46,12,Eliminated Week 3,10,3,3.0,True,True,3,15.0,5.0
Mike Catherwood,Lacey Schwimmer,Radio Personality,California,United States,32,12,Eliminated Week 2,11,3,2.0,False,False,3,0.0,0.0
Hines Ward,Kym Johnson,Athlete,,South Korea,35,12,1st Place,1,4,,False,True,3,25.0,8.333333333333334
Kirstie Alley,Maksim Chmerkoskiy,Actor/Actress,Kansas,United States,60,12,2nd Place,2,4,,False,True,3,22.0,7.333333333333333
Chelsea Kane,Mark Ballas,Actor/Actress,Arizona,United States,22,12,3rd Place,3,4,,False,True,3,26.0,8.666666666666666
Ralph Macchio,Karina Smirnoff,Actor/Actress,New York,United States,49,12,Eliminated Week 9,4,4,9.0,False,True,3,25.0,8.333333333333334
Romeo,Chelsie Hightower,Singer/Rapper,Louisiana,United States,21,12,Eliminated Week 8,5,4,8.0,False,True,3,23.0,7.666666666666667
Kendra Wilkinson,Louis van Amstel,TV Personality,California,United States,25,12,Eliminated Week 7,6,4,7.0,False,True,3,18.0,6.0
Chris Jericho,Cheryl Burke,Athlete,New York,United States,40,12,Eliminated Week 6,7,4,6.0,False,True,3,23.0,7.666666666666667
Petra Nemcova,Dmitry Chaplin,Model,,Czechoslovakia,31,12,Eliminated Week 5,8,4,5.0,False,True,3,23.0,7.666666666666667
Sugar Ray Leonard,Anna Trebunskaya,Athlete,North Carolina,United States,54,12,Eliminated Week 4,9,4,4.0,True,True,3,21.0,7.0
Wendy Williams,Tony Dovolani,TV Personality,New Jersey,United States,46,12,Eliminated Week 3,10,4,3.0,False,False,3,0.0,0.0
Mike Catherwood,Lacey Schwimmer,Radio Personality,California,United States,32,12,Eliminated Week 2,11,4,2.0,False,False,3,0.0,0.0
Hines Ward,Kym Johnson,Athlete,,South Korea,35,12,1st Place,1,5,,False,True,3,27.0,9.0
Kirstie Alley,Maksim Chmerkoskiy,Actor/Actress,Kansas,United States,60,12,2nd Place,2,5,,False,True,3,23.0,7.666666666666667
Chelsea Kane,Mark Ballas,Actor/Actress,Arizona,United States,22,12,3rd Place,3,5,,False,True,3,26.0,8.666666666666666
Ralph Macchio,Karina Smirnoff,Actor/Actress,New York,United States,49,12,Eliminated Week 9,4,5,9.0,False,True,3,22.0,7.333333333333333
Romeo,Chelsie Hightower,Singer/Rapper,Louisiana,United States,21,12,Eliminated Week 8,5,5,8.0,False,True,3,26.0,8.666666666666666
Kendra Wilkinson,Louis van Amstel,TV Personality,California,United States,25,12,Eliminated Week 7,6,5,7.0,False,True,3,22.0,7.333333333333333
Chris Jericho,Cheryl Burke,Athlete,New York,United States,40,12,Eliminated Week 6,7,5,6.0,False,True,3,26.0,8.666666666666666
Petra Nemcova,Dmitry Chaplin,Model,,Czechoslovakia,31,12,Eliminated Week 5,8,5,5.0,True,True,3,22.0,7.333333333333333
Sugar Ray Leonard,Anna Trebunskaya,Athlete,North Carolina,United States,54,12,Eliminated Week 4,9,5,4.0,False,False,3,0.0,0.0
Wendy Williams,Tony Dovolani,TV Personality,New Jersey,United States,46,12,Eliminated Week 3,10,5,3.0,False,False,3,0.0,0.0
Mike Catherwood,Lacey Schwimmer,Radio Personality,California,United States,32,12,Eliminated Week 2,11,5,2.0,False,False,3,0.0,0.0
Hines Ward,Kym Johnson,Athlete,,South Korea,35,12,1st Place,1,6,,False,True,3,27.0,9.0
Kirstie Alley,Maksim Chmerkoskiy,Actor/Actress,Kansas,United States,60,12,2nd Place,2,6,,False,True,3,26.0,8.666666666666666
Chelsea Kane,Mark Ballas,Actor/Actress,Arizona,United States,22,12,3rd Place,3,6,,False,True,3,28.0,9.333333333333334
Ralph Macchio,Karina Smirnoff,Actor/Actress,New York,United States,49,12,Eliminated Week 9,4,6,9.0,False,True,3,24.0,8.0
Romeo,Chelsie Hightower,Singer/Rapper,Louisiana,United States,21,12,Eliminated Week 8,5,6,8.0,False,True,3,28.0,9.333333333333334
Kendra Wilkinson,Louis van Amstel,TV Personality,California,United States,25,12,Eliminated Week 7,6,6,7.0,False,True,3,25.0,8.333333333333334
Chris Jericho,Cheryl Burke,Athlete,New York,United States,40,12,Eliminated Week 6,7,6,6.0,True,True,3,22.0,7.333333333333333
Petra Nemcova,Dmitry Chaplin,Model,,Czechoslovakia,31,12,Eliminated Week 5,8,6,5.0,False,False,3,0.0,0.0
Sugar Ray Leonard,Anna Trebunskaya,Athlete,North Carolina,United States,54,12,Eliminated Week 4,9,6,4.0,False,False,3,0.0,0.0
Wendy Williams,Tony Dovolani,TV Personality,New Jersey,United States,46,12,Eliminated Week 3,10,6,3.0,False,False,3,0.0,0.0
Mike Catherwood,Lacey Schwimmer,Radio Personality,California,United States,32,12,Eliminated Week 2,11,6,2.0,False,False,3,0.0,0.0
Hines Ward,Kym Johnson,Athlete,,South Korea,35,12,1st Place,1,7,,False,True,4,33.0,8.25
Kirstie Alley,Maksim Chmerkoskiy,Actor/Actress,Kansas,United States,60,12,2nd Place,2,7,,False,True,4,30.0,7.5
Chelsea Kane,Mark Ballas,Actor/Actress,Arizona,United States,22,12,3rd Place,3,7,,False,True,4,32.0,8.0
Ralph Macchio,Karina Smirnoff,Actor/Actress,New York,United States,49,12,Eliminated Week 9,4,7,9.0,False,True,4,33.0,8.25
Romeo,Chelsie Hightower,Singer/Rapper,Louisiana,United States,21,12,Eliminated Week 8,5,7,8.0,False,True,4,30.0,7.5
Kendra Wilkinson,Louis van Amstel,TV Personality,California,United States,25,12,Eliminated Week 7,6,7,7.0,True,True,4,30.5,7.625
Chris Jericho,Cheryl Burke,Athlete,New York,United States,40,12,Eliminated Week 6,7,7,6.0,False,False,4,0.0,0.0
Petra Nemcova,Dmitry Chaplin,Model,,Czechoslovakia,31,12,Eliminated Week 5,8,7,5.0,False,False,4,0.0,0.0
Sugar Ray Leonard,Anna Trebunskaya,Athlete,North Carolina,United States,54,12,Eliminated Week 4,9,7,4.0,False,False,4,0.0,0.0
Wendy Williams,Tony Dovolani,TV Personality,New Jersey,United States,46,12,Eliminated Week 3,10,7,3.0,False,False,4,0.0,0.0
Mike Catherwood,Lacey Schwimmer,Radio Personality,California,United States,32,12,Eliminated Week 2,11,7,2.0,False,False,4,0.0,0.0
Hines Ward,Kym Johnson,Athlete,,South Korea,35,12,1st Place,1,8,,False,True,3,27.0,9.0
Kirstie Alley,Maksim Chmerkoskiy,Actor/Actress,Kansas,United States,60,12,2nd Place,2,8,,False,True,3,26.5,8.833333333333334
Chelsea Kane,Mark Ballas,Actor/Actress,Arizona,United States,22,12,3rd Place,3,8,,False,True,3,27.5,9.166666666666666
Ralph Macchio,Karina Smirnoff,Actor/Actress,New York,United States,49,12,Eliminated Week 9,4,8,9.0,False,True,3,23.0,7.666666666666667
Romeo,Chelsie Hightower,Singer/Rapper,Louisiana,United States,21,12,Eliminated Week 8,5,8,8.0,True,True,3,26.0,8.666666666666666
Kendra Wilkinson,Louis van Amstel,TV Personality,California,United States,25,12,Eliminated Week 7,6,8,7.0,False,False,3,0.0,0.0
Chris Jericho,Cheryl Burke,Athlete,New York,United States,40,12,Eliminated Week 6,7,8,6.0,False,False,3,0.0,0.0
Petra Nemcova,Dmitry Chaplin,Model,,Czechoslovakia,31,12,Eliminated Week 5,8,8,5.0,False,False,3,0.0,0.0
Sugar Ray Leonard,Anna Trebunskaya,Athlete,North Carolina,United States,54,12,Eliminated Week 4,9,8,4.0,False,False,3,0.0,0.0
Wendy Williams,Tony Dovolani,TV Personality,New Jersey,United States,46,12,Eliminated Week 3,10,8,3.0,False,False,3,0.0,0.0
Mike Catherwood,Lacey Schwimmer,Radio Personality,California,United States,32,12,Eliminated Week 2,11,8,2.0,False,False,3,0.0,0.0
Hines Ward,Kym Johnson,Athlete,,South Korea,35,12,1st Place,1,9,,False,True,3,30.0,10.0
Kirstie Alley,Maksim Chmerkoskiy,Actor/Actress,Kansas,United States,60,12,2nd Place,2,9,,False,True,3,27.0,9.0
Chelsea Kane,Mark Ballas,Actor/Actress,Arizona,United States,22,12,3rd Place,3,9,,False,True,3,36.5,12.166666666666666
Ralph Macchio,Karina Smirnoff,Actor/Actress,New York,United States,49,12,Eliminated Week 9,4,9,9.0,True,True,3,24.0,8.0
Romeo,Chelsie Hightower,Singer/Rapper,Louisiana,United States,21,12,Eliminated Week 8,5,9,8.0,False,False,3,0.0,0.0
Kendra Wilkinson,Louis van Amstel,TV Personality,California,United States,25,12,Eliminated Week 7,6,9,7.0,False,False,3,0.0,0.0
Chris Jericho,Cheryl Burke,Athlete,New York,United States,40,12,Eliminated Week 6,7,9,6.0,False,False,3,0.0,0.0
Petra Nemcova,Dmitry Chaplin,Model,,Czechoslovakia,31,12,Eliminated Week 5,8,9,5.0,False,False,3,0.0,0.0
Sugar Ray Leonard,Anna Trebunskaya,Athlete,North Carolina,United States,54,12,Eliminated Week 4,9,9,4.0,False,False,3,0.0,0.0
Wendy Williams,Tony Dovolani,TV Personality,New Jersey,United States,46,12,Eliminated Week 3,10,9,3.0,False,False,3,0.0,0.0
Mike Catherwood,Lacey Schwimmer,Radio Personality,California,United States,32,12,Eliminated Week 2,11,9,2.0,False,False,3,0.0,0.0
Hines Ward,Kym Johnson,Athlete,,South Korea,35,12,1st Place,1,10,,False,True,3,29.666600000000003,9.888866666666667
Kirstie Alley,Maksim Chmerkoskiy,Actor/Actress,Kansas,United States,60,12,2nd Place,2,10,,False,True,3,27.999899999999997,9.3333
Chelsea Kane,Mark Ballas,Actor/Actress,Arizona,United States,22,12,3rd Place,3,10,,False,True,3,29.666600000000003,9.888866666666667
Ralph Macchio,Karina Smirnoff,Actor/Actress,New York,United States,49,12,Eliminated Week 9,4,10,9.0,False,False,3,0.0,0.0
Romeo,Chelsie Hightower,Singer/Rapper,Louisiana,United States,21,12,Eliminated Week 8,5,10,8.0,False,False,3,0.0,0.0
Kendra Wilkinson,Louis van Amstel,TV Personality,California,United States,25,12,Eliminated Week 7,6,10,7.0,False,False,3,0.0,0.0
Chris Jericho,Cheryl Burke,Athlete,New York,United States,40,12,Eliminated Week 6,7,10,6.0,False,False,3,0.0,0.0
Petra Nemcova,Dmitry Chaplin,Model,,Czechoslovakia,31,12,Eliminated Week 5,8,10,5.0,False,False,3,0.0,0.0
Sugar Ray Leonard,Anna Trebunskaya,Athlete,North Carolina,United States,54,12,Eliminated Week 4,9,10,4.0,False,False,3,0.0,0.0
Wendy Williams,Tony Dovolani,TV Personality,New Jersey,United States,46,12,Eliminated Week 3,10,10,3.0,False,False,3,0.0,0.0
Mike Catherwood,Lacey Schwimmer,Radio Personality,California,United States,32,12,Eliminated Week 2,11,10,2.0,False,False,3,0.0,0.0
J.R. Martinez,Karina Smirnoff,Actor/Actress,Louisiana,United States,28,13,1st Place,1,1,,False,True,3,22.0,7.333333333333333
Rob Kardashian,Cheryl Burke,TV Personality,California,United States,24,13,2nd Place,2,1,,False,True,3,16.0,5.333333333333333
Ricki Lake,Derek Hough,Actor/Actress,New York,United States,42,13,3rd Place,3,1,,False,True,3,20.0,6.666666666666667
Hope Solo,Maksim Chmerkoskiy,Athlete,Washington,United States,30,13,Eliminated Week 9,4,1,9.0,False,True,3,21.0,7.0
Nancy Grace,Tristan MacManus,TV Personality,Georgia,United States,51,13,Eliminated Week 8,5,1,8.0,False,True,3,16.0,5.333333333333333
David Arquette,Kym Johnson,Actor/Actress,Virginia,United States,40,13,Eliminated Week 7,6,1,7.0,False,True,3,18.0,6.0
Chaz Bono,Lacey Schwimmer,TV Personality,California,United States,42,13,Eliminated Week 6,7,1,6.0,False,True,3,17.0,5.666666666666667
Carson Kressley,Anna Trebunskaya,TV Personality,Pennsylvania,United States,41,13,Eliminated Week 5,8,1,5.0,False,True,3,17.0,5.666666666666667
Chynna Phillips,Tony Dovolani,Singer/Rapper,California,United States,43,13,Eliminated Week 4,9,1,4.0,False,True,3,22.0,7.333333333333333
Kristin Cavallari,Mark Ballas,TV Personality,Colorado,United States,24,13,Eliminated Week 3,10,1,3.0,False,True,3,19.0,6.333333333333333
Elisabetta Canalis,Valentin Chmerkovskiy,Actor/Actress,,Italy,33,13,Eliminated Week 2,11,1,2.0,False,True,3,15.0,5.0
Metta World Peace (Ron),Peta Murgatroyd,Athlete,New York,United States,31,13,Eliminated Week 1,12,1,1.0,True,True,3,14.0,4.666666666666667
J.R. Martinez,Karina Smirnoff,Actor/Actress,Louisiana,United States,28,13,1st Place,1,2,,False,True,3,22.0,7.333333333333333
Rob Kardashian,Cheryl Burke,TV Personality,California,United States,24,13,2nd Place,2,2,,False,True,3,21.0,7.0
Ricki Lake,Derek Hough,Actor/Actress,New York,United States,42,13,3rd Place,3,2,,False,True,3,23.0,7.666666666666667
Hope Solo,Maksim Chmerkoskiy,Athlete,Washington,United States,30,13,Eliminated Week 9,4,2,9.0,False,True,3,19.0,6.333333333333333
Nancy Grace,Tristan MacManus,TV Personality,Georgia,United States,51,13,Eliminated Week 8,5,2,8.0,False,True,3,21.0,7.0
David Arquette,Kym Johnson,Actor/Actress,Virginia,United States,40,13,Eliminated Week 7,6,2,7.0,False,True,3,18.0,6.0
Chaz Bono,Lacey Schwimmer,TV Personality,California,United States,42,13,Eliminated Week 6,7,2,6.0,False,True,3,17.0,5.666666666666667
Carson Kressley,Anna Trebunskaya,TV Personality,Pennsylvania,United States,41,13,Eliminated Week 5,8,2,5.0,False,True,3,18.0,6.0
Chynna Phillips,Tony Dovolani,Singer/Rapper,California,United States,43,13,Eliminated Week 4,9,2,4.0,False,True,3,21.0,7.0
Kristin Cavallari,Mark Ballas,TV Personality,Colorado,United States,24,13,Eliminated Week 3,10,2,3.0,False,True,3,22.0,7.333333333333333
Elisabetta Canalis,Valentin Chmerkovskiy,Actor/Actress,,Italy,33,13,Eliminated Week 2,11,2,2.0,True,True,3,21.0,7.0
Metta World Peace (Ron),Peta Murgatroyd,Athlete,New York,United States,31,13,Eliminated Week 1,12,2,1.0,False,False,3,0.0,0.0
J.R. Martinez,Karina Smirnoff,Actor/Actress,Louisiana,United States,28,13,1st Place,1,3,,False,True,3,26.0,8.666666666666666
Rob Kardashian,Cheryl Burke,TV Personality,California,United States,24,13,2nd Place,2,3,,False,True,3,24.0,8.0
Ricki Lake,Derek Hough,Actor/Actress,New York,United States,42,13,3rd Place,3,3,,False,True,3,27.0,9.0
Hope Solo,Maksim Chmerkoskiy,Athlete,Washington,United States,30,13,Eliminated Week 9,4,3,9.0,False,True,3,24.0,8.0
Nancy Grace,Tristan MacManus,TV Personality,Georgia,United States,51,13,Eliminated Week 8,5,3,8.0,False,True,3,21.0,7.0
David Arquette,Kym Johnson,Actor/Actress,Virginia,United States,40,13,Eliminated Week 7,6,3,7.0,False,True,3,24.0,8.0
Chaz Bono,Lacey Schwimmer,TV Personality,California,United States,42,13,Eliminated Week 6,7,3,6.0,False,True,3,18.0,6.0
Carson Kressley,Anna Trebunskaya,TV Personality,Pennsylvania,United States,41,13,Eliminated Week 5,8,3,5.0,False,True,3,23.0,7.666666666666667
Chynna Phillips,Tony Dovolani,Singer/Rapper,California,United States,43,13,Eliminated Week 4,9,3,4.0,False,True,3,26.0,8.666666666666666
Kristin Cavallari,Mark Ballas,TV Personality,Colorado,United States,24,13,Eliminated Week 3,10,3,3.0,True,True,3,24.0,8.0
Elisabetta Canalis,Valentin Chmerkovskiy,Actor/Actress,,Italy,33,13,Eliminated Week 2,11,3,2.0,False,False,3,0.0,0.0
Metta World Peace (Ron),Peta Murgatroyd,Athlete,New York,United States,31,13,Eliminated Week 1,12,3,1.0,False,False,3,0.0,0.0
J.R. Martinez,Karina Smirnoff,Actor/Actress,Louisiana,United States,28,13,1st Place,1,4,,False,True,3,26.0,8.666666666666666
Rob Kardashian,Cheryl Burke,TV Personality,California,United States,24,13,2nd Place,2,4,,False,True,3,24.0,8.0
Ricki Lake,Derek Hough,Actor/Actress,New York,United States,42,13,3rd Place,3,4,,False,True,3,29.0,9.666666666666666
Hope Solo,Maksim Chmerkoskiy,Athlete,Washington,United States,30,13,Eliminated Week 9,4,4,9.0,False,True,3,24.0,8.0
Nancy Grace,Tristan MacManus,TV Personality,Georgia,United States,51,13,Eliminated Week 8,5,4,8.0,False,True,3,21.0,7.0
David Arquette,Kym Johnson,Actor/Actress,Virginia,United States,40,13,Eliminated Week 7,6,4,7.0,False,True,3,23.0,7.666666666666667
Chaz Bono,Lacey Schwimmer,TV Personality,California,United States,42,13,Eliminated Week 6,7,4,6.0,False,True,3,21.0,7.0
Carson Kressley,Anna Trebunskaya,TV Personality,Pennsylvania,United States,41,13,Eliminated Week 5,8,4,5.0,False,True,3,20.0,6.666666666666667
Chynna Phillips,Tony Dovolani,Singer/Rapper,California,United States,43,13,Eliminated Week 4,9,4,4.0,True,True,3,21.0,7.0
Kristin Cavallari,Mark Ballas,TV Personality,Colorado,United States,24,13,Eliminated Week 3,10,4,3.0,False,False,3,0.0,0.0
Elisabetta Canalis,Valentin Chmerkovskiy,Actor/Actress,,Italy,33,13,Eliminated Week 2,11,4,2.0,False,False,3,0.0,0.0
Metta World Peace (Ron),Peta Murgatroyd,Athlete,New York,United States,31,13,Eliminated Week 1,12,4,1.0,False,False,3,0.0,0.0
J.R. Martinez,Karina Smirnoff,Actor/Actress,Louisiana,United States,28,13,1st Place,1,5,,False,True,3,28.0,9.333333333333334
Rob Kardashian,Cheryl Burke,TV Personality,California,United States,24,13,2nd Place,2,5,,False,True,3,25.0,8.333333333333334
Ricki Lake,Derek Hough,Actor/Actress,New York,United States,42,13,3rd Place,3,5,,False,True,3,24.0,8.0
Hope Solo,Maksim Chmerkoskiy,Athlete,Washington,United States,30,13,Eliminated Week 9,4,5,9.0,False,True,3,24.0,8.0
Nancy Grace,Tristan MacManus,TV Personality,Georgia,United States,51,13,Eliminated Week 8,5,5,8.0,False,True,3,22.0,7.333333333333333
David Arquette,Kym Johnson,Actor/Actress,Virginia,United States,40,13,Eliminated Week 7,6,5,7.0,False,True,3,25.0,8.333333333333334
Chaz Bono,Lacey Schwimmer,TV Personality,California,United States,42,13,Eliminated Week 6,7,5,6.0,False,True,3,21.0,7.0
Carson Kressley,Anna Trebunskaya,TV Personality,Pennsylvania,United States,41,13,Eliminated Week 5,8,5,5.0,True,True,3,19.0,6.333333333333333
Chynna Phillips,Tony Dovolani,Singer/Rapper,California,United States,43,13,Eliminated Week 4,9,5,4.0,False,False,3,0.0,0.0
Kristin Cavallari,Mark Ballas,TV Personality,Colorado,United States,24,13,Eliminated Week 3,10,5,3.0,False,False,3,0.0,0.0
Elisabetta Canalis,Valentin Chmerkovskiy,Actor/Actress,,Italy,33,13,Eliminated Week 2,11,5,2.0,False,False,3,0.0,0.0
Metta World Peace (Ron),Peta Murgatroyd,Athlete,New York,United States,31,13,Eliminated Week 1,12,5,1.0,False,False,3,0.0,0.0
J.R. Martinez,Karina Smirnoff,Actor/Actress,Louisiana,United States,28,13,1st Place,1,6,,False,True,3,29.0,9.666666666666666
Rob Kardashian,Cheryl Burke,TV Personality,California,United States,24,13,2nd Place,2,6,,False,True,3,22.0,7.333333333333333
Ricki Lake,Derek Hough,Actor/Actress,New York,United States,42,13,3rd Place,3,6,,False,True,3,29.0,9.666666666666666
Hope Solo,Maksim Chmerkoskiy,Athlete,Washington,United States,30,13,Eliminated Week 9,4,6,9.0,False,True,3,20.0,6.666666666666667
Nancy Grace,Tristan MacManus,TV Personality,Georgia,United States,51,13,Eliminated Week 8,5,6,8.0,False,True,3,24.0,8.0
David Arquette,Kym Johnson,Actor/Actress,Virginia,United States,40,13,Eliminated Week 7,6,6,7.0,False,True,3,23.0,7.666666666666667
Chaz Bono,Lacey Schwimmer,TV Personality,California,United States,42,13,Eliminated Week 6,7,6,6.0,True,True,3,19.0,6.333333333333333
Carson Kressley,Anna Trebunskaya,TV Personality,Pennsylvania,United States,41,13,Eliminated Week 5,8,6,5.0,False,False,3,0.0,0.0
Chynna Phillips,Tony Dovolani,Singer/Rapper,California,United States,43,13,Eliminated Week 4,9,6,4.0,False,False,3,0.0,0.0
Kristin Cavallari,Mark Ballas,TV Personality,Colorado,United States,24,13,Eliminated Week 3,10,6,3.0,False,False,3,0.0,0.0
Elisabetta Canalis,Valentin Chmerkovskiy,Actor/Actress,,Italy,33,13,Eliminated Week 2,11,6,2.0,False,False,3,0.0,0.0
Metta World Peace (Ron),Peta Murgatroyd,Athlete,New York,United States,31,13,Eliminated Week 1,12,6,1.0,False,False,3,0.0,0.0
J.R. Martinez,Karina Smirnoff,Actor/Actress,Louisiana,United States,28,13,1st Place,1,7,,False,True,3,24.0,8.0
Rob Kardashian,Cheryl Burke,TV Personality,California,United States,24,13,2nd Place,2,7,,False,True,3,25.5,8.5
Ricki Lake,Derek Hough,Actor/Actress,New York,United States,42,13,3rd Place,3,7,,False,True,3,26.5,8.833333333333334
Hope Solo,Maksim Chmerkoskiy,Athlete,Washington,United States,30,13,Eliminated Week 9,4,7,9.0,False,True,3,25.0,8.333333333333334
Nancy Grace,Tristan MacManus,TV Personality,Georgia,United States,51,13,Eliminated Week 8,5,7,8.0,False,True,3,22.0,7.333333333333333
David Arquette,Kym Johnson,Actor/Actress,Virginia,United States,40,13,Eliminated Week 7,6,7,7.0,True,True,3,23.5,7.833333333333333
Chaz Bono,Lacey Schwimmer,TV Personality,California,United States,42,13,Eliminated Week 6,7,7,6.0,False,False,3,0.0,0.0
Carson Kressley,Anna Trebunskaya,TV Personality,Pennsylvania,United States,41,13,Eliminated Week 5,8,7,5.0,False,False,3,0.0,0.0
Chynna Phillips,Tony Dovolani,Singer/Rapper,California,United States,43,13,Eliminated Week 4,9,7,4.0,False,False,3,0.0,0.0
Kristin Cavallari,Mark Ballas,TV Personality,Colorado,United States,24,13,Eliminated Week 3,10,7,3.0,False,False,3,0.0,0.0
Elisabetta Canalis,Valentin Chmerkovskiy,Actor/Actress,,Italy,33,13,Eliminated Week 2,11,7,2.0,False,False,3,0.0,0.0
Metta World Peace (Ron),Peta Murgatroyd,Athlete,New York,United States,31,13,Eliminated Week 1,12,7,1.0,False,False,3,0.0,0.0
J.R. Martinez,Karina Smirnoff,Actor/Actress,Louisiana,United States,28,13,1st Place,1,8,,False,True,3,30.0,10.0
Rob Kardashian,Cheryl Burke,TV Personality,California,United States,24,13,2nd Place,2,8,,False,True,3,25.5,8.5
Ricki Lake,Derek Hough,Actor/Actress,New York,United States,42,13,3rd Place,3,8,,False,True,3,26.0,8.666666666666666
Hope Solo,Maksim Chmerkoskiy,Athlete,Washington,United States,30,13,Eliminated Week 9,4,8,9.0,False,True,3,26.0,8.666666666666666
Nancy Grace,Tristan MacManus,TV Personality,Georgia,United States,51,13,Eliminated Week 8,5,8,8.0,True,True,3,22.0,7.333333333333333
David Arquette,Kym Johnson,Actor/Actress,Virginia,United States,40,13,Eliminated Week 7,6,8,7.0,False,False,3,0.0,0.0
Chaz Bono,Lacey Schwimmer,TV Personality,California,United States,42,13,Eliminated Week 6,7,8,6.0,False,False,3,0.0,0.0
Carson Kressley,Anna Trebunskaya,TV Personality,Pennsylvania,United States,41,13,Eliminated Week 5,8,8,5.0,False,False,3,0.0,0.0
Chynna Phillips,Tony Dovolani,Singer/Rapper,California,United States,43,13,Eliminated Week 4,9,8,4.0,False,False,3,0.0,0.0
Kristin Cavallari,Mark Ballas,TV Personality,Colorado,United States,24,13,Eliminated Week 3,10,8,3.0,False,False,3,0.0,0.0
Elisabetta Canalis,Valentin Chmerkovskiy,Actor/Actress,,Italy,33,13,Eliminated Week 2,11,8,2.0,False,False,3,0.0,0.0
Metta World Peace (Ron),Peta Murgatroyd,Athlete,New York,United States,31,13,Eliminated Week 1,12,8,1.0,False,False,3,0.0,0.0
J.R. Martinez,Karina Smirnoff,Actor/Actress,Louisiana,United States,28,13,1st Place,1,9,,False,True,3,28.0,9.333333333333334
Rob Kardashian,Cheryl Burke,TV Personality,California,United States,24,13,2nd Place,2,9,,False,True,3,32.4998,10.833266666666667
Ricki Lake,Derek Hough,Actor/Actress,New York,United States,42,13,3rd Place,3,9,,False,True,3,33.4999,11.166633333333332
Hope Solo,Maksim Chmerkoskiy,Athlete,Washington,United States,30,13,Eliminated Week 9,4,9,9.0,True,True,3,24.4998,8.1666
Nancy Grace,Tristan MacManus,TV Personality,Georgia,United States,51,13,Eliminated Week 8,5,9,8.0,False,False,3,0.0,0.0
David Arquette,Kym Johnson,Actor/Actress,Virginia,United States,40,13,Eliminated Week 7,6,9,7.0,False,False,3,0.0,0.0
Chaz Bono,Lacey Schwimmer,TV Personality,California,United States,42,13,Eliminated Week 6,7,9,6.0,False,False,3,0.0,0.0
Carson Kressley,Anna Trebunskaya,TV Personality,Pennsylvania,United States,41,13,Eliminated Week 5,8,9,5.0,False,False,3,0.0,0.0
Chynna Phillips,Tony Dovolani,Singer/Rapper,California,United States,43,13,Eliminated Week 4,9,9,4.0,False,False,3,0.0,0.0
Kristin Cavallari,Mark Ballas,TV Personality,Colorado,United States,24,13,Eliminated Week 3,10,9,3.0,False,False,3,0.0,0.0
Elisabetta Canalis,Valentin Chmerkovskiy,Actor/Actress,,Italy,33,13,Eliminated Week 2,11,9,2.0,False,False,3,0.0,0.0
Metta World Peace (Ron),Peta Murgatroyd,Athlete,New York,United States,31,13,Eliminated Week 1,12,9,1.0,False,False,3,0.0,0.0
J.R. Martinez,Karina Smirnoff,Actor/Actress,Louisiana,United States,28,13,1st Place,1,10,,False,True,3,28.1665,9.388833333333332
Rob Kardashian,Cheryl Burke,TV Personality,California,United States,24,13,2nd Place,2,10,,False,True,3,28.333199999999998,9.4444
Ricki Lake,Derek Hough,Actor/Actress,New York,United States,42,13,3rd Place,3,10,,False,True,3,27.999899999999997,9.3333
Hope Solo,Maksim Chmerkoskiy,Athlete,Washington,United States,30,13,Eliminated Week 9,4,10,9.0,False,False,3,0.0,0.0
Nancy Grace,Tristan MacManus,TV Personality,Georgia,United States,51,13,Eliminated Week 8,5,10,8.0,False,False,3,0.0,0.0
David Arquette,Kym Johnson,Actor/Actress,Virginia,United States,40,13,Eliminated Week 7,6,10,7.0,False,False,3,0.0,0.0
Chaz Bono,Lacey Schwimmer,TV Personality,California,United States,42,13,Eliminated Week 6,7,10,6.0,False,False,3,0.0,0.0
Carson Kressley,Anna Trebunskaya,TV Personality,Pennsylvania,United States,41,13,Eliminated Week 5,8,10,5.0,False,False,3,0.0,0.0
Chynna Phillips,Tony Dovolani,Singer/Rapper,California,United States,43,13,Eliminated Week 4,9,10,4.0,False,False,3,0.0,0.0
Kristin Cavallari,Mark Ballas,TV Personality,Colorado,United States,24,13,Eliminated Week 3,10,10,3.0,False,False,3,0.0,0.0
Elisabetta Canalis,Valentin Chmerkovskiy,Actor/Actress,,Italy,33,13,Eliminated Week 2,11,10,2.0,False,False,3,0.0,0.0
Metta World Peace (Ron),Peta Murgatroyd,Athlete,New York,United States,31,13,Eliminated Week 1,12,10,1.0,False,False,3,0.0,0.0
Donald Driver,Peta Murgatroyd,Athlete,Texas,United States,37,14,1st Place,1,1,,False,True,3,21.0,7.0
Katherine Jenkins,Mark Ballas,Singer/Rapper,,Wales,31,14,2nd Place,2,1,,False,True,3,26.0,8.666666666666666
William Levy,Cheryl Burke,Actor/Actress,,Cuba,31,14,3rd Place,3,1,,False,True,3,24.0,8.0
Maria Menounos,Derek Hough,TV Personality,Massachusetts,United States,33,14,Eliminated Week 9,4,1,9.0,False,True,3,21.0,7.0
Melissa Gilbert,Maksim Chmerkoskiy,Actor/Actress,California,United States,47,14,Eliminated Week 8,5,1,8.0,False,True,3,20.0,6.666666666666667
Roshon Fegan,Chelsie Hightower,Actor/Actress,California,United States,20,14,Eliminated Week 8,6,1,8.0,False,True,3,23.0,7.666666666666667
Jaleel White,Kym Johnson,Actor/Actress,California,United States,35,14,Eliminated Week 7,7,1,7.0,False,True,3,26.0,8.666666666666666
Gladys Knight,Tristan MacManus,Singer/Rapper,Georgia,United States,67,14,Eliminated Week 6,8,1,6.0,False,True,3,23.0,7.666666666666667
Gavin DeGraw,Karina Smirnoff,Singer/Rapper,New York,United States,35,14,Eliminated Week 5,9,1,5.0,False,True,3,20.0,6.666666666666667
Sherri Sheperd,Valentin Chmerkovskiy,Actor/Actress,Illinois,United States,44,14,Eliminated Week 4,10,1,4.0,False,True,3,23.0,7.666666666666667
Jack Wagner,Anna Trebunskaya,Actor/Actress,Missouri,United States,52,14,Eliminated Week 3,11,1,3.0,False,True,3,23.0,7.666666666666667
Martina Navratilova,Tony Dovolani,Athlete,,Czechoslovakia,55,14,Eliminated Week 2,12,1,2.0,False,True,3,20.0,6.666666666666667
Donald Driver,Peta Murgatroyd,Athlete,Texas,United States,37,14,1st Place,1,2,,False,True,3,24.0,8.0
Katherine Jenkins,Mark Ballas,Singer/Rapper,,Wales,31,14,2nd Place,2,2,,False,True,3,26.0,8.666666666666666
William Levy,Cheryl Burke,Actor/Actress,,Cuba,31,14,3rd Place,3,2,,False,True,3,25.0,8.333333333333334
Maria Menounos,Derek Hough,TV Personality,Massachusetts,United States,33,14,Eliminated Week 9,4,2,9.0,False,True,3,25.0,8.333333333333334
Melissa Gilbert,Maksim Chmerkoskiy,Actor/Actress,California,United States,47,14,Eliminated Week 8,5,2,8.0,False,True,3,20.0,6.666666666666667
Roshon Fegan,Chelsie Hightower,Actor/Actress,California,United States,20,14,Eliminated Week 8,6,2,8.0,False,True,3,26.0,8.666666666666666
Jaleel White,Kym Johnson,Actor/Actress,California,United States,35,14,Eliminated Week 7,7,2,7.0,False,True,3,22.0,7.333333333333333
Gladys Knight,Tristan MacManus,Singer/Rapper,Georgia,United States,67,14,Eliminated Week 6,8,2,6.0,False,True,3,19.0,6.333333333333333
Gavin DeGraw,Karina Smirnoff,Singer/Rapper,New York,United States,35,14,Eliminated Week 5,9,2,5.0,False,True,3,21.0,7.0
Sherri Sheperd,Valentin Chmerkovskiy,Actor/Actress,Illinois,United States,44,14,Eliminated Week 4,10,2,4.0,False,True,3,23.0,7.666666666666667
Jack Wagner,Anna Trebunskaya,Actor/Actress,Missouri,United States,52,14,Eliminated Week 3,11,2,3.0,False,True,3,21.0,7.0
Martina Navratilova,Tony Dovolani,Athlete,,Czechoslovakia,55,14,Eliminated Week 2,12,2,2.0,True,True,3,17.0,5.666666666666667
Donald Driver,Peta Murgatroyd,Athlete,Texas,United States,37,14,1st Place,1,3,,False,True,3,26.0,8.666666666666666
Katherine Jenkins,Mark Ballas,Singer/Rapper,,Wales,31,14,2nd Place,2,3,,False,True,3,29.0,9.666666666666666
William Levy,Cheryl Burke,Actor/Actress,,Cuba,31,14,3rd Place,3,3,,False,True,3,28.0,9.333333333333334
Maria Menounos,Derek Hough,TV Personality,Massachusetts,United States,33,14,Eliminated Week 9,4,3,9.0,False,True,3,27.0,9.0
Melissa Gilbert,Maksim Chmerkoskiy,Actor/Actress,California,United States,47,14,Eliminated Week 8,5,3,8.0,False,True,3,24.0,8.0
Roshon Fegan,Chelsie Hightower,Actor/Actress,California,United States,20,14,Eliminated Week 8,6,3,8.0,False,True,3,25.0,8.333333333333334
Jaleel White,Kym Johnson,Actor/Actress,California,United States,35,14,Eliminated Week 7,7,3,7.0,False,True,3,25.0,8.333333333333334
Gladys Knight,Tristan MacManus,Singer/Rapper,Georgia,United States,67,14,Eliminated Week 6,8,3,6.0,False,True,3,24.0,8.0
Gavin DeGraw,Karina Smirnoff,Singer/Rapper,New York,United States,35,14,Eliminated Week 5,9,3,5.0,False,True,3,24.0,8.0
Sherri Sheperd,Valentin Chmerkovskiy,Actor/Actress,Illinois,United States,44,14,Eliminated Week 4,10,3,4.0,False,True,3,24.0,8.0
Jack Wagner,Anna Trebunskaya,Actor/Actress,Missouri,United States,52,14,Eliminated Week 3,11,3,3.0,True,True,3,24.0,8.0
Martina Navratilova,Tony Dovolani,Athlete,,Czechoslovakia,55,14,Eliminated Week 2,12,3,2.0,False,False,3,0.0,0.0
Donald Driver,Peta Murgatroyd,Athlete,Texas,United States,37,14,1st Place,1,4,,False,True,3,27.0,9.0
Katherine Jenkins,Mark Ballas,Singer/Rapper,,Wales,31,14,2nd Place,2,4,,False,True,3,24.0,8.0
William Levy,Cheryl Burke,Actor/Actress,,Cuba,31,14,3rd Place,3,4,,False,True,3,22.0,7.333333333333333
Maria Menounos,Derek Hough,TV Personality,Massachusetts,United States,33,14,Eliminated Week 9,4,4,9.0,False,True,3,26.0,8.666666666666666
Melissa Gilbert,Maksim Chmerkoskiy,Actor/Actress,California,United States,47,14,Eliminated Week 8,5,4,8.0,False,True,3,22.0,7.333333333333333
Roshon Fegan,Chelsie Hightower,Actor/Actress,California,United States,20,14,Eliminated Week 8,6,4,8.0,False,True,3,26.0,8.666666666666666
Jaleel White,Kym Johnson,Actor/Actress,California,United States,35,14,Eliminated Week 7,7,4,7.0,False,True,3,22.0,7.333333333333333
Gladys Knight,Tristan MacManus,Singer/Rapper,Georgia,United States,67,14,Eliminated Week 6,8,4,6.0,False,True,3,20.0,6.666666666666667
Gavin DeGraw,Karina Smirnoff,Singer/Rapper,New York,United States,35,14,Eliminated Week 5,9,4,5.0,False,True,3,23.0,7.666666666666667
Sherri Sheperd,Valentin Chmerkovskiy,Actor/Actress,Illinois,United States,44,14,Eliminated Week 4,10,4,4.0,True,True,3,21.0,7.0
Jack Wagner,Anna Trebunskaya,Actor/Actress,Missouri,United States,52,14,Eliminated Week 3,11,4,3.0,False,False,3,0.0,0.0
Martina Navratilova,Tony Dovolani,Athlete,,Czechoslovakia,55,14,Eliminated Week 2,12,4,2.0,False,False,3,0.0,0.0
Donald Driver,Peta Murgatroyd,Athlete,Texas,United States,37,14,1st Place,1,5,,False,True,3,27.0,9.0
Katherine Jenkins,Mark Ballas,Singer/Rapper,,Wales,31,14,2nd Place,2,5,,False,True,3,29.0,9.666666666666666
William Levy,Cheryl Burke,Actor/Actress,,Cuba,31,14,3rd Place,3,5,,False,True,3,29.0,9.666666666666666
Maria Menounos,Derek Hough,TV Personality,Massachusetts,United States,33,14,Eliminated Week 9,4,5,9.0,False,True,3,27.0,9.0
Melissa Gilbert,Maksim Chmerkoskiy,Actor/Actress,California,United States,47,14,Eliminated Week 8,5,5,8.0,False,True,3,21.0,7.0
Roshon Fegan,Chelsie Hightower,Actor/Actress,California,United States,20,14,Eliminated Week 8,6,5,8.0,False,True,3,26.0,8.666666666666666
Jaleel White,Kym Johnson,Actor/Actress,California,United States,35,14,Eliminated Week 7,7,5,7.0,False,True,3,24.0,8.0
Gladys Knight,Tristan MacManus,Singer/Rapper,Georgia,United States,67,14,Eliminated Week 6,8,5,6.0,False,True,3,22.0,7.333333333333333
Gavin DeGraw,Karina Smirnoff,Singer/Rapper,New York,United States,35,14,Eliminated Week 5,9,5,5.0,True,True,3,19.0,6.333333333333333
Sherri Sheperd,Valentin Chmerkovskiy,Actor/Actress,Illinois,United States,44,14,Eliminated Week 4,10,5,4.0,False,False,3,0.0,0.0
Jack Wagner,Anna Trebunskaya,Actor/Actress,Missouri,United States,52,14,Eliminated Week 3,11,5,3.0,False,False,3,0.0,0.0
Martina Navratilova,Tony Dovolani,Athlete,,Czechoslovakia,55,14,Eliminated Week 2,12,5,2.0,False,False,3,0.0,0.0
Donald Driver,Peta Murgatroyd,Athlete,Texas,United States,37,14,1st Place,1,6,,False,True,3,33.9999,11.3333
Katherine Jenkins,Mark Ballas,Singer/Rapper,,Wales,31,14,2nd Place,2,6,,False,True,3,38.9999,12.999966666666666
William Levy,Cheryl Burke,Actor/Actress,,Cuba,31,14,3rd Place,3,6,,False,True,3,36.0,12.0
Maria Menounos,Derek Hough,TV Personality,Massachusetts,United States,33,14,Eliminated Week 9,4,6,9.0,False,True,3,29.999899999999997,9.999966666666666
Melissa Gilbert,Maksim Chmerkoskiy,Actor/Actress,California,United States,47,14,Eliminated Week 8,5,6,8.0,False,True,3,30.0,10.0
Roshon Fegan,Chelsie Hightower,Actor/Actress,California,United States,20,14,Eliminated Week 8,6,6,8.0,False,True,3,27.9998,9.333266666666667
Jaleel White,Kym Johnson,Actor/Actress,California,United States,35,14,Eliminated Week 7,7,6,7.0,False,True,3,36.9998,12.333266666666667
Gladys Knight,Tristan MacManus,Singer/Rapper,Georgia,United States,67,14,Eliminated Week 6,8,6,6.0,True,True,3,24.0,8.0
Gavin DeGraw,Karina Smirnoff,Singer/Rapper,New York,United States,35,14,Eliminated Week 5,9,6,5.0,False,False,3,0.0,0.0
Sherri Sheperd,Valentin Chmerkovskiy,Actor/Actress,Illinois,United States,44,14,Eliminated Week 4,10,6,4.0,False,False,3,0.0,0.0
Jack Wagner,Anna Trebunskaya,Actor/Actress,Missouri,United States,52,14,Eliminated Week 3,11,6,3.0,False,False,3,0.0,0.0
Martina Navratilova,Tony Dovolani,Athlete,,Czechoslovakia,55,14,Eliminated Week 2,12,6,2.0,False,False,3,0.0,0.0
Donald Driver,Peta Murgatroyd,Athlete,Texas,United States,37,14,1st Place,1,7,,False,True,3,26.5,8.833333333333334
Katherine Jenkins,Mark Ballas,Singer/Rapper,,Wales,31,14,2nd Place,2,7,,False,True,3,27.0,9.0
William Levy,Cheryl Burke,Actor/Actress,,Cuba,31,14,3rd Place,3,7,,False,True,3,26.5,8.833333333333334
Maria Menounos,Derek Hough,TV Personality,Massachusetts,United States,33,14,Eliminated Week 9,4,7,9.0,False,True,3,28.5,9.5
Melissa Gilbert,Maksim Chmerkoskiy,Actor/Actress,California,United States,47,14,Eliminated Week 8,5,7,8.0,False,True,3,23.5,7.833333333333333
Roshon Fegan,Chelsie Hightower,Actor/Actress,California,United States,20,14,Eliminated Week 8,6,7,8.0,False,True,3,26.0,8.666666666666666
Jaleel White,Kym Johnson,Actor/Actress,California,United States,35,14,Eliminated Week 7,7,7,7.0,True,True,3,25.5,8.5
Gladys Knight,Tristan MacManus,Singer/Rapper,Georgia,United States,67,14,Eliminated Week 6,8,7,6.0,False,False,3,0.0,0.0
Gavin DeGraw,Karina Smirnoff,Singer/Rapper,New York,United States,35,14,Eliminated Week 5,9,7,5.0,False,False,3,0.0,0.0
Sherri Sheperd,Valentin Chmerkovskiy,Actor/Actress,Illinois,United States,44,14,Eliminated Week 4,10,7,4.0,False,False,3,0.0,0.0
Jack Wagner,Anna Trebunskaya,Actor/Actress,Missouri,United States,52,14,Eliminated Week 3,11,7,3.0,False,False,3,0.0,0.0
Martina Navratilova,Tony Dovolani,Athlete,,Czechoslovakia,55,14,Eliminated Week 2,12,7,2.0,False,False,3,0.0,0.0
Donald Driver,Peta Murgatroyd,Athlete,Texas,United States,37,14,1st Place,1,8,,False,True,3,27.5,9.166666666666666
Katherine Jenkins,Mark Ballas,Singer/Rapper,,Wales,31,14,2nd Place,2,8,,False,True,3,27.5,9.166666666666666
William Levy,Cheryl Burke,Actor/Actress,,Cuba,31,14,3rd Place,3,8,,False,True,3,28.5,9.5
Maria Menounos,Derek Hough,TV Personality,Massachusetts,United States,33,14,Eliminated Week 9,4,8,9.0,False,True,3,26.5,8.833333333333334
Melissa Gilbert,Maksim Chmerkoskiy,Actor/Actress,California,United States,47,14,Eliminated Week 8,5,8,8.0,True,True,3,25.5,8.5
Roshon Fegan,Chelsie Hightower,Actor/Actress,California,United States,20,14,Eliminated Week 8,6,8,8.0,True,True,3,28.0,9.333333333333334
Jaleel White,Kym Johnson,Actor/Actress,California,United States,35,14,Eliminated Week 7,7,8,7.0,False,False,3,0.0,0.0
Gladys Knight,Tristan MacManus,Singer/Rapper,Georgia,United States,67,14,Eliminated Week 6,8,8,6.0,False,False,3,0.0,0.0
Gavin DeGraw,Karina Smirnoff,Singer/Rapper,New York,United States,35,14,Eliminated Week 5,9,8,5.0,False,False,3,0.0,0.0
Sherri Sheperd,Valentin Chmerkovskiy,Actor/Actress,Illinois,United States,44,14,Eliminated Week 4,10,8,4.0,False,False,3,0.0,0.0
Jack Wagner,Anna Trebunskaya,Actor/Actress,Missouri,United States,52,14,Eliminated Week 3,11,8,3.0,False,False,3,0.0,0.0
Martina Navratilova,Tony Dovolani,Athlete,,Czechoslovakia,55,14,Eliminated Week 2,12,8,2.0,False,False,3,0.0,0.0
Donald Driver,Peta Murgatroyd,Athlete,Texas,United States,37,14,1st Place,1,9,,False,True,3,28.5,9.5
Katherine Jenkins,Mark Ballas,Singer/Rapper,,Wales,31,14,2nd Place,2,9,,False,True,3,28.0,9.333333333333334
William Levy,Cheryl Burke,Actor/Actress,,Cuba,31,14,3rd Place,3,9,,False,True,3,29.0,9.666666666666666
Maria Menounos,Derek Hough,TV Personality,Massachusetts,United States,33,14,Eliminated Week 9,4,9,9.0,True,True,3,29.5,9.833333333333334
Melissa Gilbert,Maksim Chmerkoskiy,Actor/Actress,California,United States,47,14,Eliminated Week 8,5,9,8.0,False,False,3,0.0,0.0
Roshon Fegan,Chelsie Hightower,Actor/Actress,California,United States,20,14,Eliminated Week 8,6,9,8.0,False,False,3,0.0,0.0
Jaleel White,Kym Johnson,Actor/Actress,California,United States,35,14,Eliminated Week 7,7,9,7.0,False,False,3,0.0,0.0
Gladys Knight,Tristan MacManus,Singer/Rapper,Georgia,United States,67,14,Eliminated Week 6,8,9,6.0,False,False,3,0.0,0.0
Gavin DeGraw,Karina Smirnoff,Singer/Rapper,New York,United States,35,14,Eliminated Week 5,9,9,5.0,False,False,3,0.0,0.0
Sherri Sheperd,Valentin Chmerkovskiy,Actor/Actress,Illinois,United States,44,14,Eliminated Week 4,10,9,4.0,False,False,3,0.0,0.0
Jack Wagner,Anna Trebunskaya,Actor/Actress,Missouri,United States,52,14,Eliminated Week 3,11,9,3.0,False,False,3,0.0,0.0
Martina Navratilova,Tony Dovolani,Athlete,,Czechoslovakia,55,14,Eliminated Week 2,12,9,2.0,False,False,3,0.0,0.0
Donald Driver,Peta Murgatroyd,Athlete,Texas,United States,37,14,1st Place,1,10,,False,True,3,29.666600000000003,9.888866666666667
Katherine Jenkins,Mark Ballas,Singer/Rapper,,Wales,31,14,2nd Place,2,10,,False,True,3,30.0,10.0
William Levy,Cheryl Burke,Actor/Actress,,Cuba,31,14,3rd Place,3,10,,False,True,3,29.666600000000003,9.888866666666667
Maria Menounos,Derek Hough,TV Personality,Massachusetts,United States,33,14,Eliminated Week 9,4,10,9.0,False,False,3,0.0,0.0
Melissa Gilbert,Maksim Chmerkoskiy,Actor/Actress,California,United States,47,14,Eliminated Week 8,5,10,8.0,False,False,3,0.0,0.0
Roshon Fegan,Chelsie Hightower,Actor/Actress,California,United States,20,14,Eliminated Week 8,6,10,8.0,False,False,3,0.0,0.0
Jaleel White,Kym Johnson,Actor/Actress,California,United States,35,14,Eliminated Week 7,7,10,7.0,False,False,3,0.0,0.0
Gladys Knight,Tristan MacManus,Singer/Rapper,Georgia,United States,67,14,Eliminated Week 6,8,10,6.0,False,False,3,0.0,0.0
Gavin DeGraw,Karina Smirnoff,Singer/Rapper,New York,United States,35,14,Eliminated Week 5,9,10,5.0,False,False,3,0.0,0.0
Sherri Sheperd,Valentin Chmerkovskiy,Actor/Actress,Illinois,United States,44,14,Eliminated Week 4,10,10,4.0,False,False,3,0.0,0.0
Jack Wagner,Anna Trebunskaya,Actor/Actress,Missouri,United States,52,14,Eliminated Week 3,11,10,3.0,False,False,3,0.0,0.0
Martina Navratilova,Tony Dovolani,Athlete,,Czechoslovakia,55,14,Eliminated Week 2,12,10,2.0,False,False,3,0.0,0.0
Melissa Rycroft,Tony Dovolani,TV Personality,Texas,United States,29,15,1st Place,1,1,,False,True,3,21.0,7.0
Shawn Johnson,Derek Hough,Athlete,Iowa,United States,20,15,2nd Place,2,1,,False,True,3,22.0,7.333333333333333
Kelly Monaco,Valentin Chmerkovskiy,Actor/Actress,Pennsylvania,United States,36,15,3rd Place,3,1,,False,True,3,21.5,7.166666666666667
Emmitt Smith,Cheryl Burke,Athlete,Florida,United States,43,15,Eliminated Week 9,4,1,9.0,False,True,3,24.5,8.166666666666666
Apolo Anton Ohno,Karina Smirnoff,Athlete,Washington,United States,30,15,Eliminated Week 9,5,1,9.0,False,True,3,22.0,7.333333333333333
Gilles Marini,Peta Murgatroyd,Actor/Actress,,France,36,15,Eliminated Week 8,6,1,8.0,False,True,3,24.0,8.0
Kirstie Alley,Maksim Chmerkoskiy,Actor/Actress,Kansas,United States,61,15,Eliminated Week 8,7,1,8.0,False,True,3,19.0,6.333333333333333
Sabrina Bryan,Louis van Amstel,Actor/Actress,California,United States,28,15,Eliminated Week 6,8,1,6.0,False,True,3,22.5,7.5
Bristol Palin,Mark Ballas,TV Personality,Alaska,United States,21,15,Eliminated Week 4,9,1,4.0,False,True,3,19.5,6.5
Helio Castroneves,Chelsie Hightower,Racing Driver,,Brazil,37,15,Eliminated Week 3,10,1,3.0,False,True,3,21.5,7.166666666666667
Drew Lachey,Anna Trebunskaya,Singer/Rapper,Ohio,United States,36,15,Eliminated Week 3,11,1,3.0,False,True,3,21.5,7.166666666666667
Joey Fatone,Kym Johnson,Singer/Rapper,New York,United States,35,15,Eliminated Week 2,12,1,2.0,False,True,3,20.5,6.833333333333333
Pamela Anderson,Tristan MacManus,Model,,Canada,45,15,Eliminated Week 1,13,1,1.0,True,True,3,17.0,5.666666666666667
Melissa Rycroft,Tony Dovolani,TV Personality,Texas,United States,29,15,1st Place,1,2,,False,True,3,23.5,7.833333333333333
Shawn Johnson,Derek Hough,Athlete,Iowa,United States,20,15,2nd Place,2,2,,False,True,3,25.0,8.333333333333334
Kelly Monaco,Valentin Chmerkovskiy,Actor/Actress,Pennsylvania,United States,36,15,3rd Place,3,2,,False,True,3,22.0,7.333333333333333
Emmitt Smith,Cheryl Burke,Athlete,Florida,United States,43,15,Eliminated Week 9,4,2,9.0,False,True,3,22.5,7.5
Apolo Anton Ohno,Karina Smirnoff,Athlete,Washington,United States,30,15,Eliminated Week 9,5,2,9.0,False,True,3,24.5,8.166666666666666
Gilles Marini,Peta Murgatroyd,Actor/Actress,,France,36,15,Eliminated Week 8,6,2,8.0,False,True,3,25.5,8.5
Kirstie Alley,Maksim Chmerkoskiy,Actor/Actress,Kansas,United States,61,15,Eliminated Week 8,7,2,8.0,False,True,3,21.0,7.0
Sabrina Bryan,Louis van Amstel,Actor/Actress,California,United States,28,15,Eliminated Week 6,8,2,6.0,False,True,3,26.0,8.666666666666666
Bristol Palin,Mark Ballas,TV Personality,Alaska,United States,21,15,Eliminated Week 4,9,2,4.0,False,True,3,18.0,6.0
Helio Castroneves,Chelsie Hightower,Racing Driver,,Brazil,37,15,Eliminated Week 3,10,2,3.0,False,True,3,23.0,7.666666666666667
Drew Lachey,Anna Trebunskaya,Singer/Rapper,Ohio,United States,36,15,Eliminated Week 3,11,2,3.0,False,True,3,22.5,7.5
Joey Fatone,Kym Johnson,Singer/Rapper,New York,United States,35,15,Eliminated Week 2,12,2,2.0,True,True,3,22.5,7.5
Pamela Anderson,Tristan MacManus,Model,,Canada,45,15,Eliminated Week 1,13,2,1.0,False,False,3,0.0,0.0
Melissa Rycroft,Tony Dovolani,TV Personality,Texas,United States,29,15,1st Place,1,3,,False,True,3,27.0,9.0
Shawn Johnson,Derek Hough,Athlete,Iowa,United States,20,15,2nd Place,2,3,,False,True,3,26.5,8.833333333333334
Kelly Monaco,Valentin Chmerkovskiy,Actor/Actress,Pennsylvania,United States,36,15,3rd Place,3,3,,False,True,3,27.0,9.0
Emmitt Smith,Cheryl Burke,Athlete,Florida,United States,43,15,Eliminated Week 9,4,3,9.0,False,True,3,25.0,8.333333333333334
Apolo Anton Ohno,Karina Smirnoff,Athlete,Washington,United States,30,15,Eliminated Week 9,5,3,9.0,False,True,3,25.5,8.5
Gilles Marini,Peta Murgatroyd,Actor/Actress,,France,36,15,Eliminated Week 8,6,3,8.0,False,True,3,25.5,8.5
Kirstie Alley,Maksim Chmerkoskiy,Actor/Actress,Kansas,United States,61,15,Eliminated Week 8,7,3,8.0,False,True,3,24.0,8.0
Sabrina Bryan,Louis van Amstel,Actor/Actress,California,United States,28,15,Eliminated Week 6,8,3,6.0,False,True,3,25.5,8.5
Bristol Palin,Mark Ballas,TV Personality,Alaska,United States,21,15,Eliminated Week 4,9,3,4.0,False,True,3,22.5,7.5
Helio Castroneves,Chelsie Hightower,Racing Driver,,Brazil,37,15,Eliminated Week 3,10,3,3.0,True,True,3,25.5,8.5
Drew Lachey,Anna Trebunskaya,Singer/Rapper,Ohio,United States,36,15,Eliminated Week 3,11,3,3.0,True,True,3,24.0,8.0
Joey Fatone,Kym Johnson,Singer/Rapper,New York,United States,35,15,Eliminated Week 2,12,3,2.0,False,False,3,0.0,0.0
Pamela Anderson,Tristan MacManus,Model,,Canada,45,15,Eliminated Week 1,13,3,1.0,False,False,3,0.0,0.0
Melissa Rycroft,Tony Dovolani,TV Personality,Texas,United States,29,15,1st Place,1,4,,False,True,4,37.0,9.25
Shawn Johnson,Derek Hough,Athlete,Iowa,United States,20,15,2nd Place,2,4,,False,True,4,39.5,9.875
Kelly Monaco,Valentin Chmerkovskiy,Actor/Actress,Pennsylvania,United States,36,15,3rd Place,3,4,,False,True,4,37.5,9.375
Emmitt Smith,Cheryl Burke,Athlete,Florida,United States,43,15,Eliminated Week 9,4,4,9.0,False,True,4,36.0,9.0
Apolo Anton Ohno,Karina Smirnoff,Athlete,Washington,United States,30,15,Eliminated Week 9,5,4,9.0,False,True,4,34.5,8.625
Gilles Marini,Peta Murgatroyd,Actor/Actress,,France,36,15,Eliminated Week 8,6,4,8.0,False,True,4,39.5,9.875
Kirstie Alley,Maksim Chmerkoskiy,Actor/Actress,Kansas,United States,61,15,Eliminated Week 8,7,4,8.0,False,True,4,30.0,7.5
Sabrina Bryan,Louis van Amstel,Actor/Actress,California,United States,28,15,Eliminated Week 6,8,4,6.0,False,True,4,35.5,8.875
Bristol Palin,Mark Ballas,TV Personality,Alaska,United States,21,15,Eliminated Week 4,9,4,4.0,True,True,4,32.0,8.0
Helio Castroneves,Chelsie Hightower,Racing Driver,,Brazil,37,15,Eliminated Week 3,10,4,3.0,False,False,4,0.0,0.0
Drew Lachey,Anna Trebunskaya,Singer/Rapper,Ohio,United States,36,15,Eliminated Week 3,11,4,3.0,False,False,4,0.0,0.0
Joey Fatone,Kym Johnson,Singer/Rapper,New York,United States,35,15,Eliminated Week 2,12,4,2.0,False,False,4,0.0,0.0
Pamela Anderson,Tristan MacManus,Model,,Canada,45,15,Eliminated Week 1,13,4,1.0,False,False,4,0.0,0.0
Melissa Rycroft,Tony Dovolani,TV Personality,Texas,United States,29,15,1st Place,1,5,,False,True,3,28.25,9.416666666666666
Shawn Johnson,Derek Hough,Athlete,Iowa,United States,20,15,2nd Place,2,5,,False,True,3,28.25,9.416666666666666
Kelly Monaco,Valentin Chmerkovskiy,Actor/Actress,Pennsylvania,United States,36,15,3rd Place,3,5,,False,True,3,25.75,8.583333333333334
Emmitt Smith,Cheryl Burke,Athlete,Florida,United States,43,15,Eliminated Week 9,4,5,9.0,False,True,3,28.0,9.333333333333334
Apolo Anton Ohno,Karina Smirnoff,Athlete,Washington,United States,30,15,Eliminated Week 9,5,5,9.0,False,True,3,28.25,9.416666666666666
Gilles Marini,Peta Murgatroyd,Actor/Actress,,France,36,15,Eliminated Week 8,6,5,8.0,False,True,3,28.25,9.416666666666666
Kirstie Alley,Maksim Chmerkoskiy,Actor/Actress,Kansas,United States,61,15,Eliminated Week 8,7,5,8.0,False,True,3,26.25,8.75
Sabrina Bryan,Louis van Amstel,Actor/Actress,California,United States,28,15,Eliminated Week 6,8,5,6.0,False,True,3,29.25,9.75
Bristol Palin,Mark Ballas,TV Personality,Alaska,United States,21,15,Eliminated Week 4,9,5,4.0,False,False,3,0.0,0.0
Helio Castroneves,Chelsie Hightower,Racing Driver,,Brazil,37,15,Eliminated Week 3,10,5,3.0,False,False,3,0.0,0.0
Drew Lachey,Anna Trebunskaya,Singer/Rapper,Ohio,United States,36,15,Eliminated Week 3,11,5,3.0,False,False,3,0.0,0.0
Joey Fatone,Kym Johnson,Singer/Rapper,New York,United States,35,15,Eliminated Week 2,12,5,2.0,False,False,3,0.0,0.0
Pamela Anderson,Tristan MacManus,Model,,Canada,45,15,Eliminated Week 1,13,5,1.0,False,False,3,0.0,0.0
Melissa Rycroft,Tony Dovolani,TV Personality,Texas,United States,29,15,1st Place,1,6,,False,True,3,29.5,9.833333333333334
Shawn Johnson,Derek Hough,Athlete,Iowa,United States,20,15,2nd Place,2,6,,False,True,3,28.0,9.333333333333334
Kelly Monaco,Valentin Chmerkovskiy,Actor/Actress,Pennsylvania,United States,36,15,3rd Place,3,6,,False,True,3,27.0,9.0
Emmitt Smith,Cheryl Burke,Athlete,Florida,United States,43,15,Eliminated Week 9,4,6,9.0,False,True,3,26.5,8.833333333333334
Apolo Anton Ohno,Karina Smirnoff,Athlete,Washington,United States,30,15,Eliminated Week 9,5,6,9.0,False,True,3,30.0,10.0
Gilles Marini,Peta Murgatroyd,Actor/Actress,,France,36,15,Eliminated Week 8,6,6,8.0,False,True,3,27.5,9.166666666666666
Kirstie Alley,Maksim Chmerkoskiy,Actor/Actress,Kansas,United States,61,15,Eliminated Week 8,7,6,8.0,False,True,3,27.5,9.166666666666666
Sabrina Bryan,Louis van Amstel,Actor/Actress,California,United States,28,15,Eliminated Week 6,8,6,6.0,True,True,3,30.0,10.0
Bristol Palin,Mark Ballas,TV Personality,Alaska,United States,21,15,Eliminated Week 4,9,6,4.0,False,False,3,0.0,0.0
Helio Castroneves,Chelsie Hightower,Racing Driver,,Brazil,37,15,Eliminated Week 3,10,6,3.0,False,False,3,0.0,0.0
Drew Lachey,Anna Trebunskaya,Singer/Rapper,Ohio,United States,36,15,Eliminated Week 3,11,6,3.0,False,False,3,0.0,0.0
Joey Fatone,Kym Johnson,Singer/Rapper,New York,United States,35,15,Eliminated Week 2,12,6,2.0,False,False,3,0.0,0.0
Pamela Anderson,Tristan MacManus,Model,,Canada,45,15,Eliminated Week 1,13,6,1.0,False,False,3,0.0,0.0
Melissa Rycroft,Tony Dovolani,TV Personality,Texas,United States,29,15,1st Place,1,7,,False,True,3,38.9999,12.999966666666666
Shawn Johnson,Derek Hough,Athlete,Iowa,United States,20,15,2nd Place,2,7,,False,True,3,37.9998,12.6666
Kelly Monaco,Valentin Chmerkovskiy,Actor/Actress,Pennsylvania,United States,36,15,3rd Place,3,7,,False,True,3,36.0,12.0
Emmitt Smith,Cheryl Burke,Athlete,Florida,United States,43,15,Eliminated Week 9,4,7,9.0,False,True,3,34.4999,11.499966666666666
Apolo Anton Ohno,Karina Smirnoff,Athlete,Washington,United States,30,15,Eliminated Week 9,5,7,9.0,False,True,3,33.0,11.0
Gilles Marini,Peta Murgatroyd,Actor/Actress,,France,36,15,Eliminated Week 8,6,7,8.0,False,True,3,33.4998,11.1666
Kirstie Alley,Maksim Chmerkoskiy,Actor/Actress,Kansas,United States,61,15,Eliminated Week 8,7,7,8.0,False,True,3,27.999899999999997,9.3333
Sabrina Bryan,Louis van Amstel,Actor/Actress,California,United States,28,15,Eliminated Week 6,8,7,6.0,False,False,3,0.0,0.0
Bristol Palin,Mark Ballas,TV Personality,Alaska,United States,21,15,Eliminated Week 4,9,7,4.0,False,False,3,0.0,0.0
Helio Castroneves,Chelsie Hightower,Racing Driver,,Brazil,37,15,Eliminated Week 3,10,7,3.0,False,False,3,0.0,0.0
Drew Lachey,Anna Trebunskaya,Singer/Rapper,Ohio,United States,36,15,Eliminated Week 3,11,7,3.0,False,False,3,0.0,0.0
Joey Fatone,Kym Johnson,Singer/Rapper,New York,United States,35,15,Eliminated Week 2,12,7,2.0,False,False,3,0.0,0.0
Pamela Anderson,Tristan MacManus,Model,,Canada,45,15,Eliminated Week 1,13,7,1.0,False,False,3,0.0,0.0
Melissa Rycroft,Tony Dovolani,TV Personality,Texas,United States,29,15,1st Place,1,8,,False,True,3,30.0,10.0
Shawn Johnson,Derek Hough,Athlete,Iowa,United States,20,15,2nd Place,2,8,,False,True,3,27.8333,9.277766666666666
Kelly Monaco,Valentin Chmerkovskiy,Actor/Actress,Pennsylvania,United States,36,15,3rd Place,3,8,,False,True,3,28.3333,9.444433333333334
Emmitt Smith,Cheryl Burke,Athlete,Florida,United States,43,15,Eliminated Week 9,4,8,9.0,False,True,3,29.0554,9.685133333333333
Apolo Anton Ohno,Karina Smirnoff,Athlete,Washington,United States,30,15,Eliminated Week 9,5,8,9.0,False,True,3,29.2777,9.759233333333333
Gilles Marini,Peta Murgatroyd,Actor/Actress,,France,36,15,Eliminated Week 8,6,8,8.0,True,True,3,29.2777,9.759233333333333
Kirstie Alley,Maksim Chmerkoskiy,Actor/Actress,Kansas,United States,61,15,Eliminated Week 8,7,8,8.0,True,True,3,25.5,8.5
Sabrina Bryan,Louis van Amstel,Actor/Actress,California,United States,28,15,Eliminated Week 6,8,8,6.0,False,False,3,0.0,0.0
Bristol Palin,Mark Ballas,TV Personality,Alaska,United States,21,15,Eliminated Week 4,9,8,4.0,False,False,3,0.0,0.0
Helio Castroneves,Chelsie Hightower,Racing Driver,,Brazil,37,15,Eliminated Week 3,10,8,3.0,False,False,3,0.0,0.0
Drew Lachey,Anna Trebunskaya,Singer/Rapper,Ohio,United States,36,15,Eliminated Week 3,11,8,3.0,False,False,3,0.0,0.0
Joey Fatone,Kym Johnson,Singer/Rapper,New York,United States,35,15,Eliminated Week 2,12,8,2.0,False,False,3,0.0,0.0
Pamela Anderson,Tristan MacManus,Model,,Canada,45,15,Eliminated Week 1,13,8,1.0,False,False,3,0.0,0.0
Melissa Rycroft,Tony Dovolani,TV Personality,Texas,United States,29,15,1st Place,1,9,,False,True,3,28.7777,9.592566666666666
Shawn Johnson,Derek Hough,Athlete,Iowa,United States,20,15,2nd Place,2,9,,False,True,3,29.5,9.833333333333334
Kelly Monaco,Valentin Chmerkovskiy,Actor/Actress,Pennsylvania,United States,36,15,3rd Place,3,9,,False,True,3,27.110999999999997,9.036999999999999
Emmitt Smith,Cheryl Burke,Athlete,Florida,United States,43,15,Eliminated Week 9,4,9,9.0,True,True,3,27.0,9.0
Apolo Anton Ohno,Karina Smirnoff,Athlete,Washington,United States,30,15,Eliminated Week 9,5,9,9.0,True,True,3,28.611,9.537
Gilles Marini,Peta Murgatroyd,Actor/Actress,,France,36,15,Eliminated Week 8,6,9,8.0,False,False,3,0.0,0.0
Kirstie Alley,Maksim Chmerkoskiy,Actor/Actress,Kansas,United States,61,15,Eliminated Week 8,7,9,8.0,False,False,3,0.0,0.0
Sabrina Bryan,Louis van Amstel,Actor/Actress,California,United States,28,15,Eliminated Week 6,8,9,6.0,False,False,3,0.0,0.0
Bristol Palin,Mark Ballas,TV Personality,Alaska,United States,21,15,Eliminated Week 4,9,9,4.0,False,False,3,0.0,0.0
Helio Castroneves,Chelsie Hightower,Racing Driver,,Brazil,37,15,Eliminated Week 3,10,9,3.0,False,False,3,0.0,0.0
Drew Lachey,Anna Trebunskaya,Singer/Rapper,Ohio,United States,36,15,Eliminated Week 3,11,9,3.0,False,False,3,0.0,0.0
Joey Fatone,Kym Johnson,Singer/Rapper,New York,United States,35,15,Eliminated Week 2,12,9,2.0,False,False,3,0.0,0.0
Pamela Anderson,Tristan MacManus,Model,,Canada,45,15,Eliminated Week 1,13,9,1.0,False,False,3,0.0,0.0
Melissa Rycroft,Tony Dovolani,TV Personality,Texas,United States,29,15,1st Place,1,10,,False,True,3,29.333099999999998,9.7777
Shawn Johnson,Derek Hough,Athlete,Iowa,United States,20,15,2nd Place,2,10,,False,True,3,28.944300000000002,9.648100000000001
Kelly Monaco,Valentin Chmerkovskiy,Actor/Actress,Pennsylvania,United States,36,15,3rd Place,3,10,,False,True,3,29.1109,9.703633333333334
Emmitt Smith,Cheryl Burke,Athlete,Florida,United States,43,15,Eliminated Week 9,4,10,9.0,False,False,3,0.0,0.0
Apolo Anton Ohno,Karina Smirnoff,Athlete,Washington,United States,30,15,Eliminated Week 9,5,10,9.0,False,False,3,0.0,0.0
Gilles Marini,Peta Murgatroyd,Actor/Actress,,France,36,15,Eliminated Week 8,6,10,8.0,False,False,3,0.0,0.0
Kirstie Alley,Maksim Chmerkoskiy,Actor/Actress,Kansas,United States,61,15,Eliminated Week 8,7,10,8.0,False,False,3,0.0,0.0
Sabrina Bryan,Louis van Amstel,Actor/Actress,California,United States,28,15,Eliminated Week 6,8,10,6.0,False,False,3,0.0,0.0
Bristol Palin,Mark Ballas,TV Personality,Alaska,United States,21,15,Eliminated Week 4,9,10,4.0,False,False,3,0.0,0.0
Helio Castroneves,Chelsie Hightower,Racing Driver,,Brazil,37,15,Eliminated Week 3,10,10,3.0,False,False,3,0.0,0.0
Drew Lachey,Anna Trebunskaya,Singer/Rapper,Ohio,United States,36,15,Eliminated Week 3,11,10,3.0,False,False,3,0.0,0.0
Joey Fatone,Kym Johnson,Singer/Rapper,New York,United States,35,15,Eliminated Week 2,12,10,2.0,False,False,3,0.0,0.0
Pamela Anderson,Tristan MacManus,Model,,Canada,45,15,Eliminated Week 1,13,10,1.0,False,False,3,0.0,0.0
Kellie Pickler,Derek Hough,Singer/Rapper,North Carolina,United States,26,16,1st Place,1,1,,False,True,3,21.0,7.0
Zendaya,Valentin Chmerkovskiy,Actor/Actress,California,United States,16,16,2nd Place,2,1,,False,True,3,24.0,8.0
Jacoby Jones,Karina Smirnoff,Athlete,Louisiana,United States,28,16,3rd Place,3,1,,False,True,3,20.0,6.666666666666667
Alexandra Raisman,Mark Ballas,Athlete,Massachusetts,United States,18,16,Eliminated Week 10,4,1,10.0,False,True,3,21.0,7.0
Ingo Rademacher,Kym Johnson,Actor/Actress,,Germany,41,16,Eliminated Week 9,5,1,9.0,False,True,3,20.0,6.666666666666667
Sean Lowe,Peta Murgatroyd,TV Personality,Texas,United States,29,16,Eliminated Week 8,6,1,8.0,False,True,3,19.0,6.333333333333333
Andy Dick,Sharna Burgess,Comedian,South Carolina,United States,47,16,Eliminated Week 7,7,1,7.0,False,True,3,17.0,5.666666666666667
Victor Ortiz,Lindsay Arnold,Athlete,Kansas,United States,26,16,Eliminated Week 6,8,1,6.0,False,True,3,18.0,6.0
D. L. Hughley,Cheryl Burke,Comedian,Virginia,United States,50,16,Eliminated Week 5,9,1,5.0,False,True,3,12.0,4.0
Lisa Vanderpump,Gleb Savchenko,TV Personality,,England,52,16,Eliminated Week 4,10,1,4.0,False,True,3,18.0,6.0
Wynonna Judd,Tony Dovolani,Singer/Rapper,Kentucky,United States,48,16,Eliminated Week 3,11,1,3.0,False,True,3,18.0,6.0
Dorothy Hamill,Tristan MacManus,Athlete,Illinois,United States,56,16,Withdrew,12,1,,False,True,3,21.0,7.0
Kellie Pickler,Derek Hough,Singer/Rapper,North Carolina,United States,26,16,1st Place,1,2,,False,True,3,26.0,8.666666666666666
Zendaya,Valentin Chmerkovskiy,Actor/Actress,California,United States,16,16,2nd Place,2,2,,False,True,3,26.0,8.666666666666666
Jacoby Jones,Karina Smirnoff,Athlete,Louisiana,United States,28,16,3rd Place,3,2,,False,True,3,23.0,7.666666666666667
Alexandra Raisman,Mark Ballas,Athlete,Massachusetts,United States,18,16,Eliminated Week 10,4,2,10.0,False,True,3,24.0,8.0
Ingo Rademacher,Kym Johnson,Actor/Actress,,Germany,41,16,Eliminated Week 9,5,2,9.0,False,True,3,20.0,6.666666666666667
Sean Lowe,Peta Murgatroyd,TV Personality,Texas,United States,29,16,Eliminated Week 8,6,2,8.0,False,True,3,20.0,6.666666666666667
Andy Dick,Sharna Burgess,Comedian,South Carolina,United States,47,16,Eliminated Week 7,7,2,7.0,False,True,3,20.0,6.666666666666667
Victor Ortiz,Lindsay Arnold,Athlete,Kansas,United States,26,16,Eliminated Week 6,8,2,6.0,False,True,3,18.0,6.0
D. L. Hughley,Cheryl Burke,Comedian,Virginia,United States,50,16,Eliminated Week 5,9,2,5.0,False,True,3,16.0,5.333333333333333
Lisa Vanderpump,Gleb Savchenko,TV Personality,,England,52,16,Eliminated Week 4,10,2,4.0,False,True,3,18.0,6.0
Wynonna Judd,Tony Dovolani,Singer/Rapper,Kentucky,United States,48,16,Eliminated Week 3,11,2,3.0,False,True,3,18.0,6.0
Dorothy Hamill,Tristan MacManus,Athlete,Illinois,United States,56,16,Withdrew,12,2,,False,True,3,15.0,5.0
Kellie Pickler,Derek Hough,Singer/Rapper,North Carolina,United States,26,16,1st Place,1,3,,False,True,3,25.0,8.333333333333334
Zendaya,Valentin Chmerkovskiy,Actor/Actress,California,United States,16,16,2nd Place,2,3,,False,True,3,25.9998,8.6666
Jacoby Jones,Karina Smirnoff,Athlete,Louisiana,United States,28,16,3rd Place,3,3,,False,True,3,25.9998,8.6666
Alexandra Raisman,Mark Ballas,Athlete,Massachusetts,United States,18,16,Eliminated Week 10,4,3,10.0,False,True,3,23.0,7.666666666666667
Ingo Rademacher,Kym Johnson,Actor/Actress,,Germany,41,16,Eliminated Week 9,5,3,9.0,False,True,3,21.0,7.0
Sean Lowe,Peta Murgatroyd,TV Personality,Texas,United States,29,16,Eliminated Week 8,6,3,8.0,False,True,3,21.0,7.0
Andy Dick,Sharna Burgess,Comedian,South Carolina,United States,47,16,Eliminated Week 7,7,3,7.0,False,True,3,18.0,6.0
Victor Ortiz,Lindsay Arnold,Athlete,Kansas,United States,26,16,Eliminated Week 6,8,3,6.0,False,True,3,23.0,7.666666666666667
D. L. Hughley,Cheryl Burke,Comedian,Virginia,United States,50,16,Eliminated Week 5,9,3,5.0,False,True,3,16.0,5.333333333333333
Lisa Vanderpump,Gleb Savchenko,TV Personality,,England,52,16,Eliminated Week 4,10,3,4.0,False,True,3,21.0,7.0
Wynonna Judd,Tony Dovolani,Singer/Rapper,Kentucky,United States,48,16,Eliminated Week 3,11,3,3.0,True,True,3,15.0,5.0
Dorothy Hamill,Tristan MacManus,Athlete,Illinois,United States,56,16,Withdrew,12,3,,False,False,3,0.0,0.0
Kellie Pickler,Derek Hough,Singer/Rapper,North Carolina,United States,26,16,1st Place,1,4,,False,True,3,26.0,8.666666666666666
Zendaya,Valentin Chmerkovskiy,Actor/Actress,California,United States,16,16,2nd Place,2,4,,False,True,3,26.0,8.666666666666666
Jacoby Jones,Karina Smirnoff,Athlete,Louisiana,United States,28,16,3rd Place,3,4,,False,True,3,24.0,8.0
Alexandra Raisman,Mark Ballas,Athlete,Massachusetts,United States,18,16,Eliminated Week 10,4,4,10.0,False,True,3,27.0,9.0
Ingo Rademacher,Kym Johnson,Actor/Actress,,Germany,41,16,Eliminated Week 9,5,4,9.0,False,True,3,23.0,7.666666666666667
Sean Lowe,Peta Murgatroyd,TV Personality,Texas,United States,29,16,Eliminated Week 8,6,4,8.0,False,True,3,20.0,6.666666666666667
Andy Dick,Sharna Burgess,Comedian,South Carolina,United States,47,16,Eliminated Week 7,7,4,7.0,False,True,3,21.0,7.0
Victor Ortiz,Lindsay Arnold,Athlete,Kansas,United States,26,16,Eliminated Week 6,8,4,6.0,False,True,3,18.0,6.0
D. L. Hughley,Cheryl Burke,Comedian,Virginia,United States,50,16,Eliminated Week 5,9,4,5.0,False,True,3,21.0,7.0
Lisa Vanderpump,Gleb Savchenko,TV Personality,,England,52,16,Eliminated Week 4,10,4,4.0,True,True,3,18.0,6.0
Wynonna Judd,Tony Dovolani,Singer/Rapper,Kentucky,United States,48,16,Eliminated Week 3,11,4,3.0,False,False,3,0.0,0.0
Dorothy Hamill,Tristan MacManus,Athlete,Illinois,United States,56,16,Withdrew,12,4,,False,False,3,0.0,0.0
Kellie Pickler,Derek Hough,Singer/Rapper,North Carolina,United States,26,16,1st Place,1,5,,False,True,3,27.0,9.0
Zendaya,Valentin Chmerkovskiy,Actor/Actress,California,United States,16,16,2nd Place,2,5,,False,True,3,29.0,9.666666666666666
Jacoby Jones,Karina Smirnoff,Athlete,Louisiana,United States,28,16,3rd Place,3,5,,False,True,3,26.0,8.666666666666666
Alexandra Raisman,Mark Ballas,Athlete,Massachusetts,United States,18,16,Eliminated Week 10,4,5,10.0,False,True,3,25.0,8.333333333333334
Ingo Rademacher,Kym Johnson,Actor/Actress,,Germany,41,16,Eliminated Week 9,5,5,9.0,False,True,3,21.0,7.0
Sean Lowe,Peta Murgatroyd,TV Personality,Texas,United States,29,16,Eliminated Week 8,6,5,8.0,False,True,3,24.0,8.0
Andy Dick,Sharna Burgess,Comedian,South Carolina,United States,47,16,Eliminated Week 7,7,5,7.0,False,True,3,18.0,6.0
Victor Ortiz,Lindsay Arnold,Athlete,Kansas,United States,26,16,Eliminated Week 6,8,5,6.0,False,True,3,21.0,7.0
D. L. Hughley,Cheryl Burke,Comedian,Virginia,United States,50,16,Eliminated Week 5,9,5,5.0,True,True,3,18.0,6.0
Lisa Vanderpump,Gleb Savchenko,TV Personality,,England,52,16,Eliminated Week 4,10,5,4.0,False,False,3,0.0,0.0
Wynonna Judd,Tony Dovolani,Singer/Rapper,Kentucky,United States,48,16,Eliminated Week 3,11,5,3.0,False,False,3,0.0,0.0
Dorothy Hamill,Tristan MacManus,Athlete,Illinois,United States,56,16,Withdrew,12,5,,False,False,3,0.0,0.0
Kellie Pickler,Derek Hough,Singer/Rapper,North Carolina,United States,26,16,1st Place,1,6,,False,True,3,27.0,9.0
Zendaya,Valentin Chmerkovskiy,Actor/Actress,California,United States,16,16,2nd Place,2,6,,False,True,3,25.5,8.5
Jacoby Jones,Karina Smirnoff,Athlete,Louisiana,United States,28,16,3rd Place,3,6,,False,True,3,22.5,7.5
Alexandra Raisman,Mark Ballas,Athlete,Massachusetts,United States,18,16,Eliminated Week 10,4,6,10.0,False,True,3,26.0,8.666666666666666
Ingo Rademacher,Kym Johnson,Actor/Actress,,Germany,41,16,Eliminated Week 9,5,6,9.0,False,True,3,23.0,7.666666666666667
Sean Lowe,Peta Murgatroyd,TV Personality,Texas,United States,29,16,Eliminated Week 8,6,6,8.0,False,True,3,23.0,7.666666666666667
Andy Dick,Sharna Burgess,Comedian,South Carolina,United States,47,16,Eliminated Week 7,7,6,7.0,False,True,3,21.5,7.166666666666667
Victor Ortiz,Lindsay Arnold,Athlete,Kansas,United States,26,16,Eliminated Week 6,8,6,6.0,True,True,3,20.0,6.666666666666667
D. L. Hughley,Cheryl Burke,Comedian,Virginia,United States,50,16,Eliminated Week 5,9,6,5.0,False,False,3,0.0,0.0
Lisa Vanderpump,Gleb Savchenko,TV Personality,,England,52,16,Eliminated Week 4,10,6,4.0,False,False,3,0.0,0.0
Wynonna Judd,Tony Dovolani,Singer/Rapper,Kentucky,United States,48,16,Eliminated Week 3,11,6,3.0,False,False,3,0.0,0.0
Dorothy Hamill,Tristan MacManus,Athlete,Illinois,United States,56,16,Withdrew,12,6,,False,False,3,0.0,0.0
Kellie Pickler,Derek Hough,Singer/Rapper,North Carolina,United States,26,16,1st Place,1,7,,False,True,3,29.0,9.666666666666666
Zendaya,Valentin Chmerkovskiy,Actor/Actress,California,United States,16,16,2nd Place,2,7,,False,True,3,30.0,10.0
Jacoby Jones,Karina Smirnoff,Athlete,Louisiana,United States,28,16,3rd Place,3,7,,False,True,3,27.0,9.0
Alexandra Raisman,Mark Ballas,Athlete,Massachusetts,United States,18,16,Eliminated Week 10,4,7,10.0,False,True,3,32.0,10.666666666666666
Ingo Rademacher,Kym Johnson,Actor/Actress,,Germany,41,16,Eliminated Week 9,5,7,9.0,False,True,3,25.0,8.333333333333334
Sean Lowe,Peta Murgatroyd,TV Personality,Texas,United States,29,16,Eliminated Week 8,6,7,8.0,False,True,3,24.0,8.0
Andy Dick,Sharna Burgess,Comedian,South Carolina,United States,47,16,Eliminated Week 7,7,7,7.0,True,True,3,17.0,5.666666666666667
Victor Ortiz,Lindsay Arnold,Athlete,Kansas,United States,26,16,Eliminated Week 6,8,7,6.0,False,False,3,0.0,0.0
D. L. Hughley,Cheryl Burke,Comedian,Virginia,United States,50,16,Eliminated Week 5,9,7,5.0,False,False,3,0.0,0.0
Lisa Vanderpump,Gleb Savchenko,TV Personality,,England,52,16,Eliminated Week 4,10,7,4.0,False,False,3,0.0,0.0
Wynonna Judd,Tony Dovolani,Singer/Rapper,Kentucky,United States,48,16,Eliminated Week 3,11,7,3.0,False,False,3,0.0,0.0
Dorothy Hamill,Tristan MacManus,Athlete,Illinois,United States,56,16,Withdrew,12,7,,False,False,3,0.0,0.0
Kellie Pickler,Derek Hough,Singer/Rapper,North Carolina,United States,26,16,1st Place,1,8,,False,True,3,27.5,9.166666666666666
Zendaya,Valentin Chmerkovskiy,Actor/Actress,California,United States,16,16,2nd Place,2,8,,False,True,3,29.0,9.666666666666666
Jacoby Jones,Karina Smirnoff,Athlete,Louisiana,United States,28,16,3rd Place,3,8,,False,True,3,26.0,8.666666666666666
Alexandra Raisman,Mark Ballas,Athlete,Massachusetts,United States,18,16,Eliminated Week 10,4,8,10.0,False,True,3,28.0,9.333333333333334
Ingo Rademacher,Kym Johnson,Actor/Actress,,Germany,41,16,Eliminated Week 9,5,8,9.0,False,True,3,24.0,8.0
Sean Lowe,Peta Murgatroyd,TV Personality,Texas,United States,29,16,Eliminated Week 8,6,8,8.0,True,True,3,21.0,7.0
Andy Dick,Sharna Burgess,Comedian,South Carolina,United States,47,16,Eliminated Week 7,7,8,7.0,False,False,3,0.0,0.0
Victor Ortiz,Lindsay Arnold,Athlete,Kansas,United States,26,16,Eliminated Week 6,8,8,6.0,False,False,3,0.0,0.0
D. L. Hughley,Cheryl Burke,Comedian,Virginia,United States,50,16,Eliminated Week 5,9,8,5.0,False,False,3,0.0,0.0
Lisa Vanderpump,Gleb Savchenko,TV Personality,,England,52,16,Eliminated Week 4,10,8,4.0,False,False,3,0.0,0.0
Wynonna Judd,Tony Dovolani,Singer/Rapper,Kentucky,United States,48,16,Eliminated Week 3,11,8,3.0,False,False,3,0.0,0.0
Dorothy Hamill,Tristan MacManus,Athlete,Illinois,United States,56,16,Withdrew,12,8,,False,False,3,0.0,0.0
Kellie Pickler,Derek Hough,Singer/Rapper,North Carolina,United States,26,16,1st Place,1,9,,False,True,3,29.0,9.666666666666666
Zendaya,Valentin Chmerkovskiy,Actor/Actress,California,United States,16,16,2nd Place,2,9,,False,True,3,27.5,9.166666666666666
Jacoby Jones,Karina Smirnoff,Athlete,Louisiana,United States,28,16,3rd Place,3,9,,False,True,3,29.5,9.833333333333334
Alexandra Raisman,Mark Ballas,Athlete,Massachusetts,United States,18,16,Eliminated Week 10,4,9,10.0,False,True,3,29.5,9.833333333333334
Ingo Rademacher,Kym Johnson,Actor/Actress,,Germany,41,16,Eliminated Week 9,5,9,9.0,True,True,3,25.5,8.5
Sean Lowe,Peta Murgatroyd,TV Personality,Texas,United States,29,16,Eliminated Week 8,6,9,8.0,False,False,3,0.0,0.0
Andy Dick,Sharna Burgess,Comedian,South Carolina,United States,47,16,Eliminated Week 7,7,9,7.0,False,False,3,0.0,0.0
Victor Ortiz,Lindsay Arnold,Athlete,Kansas,United States,26,16,Eliminated Week 6,8,9,6.0,False,False,3,0.0,0.0
D. L. Hughley,Cheryl Burke,Comedian,Virginia,United States,50,16,Eliminated Week 5,9,9,5.0,False,False,3,0.0,0.0
Lisa Vanderpump,Gleb Savchenko,TV Personality,,England,52,16,Eliminated Week 4,10,9,4.0,False,False,3,0.0,0.0
Wynonna Judd,Tony Dovolani,Singer/Rapper,Kentucky,United States,48,16,Eliminated Week 3,11,9,3.0,False,False,3,0.0,0.0
Dorothy Hamill,Tristan MacManus,Athlete,Illinois,United States,56,16,Withdrew,12,9,,False,False,3,0.0,0.0
Kellie Pickler,Derek Hough,Singer/Rapper,North Carolina,United States,26,16,1st Place,1,10,,False,True,3,30.0,10.0
Zendaya,Valentin Chmerkovskiy,Actor/Actress,California,United States,16,16,2nd Place,2,10,,False,True,3,30.0,10.0
Jacoby Jones,Karina Smirnoff,Athlete,Louisiana,United States,28,16,3rd Place,3,10,,False,True,3,27.999899999999997,9.3333
Alexandra Raisman,Mark Ballas,Athlete,Massachusetts,United States,18,16,Eliminated Week 10,4,10,10.0,True,True,3,29.0,9.666666666666666
Ingo Rademacher,Kym Johnson,Actor/Actress,,Germany,41,16,Eliminated Week 9,5,10,9.0,False,False,3,0.0,0.0
Sean Lowe,Peta Murgatroyd,TV Personality,Texas,United States,29,16,Eliminated Week 8,6,10,8.0,False,False,3,0.0,0.0
Andy Dick,Sharna Burgess,Comedian,South Carolina,United States,47,16,Eliminated Week 7,7,10,7.0,False,False,3,0.0,0.0
Victor Ortiz,Lindsay Arnold,Athlete,Kansas,United States,26,16,Eliminated Week 6,8,10,6.0,False,False,3,0.0,0.0
D. L. Hughley,Cheryl Burke,Comedian,Virginia,United States,50,16,Eliminated Week 5,9,10,5.0,False,False,3,0.0,0.0
Lisa Vanderpump,Gleb Savchenko,TV Personality,,England,52,16,Eliminated Week 4,10,10,4.0,False,False,3,0.0,0.0
Wynonna Judd,Tony Dovolani,Singer/Rapper,Kentucky,United States,48,16,Eliminated Week 3,11,10,3.0,False,False,3,0.0,0.0
Dorothy Hamill,Tristan MacManus,Athlete,Illinois,United States,56,16,Withdrew,12,10,,False,False,3,0.0,0.0
Amber Riley,Derek Hough,Actor/Actress,California,United States,27,17,1st Place,1,1,,False,True,3,27.0,9.0
Corbin Bleu,Karina Smirnoff,Actor/Actress,New York,United States,24,17,2nd Place,2,1,,False,True,3,24.0,8.0
Jack Osbourne,Cheryl Burke,TV Personality,,England,27,17,3rd Place,3,1,,False,True,3,23.0,7.666666666666667
Bill Engvall,Emma Slater,Comedian,Texas,United States,56,17,Eliminated Week 11,4,1,11.0,False,True,3,18.0,6.0
Leah Remini,Tony Dovolani,Actor/Actress,New York,United States,43,17,Eliminated Week 10,5,1,10.0,False,True,3,21.0,7.0
Elizabeth Berkley Lauren,Valentin Chmerkovskiy,Actor/Actress,Michigan,United States,39,17,Eliminated Week 9,6,1,9.0,False,True,3,24.0,8.0
Brant Daugherty,Peta Murgatroyd,Actor/Actress,Ohio,United States,28,17,Eliminated Week 8,7,1,8.0,False,True,3,22.0,7.333333333333333
"Nicole ""Snooki"" Polizzi",Sasha Farber,TV Personality,,Chile,25,17,Eliminated Week 7,8,1,7.0,False,True,3,23.0,7.666666666666667
Christina Milian,Mark Ballas,Singer/Rapper,New Jersey,United States,31,17,Eliminated Week 5,9,1,5.0,False,True,3,22.0,7.333333333333333
Valerie Harper,Tristan MacManus,Actor/Actress,New York,United States,74,17,Eliminated Week 4,10,1,4.0,False,True,3,21.0,7.0
Bill Nye,Tyne Stecklein,TV Personality,Washington D.C.,United States,57,17,Eliminated Week 3,11,1,3.0,False,True,3,14.0,4.666666666666667
Keyshawn Johnson,Sharna Burgess,Athlete,California,United States,41,17,Eliminated Week 2,12,1,2.0,False,True,3,17.0,5.666666666666667
Amber Riley,Derek Hough,Actor/Actress,California,United States,27,17,1st Place,1,2,,False,True,3,24.0,8.0
Corbin Bleu,Karina Smirnoff,Actor/Actress,New York,United States,24,17,2nd Place,2,2,,False,True,3,26.0,8.666666666666666
Jack Osbourne,Cheryl Burke,TV Personality,,England,27,17,3rd Place,3,2,,False,True,3,24.0,8.0
Bill Engvall,Emma Slater,Comedian,Texas,United States,56,17,Eliminated Week 11,4,2,11.0,False,True,3,21.0,7.0
Leah Remini,Tony Dovolani,Actor/Actress,New York,United States,43,17,Eliminated Week 10,5,2,10.0,False,True,3,24.0,8.0
Elizabeth Berkley Lauren,Valentin Chmerkovskiy,Actor/Actress,Michigan,United States,39,17,Eliminated Week 9,6,2,9.0,False,True,3,25.0,8.333333333333334
Brant Daugherty,Peta Murgatroyd,Actor/Actress,Ohio,United States,28,17,Eliminated Week 8,7,2,8.0,False,True,3,23.0,7.666666666666667
"Nicole ""Snooki"" Polizzi",Sasha Farber,TV Personality,,Chile,25,17,Eliminated Week 7,8,2,7.0,False,True,3,20.0,6.666666666666667
Christina Milian,Mark Ballas,Singer/Rapper,New Jersey,United States,31,17,Eliminated Week 5,9,2,5.0,False,True,3,25.0,8.333333333333334
Valerie Harper,Tristan MacManus,Actor/Actress,New York,United States,74,17,Eliminated Week 4,10,2,4.0,False,True,3,19.0,6.333333333333333
Bill Nye,Tyne Stecklein,TV Personality,Washington D.C.,United States,57,17,Eliminated Week 3,11,2,3.0,False,True,3,17.0,5.666666666666667
Keyshawn Johnson,Sharna Burgess,Athlete,California,United States,41,17,Eliminated Week 2,12,2,2.0,True,True,3,18.0,6.0
Amber Riley,Derek Hough,Actor/Actress,California,United States,27,17,1st Place,1,3,,False,True,3,24.0,8.0
Corbin Bleu,Karina Smirnoff,Actor/Actress,New York,United States,24,17,2nd Place,2,3,,False,True,3,26.0,8.666666666666666
Jack Osbourne,Cheryl Burke,TV Personality,,England,27,17,3rd Place,3,3,,False,True,3,22.0,7.333333333333333
Bill Engvall,Emma Slater,Comedian,Texas,United States,56,17,Eliminated Week 11,4,3,11.0,False,True,3,24.0,8.0
Leah Remini,Tony Dovolani,Actor/Actress,New York,United States,43,17,Eliminated Week 10,5,3,10.0,False,True,3,24.0,8.0
Elizabeth Berkley Lauren,Valentin Chmerkovskiy,Actor/Actress,Michigan,United States,39,17,Eliminated Week 9,6,3,9.0,False,True,3,25.0,8.333333333333334
Brant Daugherty,Peta Murgatroyd,Actor/Actress,Ohio,United States,28,17,Eliminated Week 8,7,3,8.0,False,True,3,27.0,9.0
"Nicole ""Snooki"" Polizzi",Sasha Farber,TV Personality,,Chile,25,17,Eliminated Week 7,8,3,7.0,False,True,3,25.0,8.333333333333334
Christina Milian,Mark Ballas,Singer/Rapper,New Jersey,United States,31,17,Eliminated Week 5,9,3,5.0,False,True,3,26.0,8.666666666666666
Valerie Harper,Tristan MacManus,Actor/Actress,New York,United States,74,17,Eliminated Week 4,10,3,4.0,False,True,3,16.0,5.333333333333333
Bill Nye,Tyne Stecklein,TV Personality,Washington D.C.,United States,57,17,Eliminated Week 3,11,3,3.0,True,True,3,16.0,5.333333333333333
Keyshawn Johnson,Sharna Burgess,Athlete,California,United States,41,17,Eliminated Week 2,12,3,2.0,False,False,3,0.0,0.0
Amber Riley,Derek Hough,Actor/Actress,California,United States,27,17,1st Place,1,4,,False,True,3,27.0,9.0
Corbin Bleu,Karina Smirnoff,Actor/Actress,New York,United States,24,17,2nd Place,2,4,,False,True,3,27.0,9.0
Jack Osbourne,Cheryl Burke,TV Personality,,England,27,17,3rd Place,3,4,,False,True,3,24.0,8.0
Bill Engvall,Emma Slater,Comedian,Texas,United States,56,17,Eliminated Week 11,4,4,11.0,False,True,3,21.0,7.0
Leah Remini,Tony Dovolani,Actor/Actress,New York,United States,43,17,Eliminated Week 10,5,4,10.0,False,True,3,24.0,8.0
Elizabeth Berkley Lauren,Valentin Chmerkovskiy,Actor/Actress,Michigan,United States,39,17,Eliminated Week 9,6,4,9.0,False,True,3,27.0,9.0
Brant Daugherty,Peta Murgatroyd,Actor/Actress,Ohio,United States,28,17,Eliminated Week 8,7,4,8.0,False,True,3,21.0,7.0
"Nicole ""Snooki"" Polizzi",Sasha Farber,TV Personality,,Chile,25,17,Eliminated Week 7,8,4,7.0,False,True,3,24.0,8.0
Christina Milian,Mark Ballas,Singer/Rapper,New Jersey,United States,31,17,Eliminated Week 5,9,4,5.0,False,True,3,24.0,8.0
Valerie Harper,Tristan MacManus,Actor/Actress,New York,United States,74,17,Eliminated Week 4,10,4,4.0,True,True,3,18.0,6.0
Bill Nye,Tyne Stecklein,TV Personality,Washington D.C.,United States,57,17,Eliminated Week 3,11,4,3.0,False,False,3,0.0,0.0
Keyshawn Johnson,Sharna Burgess,Athlete,California,United States,41,17,Eliminated Week 2,12,4,2.0,False,False,3,0.0,0.0
Amber Riley,Derek Hough,Actor/Actress,California,United States,27,17,1st Place,1,5,,False,True,3,26.0,8.666666666666666
Corbin Bleu,Karina Smirnoff,Actor/Actress,New York,United States,24,17,2nd Place,2,5,,False,True,3,28.0,9.333333333333334
Jack Osbourne,Cheryl Burke,TV Personality,,England,27,17,3rd Place,3,5,,False,True,3,27.0,9.0
Bill Engvall,Emma Slater,Comedian,Texas,United States,56,17,Eliminated Week 11,4,5,11.0,False,True,3,24.0,8.0
Leah Remini,Tony Dovolani,Actor/Actress,New York,United States,43,17,Eliminated Week 10,5,5,10.0,False,True,3,22.0,7.333333333333333
Elizabeth Berkley Lauren,Valentin Chmerkovskiy,Actor/Actress,Michigan,United States,39,17,Eliminated Week 9,6,5,9.0,False,True,3,26.0,8.666666666666666
Brant Daugherty,Peta Murgatroyd,Actor/Actress,Ohio,United States,28,17,Eliminated Week 8,7,5,8.0,False,True,3,27.0,9.0
"Nicole ""Snooki"" Polizzi",Sasha Farber,TV Personality,,Chile,25,17,Eliminated Week 7,8,5,7.0,False,True,3,27.0,9.0
Christina Milian,Mark Ballas,Singer/Rapper,New Jersey,United States,31,17,Eliminated Week 5,9,5,5.0,True,True,3,28.0,9.333333333333334
Valerie Harper,Tristan MacManus,Actor/Actress,New York,United States,74,17,Eliminated Week 4,10,5,4.0,False,False,3,0.0,0.0
Bill Nye,Tyne Stecklein,TV Personality,Washington D.C.,United States,57,17,Eliminated Week 3,11,5,3.0,False,False,3,0.0,0.0
Keyshawn Johnson,Sharna Burgess,Athlete,California,United States,41,17,Eliminated Week 2,12,5,2.0,False,False,3,0.0,0.0
Amber Riley,Derek Hough,Actor/Actress,California,United States,27,17,1st Place,1,6,,False,True,3,31.999899999999997,10.666633333333332
Corbin Bleu,Karina Smirnoff,Actor/Actress,New York,United States,24,17,2nd Place,2,6,,False,True,3,26.999899999999997,8.999966666666666
Jack Osbourne,Cheryl Burke,TV Personality,,England,27,17,3rd Place,3,6,,False,True,3,26.9998,8.999933333333333
Bill Engvall,Emma Slater,Comedian,Texas,United States,56,17,Eliminated Week 11,4,6,11.0,False,True,3,23.9999,7.9999666666666664
Leah Remini,Tony Dovolani,Actor/Actress,New York,United States,43,17,Eliminated Week 10,5,6,10.0,False,True,3,27.999899999999997,9.3333
Elizabeth Berkley Lauren,Valentin Chmerkovskiy,Actor/Actress,Michigan,United States,39,17,Eliminated Week 9,6,6,9.0,False,True,3,31.9998,10.6666
Brant Daugherty,Peta Murgatroyd,Actor/Actress,Ohio,United States,28,17,Eliminated Week 8,7,6,8.0,False,True,3,31.0,10.333333333333334
"Nicole ""Snooki"" Polizzi",Sasha Farber,TV Personality,,Chile,25,17,Eliminated Week 7,8,6,7.0,False,True,3,30.0,10.0
Christina Milian,Mark Ballas,Singer/Rapper,New Jersey,United States,31,17,Eliminated Week 5,9,6,5.0,False,False,3,0.0,0.0
Valerie Harper,Tristan MacManus,Actor/Actress,New York,United States,74,17,Eliminated Week 4,10,6,4.0,False,False,3,0.0,0.0
Bill Nye,Tyne Stecklein,TV Personality,Washington D.C.,United States,57,17,Eliminated Week 3,11,6,3.0,False,False,3,0.0,0.0
Keyshawn Johnson,Sharna Burgess,Athlete,California,United States,41,17,Eliminated Week 2,12,6,2.0,False,False,3,0.0,0.0
Amber Riley,Derek Hough,Actor/Actress,California,United States,27,17,1st Place,1,7,,False,True,3,29.5,9.833333333333334
Corbin Bleu,Karina Smirnoff,Actor/Actress,New York,United States,24,17,2nd Place,2,7,,False,True,3,29.5,9.833333333333334
Jack Osbourne,Cheryl Burke,TV Personality,,England,27,17,3rd Place,3,7,,False,True,3,28.5,9.5
Bill Engvall,Emma Slater,Comedian,Texas,United States,56,17,Eliminated Week 11,4,7,11.0,False,True,3,25.0,8.333333333333334
Leah Remini,Tony Dovolani,Actor/Actress,New York,United States,43,17,Eliminated Week 10,5,7,10.0,False,True,3,26.5,8.833333333333334
Elizabeth Berkley Lauren,Valentin Chmerkovskiy,Actor/Actress,Michigan,United States,39,17,Eliminated Week 9,6,7,9.0,False,True,3,27.0,9.0
Brant Daugherty,Peta Murgatroyd,Actor/Actress,Ohio,United States,28,17,Eliminated Week 8,7,7,8.0,False,True,3,28.5,9.5
"Nicole ""Snooki"" Polizzi",Sasha Farber,TV Personality,,Chile,25,17,Eliminated Week 7,8,7,7.0,True,True,3,27.0,9.0
Christina Milian,Mark Ballas,Singer/Rapper,New Jersey,United States,31,17,Eliminated Week 5,9,7,5.0,False,False,3,0.0,0.0
Valerie Harper,Tristan MacManus,Actor/Actress,New York,United States,74,17,Eliminated Week 4,10,7,4.0,False,False,3,0.0,0.0
Bill Nye,Tyne Stecklein,TV Personality,Washington D.C.,United States,57,17,Eliminated Week 3,11,7,3.0,False,False,3,0.0,0.0
Keyshawn Johnson,Sharna Burgess,Athlete,California,United States,41,17,Eliminated Week 2,12,7,2.0,False,False,3,0.0,0.0
Amber Riley,Derek Hough,Actor/Actress,California,United States,27,17,1st Place,1,8,,False,True,3,28.0,9.333333333333334
Corbin Bleu,Karina Smirnoff,Actor/Actress,New York,United States,24,17,2nd Place,2,8,,False,True,3,30.0,10.0
Jack Osbourne,Cheryl Burke,TV Personality,,England,27,17,3rd Place,3,8,,False,True,3,30.0,10.0
Bill Engvall,Emma Slater,Comedian,Texas,United States,56,17,Eliminated Week 11,4,8,11.0,False,True,3,24.0,8.0
Leah Remini,Tony Dovolani,Actor/Actress,New York,United States,43,17,Eliminated Week 10,5,8,10.0,False,True,3,28.0,9.333333333333334
Elizabeth Berkley Lauren,Valentin Chmerkovskiy,Actor/Actress,Michigan,United States,39,17,Eliminated Week 9,6,8,9.0,False,True,3,25.0,8.333333333333334
Brant Daugherty,Peta Murgatroyd,Actor/Actress,Ohio,United States,28,17,Eliminated Week 8,7,8,8.0,True,True,3,27.0,9.0
"Nicole ""Snooki"" Polizzi",Sasha Farber,TV Personality,,Chile,25,17,Eliminated Week 7,8,8,7.0,False,False,3,0.0,0.0
Christina Milian,Mark Ballas,Singer/Rapper,New Jersey,United States,31,17,Eliminated Week 5,9,8,5.0,False,False,3,0.0,0.0
Valerie Harper,Tristan MacManus,Actor/Actress,New York,United States,74,17,Eliminated Week 4,10,8,4.0,False,False,3,0.0,0.0
Bill Nye,Tyne Stecklein,TV Personality,Washington D.C.,United States,57,17,Eliminated Week 3,11,8,3.0,False,False,3,0.0,0.0
Keyshawn Johnson,Sharna Burgess,Athlete,California,United States,41,17,Eliminated Week 2,12,8,2.0,False,False,3,0.0,0.0
Amber Riley,Derek Hough,Actor/Actress,California,United States,27,17,1st Place,1,9,,False,True,3,25.5,8.5
Corbin Bleu,Karina Smirnoff,Actor/Actress,New York,United States,24,17,2nd Place,2,9,,False,True,3,29.0,9.666666666666666
Jack Osbourne,Cheryl Burke,TV Personality,,England,27,17,3rd Place,3,9,,False,True,3,27.0,9.0
Bill Engvall,Emma Slater,Comedian,Texas,United States,56,17,Eliminated Week 11,4,9,11.0,False,True,3,21.0,7.0
Leah Remini,Tony Dovolani,Actor/Actress,New York,United States,43,17,Eliminated Week 10,5,9,10.0,False,True,3,27.0,9.0
Elizabeth Berkley Lauren,Valentin Chmerkovskiy,Actor/Actress,Michigan,United States,39,17,Eliminated Week 9,6,9,9.0,True,True,3,28.0,9.333333333333334
Brant Daugherty,Peta Murgatroyd,Actor/Actress,Ohio,United States,28,17,Eliminated Week 8,7,9,8.0,False,False,3,0.0,0.0
"Nicole ""Snooki"" Polizzi",Sasha Farber,TV Personality,,Chile,25,17,Eliminated Week 7,8,9,7.0,False,False,3,0.0,0.0
Christina Milian,Mark Ballas,Singer/Rapper,New Jersey,United States,31,17,Eliminated Week 5,9,9,5.0,False,False,3,0.0,0.0
Valerie Harper,Tristan MacManus,Actor/Actress,New York,United States,74,17,Eliminated Week 4,10,9,4.0,False,False,3,0.0,0.0
Bill Nye,Tyne Stecklein,TV Personality,Washington D.C.,United States,57,17,Eliminated Week 3,11,9,3.0,False,False,3,0.0,0.0
Keyshawn Johnson,Sharna Burgess,Athlete,California,United States,41,17,Eliminated Week 2,12,9,2.0,False,False,3,0.0,0.0
Amber Riley,Derek Hough,Actor/Actress,California,United States,27,17,1st Place,1,10,,False,True,4,39.5,9.875
Corbin Bleu,Karina Smirnoff,Actor/Actress,New York,United States,24,17,2nd Place,2,10,,False,True,4,37.5,9.375
Jack Osbourne,Cheryl Burke,TV Personality,,England,27,17,3rd Place,3,10,,False,True,4,35.5,8.875
Bill Engvall,Emma Slater,Comedian,Texas,United States,56,17,Eliminated Week 11,4,10,11.0,False,True,4,30.0,7.5
Leah Remini,Tony Dovolani,Actor/Actress,New York,United States,43,17,Eliminated Week 10,5,10,10.0,True,True,4,32.5,8.125
Elizabeth Berkley Lauren,Valentin Chmerkovskiy,Actor/Actress,Michigan,United States,39,17,Eliminated Week 9,6,10,9.0,False,False,4,0.0,0.0
Brant Daugherty,Peta Murgatroyd,Actor/Actress,Ohio,United States,28,17,Eliminated Week 8,7,10,8.0,False,False,4,0.0,0.0
"Nicole ""Snooki"" Polizzi",Sasha Farber,TV Personality,,Chile,25,17,Eliminated Week 7,8,10,7.0,False,False,4,0.0,0.0
Christina Milian,Mark Ballas,Singer/Rapper,New Jersey,United States,31,17,Eliminated Week 5,9,10,5.0,False,False,4,0.0,0.0
Valerie Harper,Tristan MacManus,Actor/Actress,New York,United States,74,17,Eliminated Week 4,10,10,4.0,False,False,4,0.0,0.0
Bill Nye,Tyne Stecklein,TV Personality,Washington D.C.,United States,57,17,Eliminated Week 3,11,10,3.0,False,False,4,0.0,0.0
Keyshawn Johnson,Sharna Burgess,Athlete,California,United States,41,17,Eliminated Week 2,12,10,2.0,False,False,4,0.0,0.0
Amber Riley,Derek Hough,Actor/Actress,California,United States,27,17,1st Place,1,11,,False,True,3,31.333199999999998,10.4444
Corbin Bleu,Karina Smirnoff,Actor/Actress,New York,United States,24,17,2nd Place,2,11,,False,True,3,29.6664,9.8888
Jack Osbourne,Cheryl Burke,TV Personality,,England,27,17,3rd Place,3,11,,False,True,3,27.999899999999997,9.3333
Bill Engvall,Emma Slater,Comedian,Texas,United States,56,17,Eliminated Week 11,4,11,11.0,True,True,3,25.499899999999997,8.499966666666666
Leah Remini,Tony Dovolani,Actor/Actress,New York,United States,43,17,Eliminated Week 10,5,11,10.0,False,False,3,0.0,0.0
Elizabeth Berkley Lauren,Valentin Chmerkovskiy,Actor/Actress,Michigan,United States,39,17,Eliminated Week 9,6,11,9.0,False,False,3,0.0,0.0
Brant Daugherty,Peta Murgatroyd,Actor/Actress,Ohio,United States,28,17,Eliminated Week 8,7,11,8.0,False,False,3,0.0,0.0
"Nicole ""Snooki"" Polizzi",Sasha Farber,TV Personality,,Chile,25,17,Eliminated Week 7,8,11,7.0,False,False,3,0.0,0.0
Christina Milian,Mark Ballas,Singer/Rapper,New Jersey,United States,31,17,Eliminated Week 5,9,11,5.0,False,False,3,0.0,0.0
Valerie Harper,Tristan MacManus,Actor/Actress,New York,United States,74,17,Eliminated Week 4,10,11,4.0,False,False,3,0.0,0.0
Bill Nye,Tyne Stecklein,TV Personality,Washington D.C.,United States,57,17,Eliminated Week 3,11,11,3.0,False,False,3,0.0,0.0
Keyshawn Johnson,Sharna Burgess,Athlete,California,United States,41,17,Eliminated Week 2,12,11,2.0,False,False,3,0.0,0.0
Meryl Davis,Maksim Chmerkoskiy,Athlete,Michigan,United States,27,18,1st Place,1,1,,False,True,3,24.0,8.0
Amy Purdy,Derek Hough,Athlete,Nevada,United States,34,18,2nd Place,2,1,,False,True,3,24.0,8.0
Candace Cameron Bure,Mark Ballas,Actor/Actress,California,United States,37,18,3rd Place,3,1,,False,True,3,25.0,8.333333333333334
James Maslow,Peta Murgatroyd,Actor/Actress,New York,United States,23,18,Eliminated Week 10,4,1,10.0,False,True,3,21.0,7.0
Charlie White,Sharna Burgess,Athlete,Michigan,United States,26,18,Eliminated Week 9,5,1,9.0,False,True,3,27.0,9.0
Danica McKellar,Valentin Chmerkovskiy,Actor/Actress,California,United States,39,18,Eliminated Week 8,6,1,8.0,False,True,3,24.0,8.0
NeNe Leakes,Tony Dovolani,TV Personality,New York,United States,46,18,Eliminated Week 7,7,1,7.0,False,True,3,21.0,7.0
Drew Carey,Cheryl Burke,Comedian,Ohio,United States,55,18,Eliminated Week 6,8,1,6.0,False,True,3,21.0,7.0
Cody Simpson,Witney Carson,Singer/Rapper,,Australia,17,18,Eliminated Week 5,9,1,5.0,False,True,3,22.0,7.333333333333333
Billy Dee Williams,Emma Slater,Actor/Actress,New York,United States,76,18,Withdrew,10,1,,False,True,3,15.0,5.0
Sean Avery,Karina Smirnoff,Athlete,,Canada,33,18,Eliminated Week 2,11,1,2.0,False,True,3,20.0,6.666666666666667
Diana Nyad,Henry Byalikov,Athlete,New York,United States,64,18,Eliminated Week 2,12,1,2.0,False,True,3,18.0,6.0
Meryl Davis,Maksim Chmerkoskiy,Athlete,Michigan,United States,27,18,1st Place,1,2,,False,True,3,25.0,8.333333333333334
Amy Purdy,Derek Hough,Athlete,Nevada,United States,34,18,2nd Place,2,2,,False,True,3,24.0,8.0
Candace Cameron Bure,Mark Ballas,Actor/Actress,California,United States,37,18,3rd Place,3,2,,False,True,3,21.0,7.0
James Maslow,Peta Murgatroyd,Actor/Actress,New York,United States,23,18,Eliminated Week 10,4,2,10.0,False,True,3,25.0,8.333333333333334
Charlie White,Sharna Burgess,Athlete,Michigan,United States,26,18,Eliminated Week 9,5,2,9.0,False,True,3,25.0,8.333333333333334
Danica McKellar,Valentin Chmerkovskiy,Actor/Actress,California,United States,39,18,Eliminated Week 8,6,2,8.0,False,True,3,24.0,8.0
NeNe Leakes,Tony Dovolani,TV Personality,New York,United States,46,18,Eliminated Week 7,7,2,7.0,False,True,3,21.0,7.0
Drew Carey,Cheryl Burke,Comedian,Ohio,United States,55,18,Eliminated Week 6,8,2,6.0,False,True,3,21.0,7.0
Cody Simpson,Witney Carson,Singer/Rapper,,Australia,17,18,Eliminated Week 5,9,2,5.0,False,True,3,22.0,7.333333333333333
Billy Dee Williams,Emma Slater,Actor/Actress,New York,United States,76,18,Withdrew,10,2,,False,True,3,15.0,5.0
Sean Avery,Karina Smirnoff,Athlete,,Canada,33,18,Eliminated Week 2,11,2,2.0,True,True,3,21.0,7.0
Diana Nyad,Henry Byalikov,Athlete,New York,United States,64,18,Eliminated Week 2,12,2,2.0,True,False,3,0.0,0.0
Meryl Davis,Maksim Chmerkoskiy,Athlete,Michigan,United States,27,18,1st Place,1,3,,False,True,4,39.0,9.75
Amy Purdy,Derek Hough,Athlete,Nevada,United States,34,18,2nd Place,2,3,,False,True,4,36.0,9.0
Candace Cameron Bure,Mark Ballas,Actor/Actress,California,United States,37,18,3rd Place,3,3,,False,True,4,32.0,8.0
James Maslow,Peta Murgatroyd,Actor/Actress,New York,United States,23,18,Eliminated Week 10,4,3,10.0,False,True,4,36.0,9.0
Charlie White,Sharna Burgess,Athlete,Michigan,United States,26,18,Eliminated Week 9,5,3,9.0,False,True,4,36.0,9.0
Danica McKellar,Valentin Chmerkovskiy,Actor/Actress,California,United States,39,18,Eliminated Week 8,6,3,8.0,False,True,4,36.0,9.0
NeNe Leakes,Tony Dovolani,TV Personality,New York,United States,46,18,Eliminated Week 7,7,3,7.0,False,True,4,31.0,7.75
Drew Carey,Cheryl Burke,Comedian,Ohio,United States,55,18,Eliminated Week 6,8,3,6.0,False,True,4,30.0,7.5
Cody Simpson,Witney Carson,Singer/Rapper,,Australia,17,18,Eliminated Week 5,9,3,5.0,False,True,4,35.0,8.75
Billy Dee Williams,Emma Slater,Actor/Actress,New York,United States,76,18,Withdrew,10,3,,False,False,4,0.0,0.0
Sean Avery,Karina Smirnoff,Athlete,,Canada,33,18,Eliminated Week 2,11,3,2.0,False,False,4,0.0,0.0
Diana Nyad,Henry Byalikov,Athlete,New York,United States,64,18,Eliminated Week 2,12,3,2.0,False,False,4,0.0,0.0
Meryl Davis,Maksim Chmerkoskiy,Athlete,Michigan,United States,27,18,1st Place,1,4,,False,True,4,39.0,9.75
Amy Purdy,Derek Hough,Athlete,Nevada,United States,34,18,2nd Place,2,4,,False,True,4,34.0,8.5
Candace Cameron Bure,Mark Ballas,Actor/Actress,California,United States,37,18,3rd Place,3,4,,False,True,4,28.0,7.0
James Maslow,Peta Murgatroyd,Actor/Actress,New York,United States,23,18,Eliminated Week 10,4,4,10.0,False,True,4,35.0,8.75
Charlie White,Sharna Burgess,Athlete,Michigan,United States,26,18,Eliminated Week 9,5,4,9.0,False,True,4,33.0,8.25
Danica McKellar,Valentin Chmerkovskiy,Actor/Actress,California,United States,39,18,Eliminated Week 8,6,4,8.0,False,True,4,32.0,8.0
NeNe Leakes,Tony Dovolani,TV Personality,New York,United States,46,18,Eliminated Week 7,7,4,7.0,False,True,4,32.0,8.0
Drew Carey,Cheryl Burke,Comedian,Ohio,United States,55,18,Eliminated Week 6,8,4,6.0,False,True,4,33.0,8.25
Cody Simpson,Witney Carson,Singer/Rapper,,Australia,17,18,Eliminated Week 5,9,4,5.0,False,True,4,31.0,7.75
Billy Dee Williams,Emma Slater,Actor/Actress,New York,United States,76,18,Withdrew,10,4,,False,False,4,0.0,0.0
Sean Avery,Karina Smirnoff,Athlete,,Canada,33,18,Eliminated Week 2,11,4,2.0,False,False,4,0.0,0.0
Diana Nyad,Henry Byalikov,Athlete,New York,United States,64,18,Eliminated Week 2,12,4,2.0,False,False,4,0.0,0.0
Meryl Davis,Maksim Chmerkoskiy,Athlete,Michigan,United States,27,18,1st Place,1,5,,False,True,4,36.0,9.0
Amy Purdy,Derek Hough,Athlete,Nevada,United States,34,18,2nd Place,2,5,,False,True,4,37.0,9.25
Candace Cameron Bure,Mark Ballas,Actor/Actress,California,United States,37,18,3rd Place,3,5,,False,True,4,35.0,8.75
James Maslow,Peta Murgatroyd,Actor/Actress,New York,United States,23,18,Eliminated Week 10,4,5,10.0,False,True,4,40.0,10.0
Charlie White,Sharna Burgess,Athlete,Michigan,United States,26,18,Eliminated Week 9,5,5,9.0,False,True,4,37.0,9.25
Danica McKellar,Valentin Chmerkovskiy,Actor/Actress,California,United States,39,18,Eliminated Week 8,6,5,8.0,False,True,4,39.0,9.75
NeNe Leakes,Tony Dovolani,TV Personality,New York,United States,46,18,Eliminated Week 7,7,5,7.0,False,True,4,36.0,9.0
Drew Carey,Cheryl Burke,Comedian,Ohio,United States,55,18,Eliminated Week 6,8,5,6.0,False,True,4,28.0,7.0
Cody Simpson,Witney Carson,Singer/Rapper,,Australia,17,18,Eliminated Week 5,9,5,5.0,True,True,4,34.0,8.5
Billy Dee Williams,Emma Slater,Actor/Actress,New York,United States,76,18,Withdrew,10,5,,False,False,4,0.0,0.0
Sean Avery,Karina Smirnoff,Athlete,,Canada,33,18,Eliminated Week 2,11,5,2.0,False,False,4,0.0,0.0
Diana Nyad,Henry Byalikov,Athlete,New York,United States,64,18,Eliminated Week 2,12,5,2.0,False,False,4,0.0,0.0
Meryl Davis,Maksim Chmerkoskiy,Athlete,Michigan,United States,27,18,1st Place,1,6,,False,True,4,40.0,10.0
Amy Purdy,Derek Hough,Athlete,Nevada,United States,34,18,2nd Place,2,6,,False,True,4,38.0,9.5
Candace Cameron Bure,Mark Ballas,Actor/Actress,California,United States,37,18,3rd Place,3,6,,False,True,4,32.0,8.0
James Maslow,Peta Murgatroyd,Actor/Actress,New York,United States,23,18,Eliminated Week 10,4,6,10.0,False,True,4,35.0,8.75
Charlie White,Sharna Burgess,Athlete,Michigan,United States,26,18,Eliminated Week 9,5,6,9.0,False,True,4,36.0,9.0
Danica McKellar,Valentin Chmerkovskiy,Actor/Actress,California,United States,39,18,Eliminated Week 8,6,6,8.0,False,True,4,36.0,9.0
NeNe Leakes,Tony Dovolani,TV Personality,New York,United States,46,18,Eliminated Week 7,7,6,7.0,False,True,4,33.0,8.25
Drew Carey,Cheryl Burke,Comedian,Ohio,United States,55,18,Eliminated Week 6,8,6,6.0,True,True,4,32.0,8.0
Cody Simpson,Witney Carson,Singer/Rapper,,Australia,17,18,Eliminated Week 5,9,6,5.0,False,False,4,0.0,0.0
Billy Dee Williams,Emma Slater,Actor/Actress,New York,United States,76,18,Withdrew,10,6,,False,False,4,0.0,0.0
Sean Avery,Karina Smirnoff,Athlete,,Canada,33,18,Eliminated Week 2,11,6,2.0,False,False,4,0.0,0.0
Diana Nyad,Henry Byalikov,Athlete,New York,United States,64,18,Eliminated Week 2,12,6,2.0,False,False,4,0.0,0.0
Meryl Davis,Maksim Chmerkoskiy,Athlete,Michigan,United States,27,18,1st Place,1,7,,False,True,4,39.0,9.75
Amy Purdy,Derek Hough,Athlete,Nevada,United States,34,18,2nd Place,2,7,,False,True,4,37.5,9.375
Candace Cameron Bure,Mark Ballas,Actor/Actress,California,United States,37,18,3rd Place,3,7,,False,True,4,37.0,9.25
James Maslow,Peta Murgatroyd,Actor/Actress,New York,United States,23,18,Eliminated Week 10,4,7,10.0,False,True,4,35.0,8.75
Charlie White,Sharna Burgess,Athlete,Michigan,United States,26,18,Eliminated Week 9,5,7,9.0,False,True,4,35.5,8.875
Danica McKellar,Valentin Chmerkovskiy,Actor/Actress,California,United States,39,18,Eliminated Week 8,6,7,8.0,False,True,4,36.0,9.0
NeNe Leakes,Tony Dovolani,TV Personality,New York,United States,46,18,Eliminated Week 7,7,7,7.0,True,True,4,33.0,8.25
Drew Carey,Cheryl Burke,Comedian,Ohio,United States,55,18,Eliminated Week 6,8,7,6.0,False,False,4,0.0,0.0
Cody Simpson,Witney Carson,Singer/Rapper,,Australia,17,18,Eliminated Week 5,9,7,5.0,False,False,4,0.0,0.0
Billy Dee Williams,Emma Slater,Actor/Actress,New York,United States,76,18,Withdrew,10,7,,False,False,4,0.0,0.0
Sean Avery,Karina Smirnoff,Athlete,,Canada,33,18,Eliminated Week 2,11,7,2.0,False,False,4,0.0,0.0
Diana Nyad,Henry Byalikov,Athlete,New York,United States,64,18,Eliminated Week 2,12,7,2.0,False,False,4,0.0,0.0
Meryl Davis,Maksim Chmerkoskiy,Athlete,Michigan,United States,27,18,1st Place,1,8,,False,True,4,36.0,9.0
Amy Purdy,Derek Hough,Athlete,Nevada,United States,34,18,2nd Place,2,8,,False,True,4,40.0,10.0
Candace Cameron Bure,Mark Ballas,Actor/Actress,California,United States,37,18,3rd Place,3,8,,False,True,4,36.0,9.0
James Maslow,Peta Murgatroyd,Actor/Actress,New York,United States,23,18,Eliminated Week 10,4,8,10.0,False,True,4,36.0,9.0
Charlie White,Sharna Burgess,Athlete,Michigan,United States,26,18,Eliminated Week 9,5,8,9.0,False,True,4,40.0,10.0
Danica McKellar,Valentin Chmerkovskiy,Actor/Actress,California,United States,39,18,Eliminated Week 8,6,8,8.0,True,True,4,38.0,9.5
NeNe Leakes,Tony Dovolani,TV Personality,New York,United States,46,18,Eliminated Week 7,7,8,7.0,False,False,4,0.0,0.0
Drew Carey,Cheryl Burke,Comedian,Ohio,United States,55,18,Eliminated Week 6,8,8,6.0,False,False,4,0.0,0.0
Cody Simpson,Witney Carson,Singer/Rapper,,Australia,17,18,Eliminated Week 5,9,8,5.0,False,False,4,0.0,0.0
Billy Dee Williams,Emma Slater,Actor/Actress,New York,United States,76,18,Withdrew,10,8,,False,False,4,0.0,0.0
Sean Avery,Karina Smirnoff,Athlete,,Canada,33,18,Eliminated Week 2,11,8,2.0,False,False,4,0.0,0.0
Diana Nyad,Henry Byalikov,Athlete,New York,United States,64,18,Eliminated Week 2,12,8,2.0,False,False,4,0.0,0.0
Meryl Davis,Maksim Chmerkoskiy,Athlete,Michigan,United States,27,18,1st Place,1,9,,False,True,4,40.0,10.0
Amy Purdy,Derek Hough,Athlete,Nevada,United States,34,18,2nd Place,2,9,,False,True,4,39.0,9.75
Candace Cameron Bure,Mark Ballas,Actor/Actress,California,United States,37,18,3rd Place,3,9,,False,True,4,36.0,9.0
James Maslow,Peta Murgatroyd,Actor/Actress,New York,United States,23,18,Eliminated Week 10,4,9,10.0,False,True,4,38.0,9.5
Charlie White,Sharna Burgess,Athlete,Michigan,United States,26,18,Eliminated Week 9,5,9,9.0,True,True,4,38.0,9.5
Danica McKellar,Valentin Chmerkovskiy,Actor/Actress,California,United States,39,18,Eliminated Week 8,6,9,8.0,False,False,4,0.0,0.0
NeNe Leakes,Tony Dovolani,TV Personality,New York,United States,46,18,Eliminated Week 7,7,9,7.0,False,False,4,0.0,0.0
Drew Carey,Cheryl Burke,Comedian,Ohio,United States,55,18,Eliminated Week 6,8,9,6.0,False,False,4,0.0,0.0
Cody Simpson,Witney Carson,Singer/Rapper,,Australia,17,18,Eliminated Week 5,9,9,5.0,False,False,4,0.0,0.0
Billy Dee Williams,Emma Slater,Actor/Actress,New York,United States,76,18,Withdrew,10,9,,False,False,4,0.0,0.0
Sean Avery,Karina Smirnoff,Athlete,,Canada,33,18,Eliminated Week 2,11,9,2.0,False,False,4,0.0,0.0
Diana Nyad,Henry Byalikov,Athlete,New York,United States,64,18,Eliminated Week 2,12,9,2.0,False,False,4,0.0,0.0
Meryl Davis,Maksim Chmerkoskiy,Athlete,Michigan,United States,27,18,1st Place,1,10,,False,True,3,30.0,10.0
Amy Purdy,Derek Hough,Athlete,Nevada,United States,34,18,2nd Place,2,10,,False,True,3,29.666600000000003,9.888866666666667
Candace Cameron Bure,Mark Ballas,Actor/Actress,California,United States,37,18,3rd Place,3,10,,False,True,3,25.9998,8.6666
James Maslow,Peta Murgatroyd,Actor/Actress,New York,United States,23,18,Eliminated Week 10,4,10,10.0,True,True,3,29.0,9.666666666666666
Charlie White,Sharna Burgess,Athlete,Michigan,United States,26,18,Eliminated Week 9,5,10,9.0,False,False,3,0.0,0.0
Danica McKellar,Valentin Chmerkovskiy,Actor/Actress,California,United States,39,18,Eliminated Week 8,6,10,8.0,False,False,3,0.0,0.0
NeNe Leakes,Tony Dovolani,TV Personality,New York,United States,46,18,Eliminated Week 7,7,10,7.0,False,False,3,0.0,0.0
Drew Carey,Cheryl Burke,Comedian,Ohio,United States,55,18,Eliminated Week 6,8,10,6.0,False,False,3,0.0,0.0
Cody Simpson,Witney Carson,Singer/Rapper,,Australia,17,18,Eliminated Week 5,9,10,5.0,False,False,3,0.0,0.0
Billy Dee Williams,Emma Slater,Actor/Actress,New York,United States,76,18,Withdrew,10,10,,False,False,3,0.0,0.0
Sean Avery,Karina Smirnoff,Athlete,,Canada,33,18,Eliminated Week 2,11,10,2.0,False,False,3,0.0,0.0
Diana Nyad,Henry Byalikov,Athlete,New York,United States,64,18,Eliminated Week 2,12,10,2.0,False,False,3,0.0,0.0
Alfonso Ribeiro,Witney Carson,Actor/Actress,New York,United States,42,19,1st Place,1,1,,False,True,4,36.0,9.0
Sadie Robertson,Mark Ballas,TV Personality,Louisiana,United States,17,19,2nd Place,2,1,,False,True,4,34.0,8.5
Janel Parrish,Valentin Chmerkovskiy,Actor/Actress,Hawaii,United States,25,19,3rd Place,3,1,,False,True,4,29.0,7.25
Bethany Mota,Derek Hough,Social Media Personality,California,United States,18,19,Eliminated Week 11,4,1,11.0,False,True,4,32.0,8.0
Tommy Chong,Peta Murgatroyd,Comedian,,Canada,76,19,Eliminated Week 10,5,1,10.0,False,True,4,27.0,6.75
Lea Thompson,Artem Chigvintsev,Actor/Actress,Minnesota,United States,53,19,Eliminated Week 9,6,1,9.0,False,True,4,32.0,8.0
Michael Waltrip,Emma Slater,Racing Driver,Kentucky,United States,51,19,Eliminated Week 8,7,1,8.0,False,True,4,25.0,6.25
Antonio Sabato Jr.,Cheryl Burke,Actor/Actress,,Italy,42,19,Eliminated Week 7,8,1,7.0,False,True,4,25.0,6.25
Jonathan Bennett,Allison Holker,Actor/Actress,Ohio,United States,33,19,Eliminated Week 6,9,1,6.0,False,True,4,30.0,7.5
Betsey Johnson,Tony Dovolani,Fashion Designer,Connecticut,United States,72,19,Eliminated Week 4,10,1,4.0,False,True,4,20.0,5.0
Randy Couture,Karina Smirnoff,Athlete,Washington,United States,51,19,Eliminated Week 3,11,1,3.0,False,True,4,31.0,7.75
Tavis Smiley,Sharna Burgess,Radio Personality,Mississippi,United States,50,19,Eliminated Week 2,12,1,2.0,False,True,4,29.0,7.25
Lolo Jones,Keo Motsepe,Athlete,Iowa,United States,32,19,Eliminated Week 1,13,1,1.0,True,True,4,22.0,5.5
Alfonso Ribeiro,Witney Carson,Actor/Actress,New York,United States,42,19,1st Place,1,2,,False,True,4,32.0,8.0
Sadie Robertson,Mark Ballas,TV Personality,Louisiana,United States,17,19,2nd Place,2,2,,False,True,4,31.0,7.75
Janel Parrish,Valentin Chmerkovskiy,Actor/Actress,Hawaii,United States,25,19,3rd Place,3,2,,False,True,4,34.0,8.5
Bethany Mota,Derek Hough,Social Media Personality,California,United States,18,19,Eliminated Week 11,4,2,11.0,False,True,4,33.0,8.25
Tommy Chong,Peta Murgatroyd,Comedian,,Canada,76,19,Eliminated Week 10,5,2,10.0,False,True,4,28.0,7.0
Lea Thompson,Artem Chigvintsev,Actor/Actress,Minnesota,United States,53,19,Eliminated Week 9,6,2,9.0,False,True,4,35.0,8.75
Michael Waltrip,Emma Slater,Racing Driver,Kentucky,United States,51,19,Eliminated Week 8,7,2,8.0,False,True,4,24.0,6.0
Antonio Sabato Jr.,Cheryl Burke,Actor/Actress,,Italy,42,19,Eliminated Week 7,8,2,7.0,False,True,4,31.0,7.75
Jonathan Bennett,Allison Holker,Actor/Actress,Ohio,United States,33,19,Eliminated Week 6,9,2,6.0,False,True,4,30.0,7.5
Betsey Johnson,Tony Dovolani,Fashion Designer,Connecticut,United States,72,19,Eliminated Week 4,10,2,4.0,False,True,4,28.0,7.0
Randy Couture,Karina Smirnoff,Athlete,Washington,United States,51,19,Eliminated Week 3,11,2,3.0,False,True,4,28.0,7.0
Tavis Smiley,Sharna Burgess,Radio Personality,Mississippi,United States,50,19,Eliminated Week 2,12,2,2.0,True,True,4,28.0,7.0
Lolo Jones,Keo Motsepe,Athlete,Iowa,United States,32,19,Eliminated Week 1,13,2,1.0,False,False,4,0.0,0.0
Alfonso Ribeiro,Witney Carson,Actor/Actress,New York,United States,42,19,1st Place,1,3,,False,True,4,32.0,8.0
Sadie Robertson,Mark Ballas,TV Personality,Louisiana,United States,17,19,2nd Place,2,3,,False,True,4,32.0,8.0
Janel Parrish,Valentin Chmerkovskiy,Actor/Actress,Hawaii,United States,25,19,3rd Place,3,3,,False,True,4,40.0,10.0
Bethany Mota,Derek Hough,Social Media Personality,California,United States,18,19,Eliminated Week 11,4,3,11.0,False,True,4,40.0,10.0
Tommy Chong,Peta Murgatroyd,Comedian,,Canada,76,19,Eliminated Week 10,5,3,10.0,False,True,4,34.0,8.5
Lea Thompson,Artem Chigvintsev,Actor/Actress,Minnesota,United States,53,19,Eliminated Week 9,6,3,9.0,False,True,4,31.0,7.75
Michael Waltrip,Emma Slater,Racing Driver,Kentucky,United States,51,19,Eliminated Week 8,7,3,8.0,False,True,4,28.0,7.0
Antonio Sabato Jr.,Cheryl Burke,Actor/Actress,,Italy,42,19,Eliminated Week 7,8,3,7.0,False,True,4,29.0,7.25
Jonathan Bennett,Allison Holker,Actor/Actress,Ohio,United States,33,19,Eliminated Week 6,9,3,6.0,False,True,4,32.0,8.0
Betsey Johnson,Tony Dovolani,Fashion Designer,Connecticut,United States,72,19,Eliminated Week 4,10,3,4.0,False,True,4,29.0,7.25
Randy Couture,Karina Smirnoff,Athlete,Washington,United States,51,19,Eliminated Week 3,11,3,3.0,True,True,4,26.0,6.5
Tavis Smiley,Sharna Burgess,Radio Personality,Mississippi,United States,50,19,Eliminated Week 2,12,3,2.0,False,False,4,0.0,0.0
Lolo Jones,Keo Motsepe,Athlete,Iowa,United States,32,19,Eliminated Week 1,13,3,1.0,False,False,4,0.0,0.0
Alfonso Ribeiro,Witney Carson,Actor/Actress,New York,United States,42,19,1st Place,1,4,,False,True,4,40.0,10.0
Sadie Robertson,Mark Ballas,TV Personality,Louisiana,United States,17,19,2nd Place,2,4,,False,True,4,37.0,9.25
Janel Parrish,Valentin Chmerkovskiy,Actor/Actress,Hawaii,United States,25,19,3rd Place,3,4,,False,True,4,36.0,9.0
Bethany Mota,Derek Hough,Social Media Personality,California,United States,18,19,Eliminated Week 11,4,4,11.0,False,True,4,33.0,8.25
Tommy Chong,Peta Murgatroyd,Comedian,,Canada,76,19,Eliminated Week 10,5,4,10.0,False,True,4,28.0,7.0
Lea Thompson,Artem Chigvintsev,Actor/Actress,Minnesota,United States,53,19,Eliminated Week 9,6,4,9.0,False,True,4,39.0,9.75
Michael Waltrip,Emma Slater,Racing Driver,Kentucky,United States,51,19,Eliminated Week 8,7,4,8.0,False,True,4,25.0,6.25
Antonio Sabato Jr.,Cheryl Burke,Actor/Actress,,Italy,42,19,Eliminated Week 7,8,4,7.0,False,True,4,29.0,7.25
Jonathan Bennett,Allison Holker,Actor/Actress,Ohio,United States,33,19,Eliminated Week 6,9,4,6.0,False,True,4,24.0,6.0
Betsey Johnson,Tony Dovolani,Fashion Designer,Connecticut,United States,72,19,Eliminated Week 4,10,4,4.0,True,True,4,29.0,7.25
Randy Couture,Karina Smirnoff,Athlete,Washington,United States,51,19,Eliminated Week 3,11,4,3.0,False,False,4,0.0,0.0
Tavis Smiley,Sharna Burgess,Radio Personality,Mississippi,United States,50,19,Eliminated Week 2,12,4,2.0,False,False,4,0.0,0.0
Lolo Jones,Keo Motsepe,Athlete,Iowa,United States,32,19,Eliminated Week 1,13,4,1.0,False,False,4,0.0,0.0
Alfonso Ribeiro,Witney Carson,Actor/Actress,New York,United States,42,19,1st Place,1,5,,False,True,4,34.0,8.5
Sadie Robertson,Mark Ballas,TV Personality,Louisiana,United States,17,19,2nd Place,2,5,,False,True,4,36.0,9.0
Janel Parrish,Valentin Chmerkovskiy,Actor/Actress,Hawaii,United States,25,19,3rd Place,3,5,,False,True,4,33.0,8.25
Bethany Mota,Derek Hough,Social Media Personality,California,United States,18,19,Eliminated Week 11,4,5,11.0,False,True,4,32.0,8.0
Tommy Chong,Peta Murgatroyd,Comedian,,Canada,76,19,Eliminated Week 10,5,5,10.0,False,True,4,23.0,5.75
Lea Thompson,Artem Chigvintsev,Actor/Actress,Minnesota,United States,53,19,Eliminated Week 9,6,5,9.0,False,True,4,34.0,8.5
Michael Waltrip,Emma Slater,Racing Driver,Kentucky,United States,51,19,Eliminated Week 8,7,5,8.0,False,True,4,20.0,5.0
Antonio Sabato Jr.,Cheryl Burke,Actor/Actress,,Italy,42,19,Eliminated Week 7,8,5,7.0,False,True,4,28.0,7.0
Jonathan Bennett,Allison Holker,Actor/Actress,Ohio,United States,33,19,Eliminated Week 6,9,5,6.0,False,True,4,24.0,6.0
Betsey Johnson,Tony Dovolani,Fashion Designer,Connecticut,United States,72,19,Eliminated Week 4,10,5,4.0,False,False,4,0.0,0.0
Randy Couture,Karina Smirnoff,Athlete,Washington,United States,51,19,Eliminated Week 3,11,5,3.0,False,False,4,0.0,0.0
Tavis Smiley,Sharna Burgess,Radio Personality,Mississippi,United States,50,19,Eliminated Week 2,12,5,2.0,False,False,4,0.0,0.0
Lolo Jones,Keo Motsepe,Athlete,Iowa,United States,32,19,Eliminated Week 1,13,5,1.0,False,False,4,0.0,0.0
Alfonso Ribeiro,Witney Carson,Actor/Actress,New York,United States,42,19,1st Place,1,6,,False,True,4,39.0,9.75
Sadie Robertson,Mark Ballas,TV Personality,Louisiana,United States,17,19,2nd Place,2,6,,False,True,4,35.0,8.75
Janel Parrish,Valentin Chmerkovskiy,Actor/Actress,Hawaii,United States,25,19,3rd Place,3,6,,False,True,4,33.0,8.25
Bethany Mota,Derek Hough,Social Media Personality,California,United States,18,19,Eliminated Week 11,4,6,11.0,False,True,4,36.0,9.0
Tommy Chong,Peta Murgatroyd,Comedian,,Canada,76,19,Eliminated Week 10,5,6,10.0,False,True,4,28.0,7.0
Lea Thompson,Artem Chigvintsev,Actor/Actress,Minnesota,United States,53,19,Eliminated Week 9,6,6,9.0,False,True,4,32.0,8.0
Michael Waltrip,Emma Slater,Racing Driver,Kentucky,United States,51,19,Eliminated Week 8,7,6,8.0,False,True,4,30.0,7.5
Antonio Sabato Jr.,Cheryl Burke,Actor/Actress,,Italy,42,19,Eliminated Week 7,8,6,7.0,False,True,4,28.0,7.0
Jonathan Bennett,Allison Holker,Actor/Actress,Ohio,United States,33,19,Eliminated Week 6,9,6,6.0,True,True,4,32.0,8.0
Betsey Johnson,Tony Dovolani,Fashion Designer,Connecticut,United States,72,19,Eliminated Week 4,10,6,4.0,False,False,4,0.0,0.0
Randy Couture,Karina Smirnoff,Athlete,Washington,United States,51,19,Eliminated Week 3,11,6,3.0,False,False,4,0.0,0.0
Tavis Smiley,Sharna Burgess,Radio Personality,Mississippi,United States,50,19,Eliminated Week 2,12,6,2.0,False,False,4,0.0,0.0
Lolo Jones,Keo Motsepe,Athlete,Iowa,United States,32,19,Eliminated Week 1,13,6,1.0,False,False,4,0.0,0.0
Alfonso Ribeiro,Witney Carson,Actor/Actress,New York,United States,42,19,1st Place,1,7,,False,True,4,34.0,8.5
Sadie Robertson,Mark Ballas,TV Personality,Louisiana,United States,17,19,2nd Place,2,7,,False,True,4,31.0,7.75
Janel Parrish,Valentin Chmerkovskiy,Actor/Actress,Hawaii,United States,25,19,3rd Place,3,7,,False,True,4,33.5,8.375
Bethany Mota,Derek Hough,Social Media Personality,California,United States,18,19,Eliminated Week 11,4,7,11.0,False,True,4,37.5,9.375
Tommy Chong,Peta Murgatroyd,Comedian,,Canada,76,19,Eliminated Week 10,5,7,10.0,False,True,4,30.0,7.5
Lea Thompson,Artem Chigvintsev,Actor/Actress,Minnesota,United States,53,19,Eliminated Week 9,6,7,9.0,False,True,4,35.0,8.75
Michael Waltrip,Emma Slater,Racing Driver,Kentucky,United States,51,19,Eliminated Week 8,7,7,8.0,False,True,4,28.0,7.0
Antonio Sabato Jr.,Cheryl Burke,Actor/Actress,,Italy,42,19,Eliminated Week 7,8,7,7.0,True,True,4,29.5,7.375
Jonathan Bennett,Allison Holker,Actor/Actress,Ohio,United States,33,19,Eliminated Week 6,9,7,6.0,False,False,4,0.0,0.0
Betsey Johnson,Tony Dovolani,Fashion Designer,Connecticut,United States,72,19,Eliminated Week 4,10,7,4.0,False,False,4,0.0,0.0
Randy Couture,Karina Smirnoff,Athlete,Washington,United States,51,19,Eliminated Week 3,11,7,3.0,False,False,4,0.0,0.0
Tavis Smiley,Sharna Burgess,Radio Personality,Mississippi,United States,50,19,Eliminated Week 2,12,7,2.0,False,False,4,0.0,0.0
Lolo Jones,Keo Motsepe,Athlete,Iowa,United States,32,19,Eliminated Week 1,13,7,1.0,False,False,4,0.0,0.0
Alfonso Ribeiro,Witney Carson,Actor/Actress,New York,United States,42,19,1st Place,1,8,,False,True,4,41.0,10.25
Sadie Robertson,Mark Ballas,TV Personality,Louisiana,United States,17,19,2nd Place,2,8,,False,True,4,38.0,9.5
Janel Parrish,Valentin Chmerkovskiy,Actor/Actress,Hawaii,United States,25,19,3rd Place,3,8,,False,True,4,43.0,10.75
Bethany Mota,Derek Hough,Social Media Personality,California,United States,18,19,Eliminated Week 11,4,8,11.0,False,True,4,40.0,10.0
Tommy Chong,Peta Murgatroyd,Comedian,,Canada,76,19,Eliminated Week 10,5,8,10.0,False,True,4,29.0,7.25
Lea Thompson,Artem Chigvintsev,Actor/Actress,Minnesota,United States,53,19,Eliminated Week 9,6,8,9.0,False,True,4,32.0,8.0
Michael Waltrip,Emma Slater,Racing Driver,Kentucky,United States,51,19,Eliminated Week 8,7,8,8.0,True,True,4,25.0,6.25
Antonio Sabato Jr.,Cheryl Burke,Actor/Actress,,Italy,42,19,Eliminated Week 7,8,8,7.0,False,False,4,0.0,0.0
Jonathan Bennett,Allison Holker,Actor/Actress,Ohio,United States,33,19,Eliminated Week 6,9,8,6.0,False,False,4,0.0,0.0
Betsey Johnson,Tony Dovolani,Fashion Designer,Connecticut,United States,72,19,Eliminated Week 4,10,8,4.0,False,False,4,0.0,0.0
Randy Couture,Karina Smirnoff,Athlete,Washington,United States,51,19,Eliminated Week 3,11,8,3.0,False,False,4,0.0,0.0
Tavis Smiley,Sharna Burgess,Radio Personality,Mississippi,United States,50,19,Eliminated Week 2,12,8,2.0,False,False,4,0.0,0.0
Lolo Jones,Keo Motsepe,Athlete,Iowa,United States,32,19,Eliminated Week 1,13,8,1.0,False,False,4,0.0,0.0
Alfonso Ribeiro,Witney Carson,Actor/Actress,New York,United States,42,19,1st Place,1,9,,False,True,4,38.5,9.625
Sadie Robertson,Mark Ballas,TV Personality,Louisiana,United States,17,19,2nd Place,2,9,,False,True,4,36.5,9.125
Janel Parrish,Valentin Chmerkovskiy,Actor/Actress,Hawaii,United States,25,19,3rd Place,3,9,,False,True,4,38.5,9.625
Bethany Mota,Derek Hough,Social Media Personality,California,United States,18,19,Eliminated Week 11,4,9,11.0,False,True,4,37.0,9.25
Tommy Chong,Peta Murgatroyd,Comedian,,Canada,76,19,Eliminated Week 10,5,9,10.0,False,True,4,28.5,7.125
Lea Thompson,Artem Chigvintsev,Actor/Actress,Minnesota,United States,53,19,Eliminated Week 9,6,9,9.0,True,True,4,35.0,8.75
Michael Waltrip,Emma Slater,Racing Driver,Kentucky,United States,51,19,Eliminated Week 8,7,9,8.0,False,False,4,0.0,0.0
Antonio Sabato Jr.,Cheryl Burke,Actor/Actress,,Italy,42,19,Eliminated Week 7,8,9,7.0,False,False,4,0.0,0.0
Jonathan Bennett,Allison Holker,Actor/Actress,Ohio,United States,33,19,Eliminated Week 6,9,9,6.0,False,False,4,0.0,0.0
Betsey Johnson,Tony Dovolani,Fashion Designer,Connecticut,United States,72,19,Eliminated Week 4,10,9,4.0,False,False,4,0.0,0.0
Randy Couture,Karina Smirnoff,Athlete,Washington,United States,51,19,Eliminated Week 3,11,9,3.0,False,False,4,0.0,0.0
Tavis Smiley,Sharna Burgess,Radio Personality,Mississippi,United States,50,19,Eliminated Week 2,12,9,2.0,False,False,4,0.0,0.0
Lolo Jones,Keo Motsepe,Athlete,Iowa,United States,32,19,Eliminated Week 1,13,9,1.0,False,False,4,0.0,0.0
Alfonso Ribeiro,Witney Carson,Actor/Actress,New York,United States,42,19,1st Place,1,10,,False,True,4,37.5,9.375
Sadie Robertson,Mark Ballas,TV Personality,Louisiana,United States,17,19,2nd Place,2,10,,False,True,4,37.0,9.25
Janel Parrish,Valentin Chmerkovskiy,Actor/Actress,Hawaii,United States,25,19,3rd Place,3,10,,False,True,4,39.0,9.75
Bethany Mota,Derek Hough,Social Media Personality,California,United States,18,19,Eliminated Week 11,4,10,11.0,False,True,4,38.0,9.5
Tommy Chong,Peta Murgatroyd,Comedian,,Canada,76,19,Eliminated Week 10,5,10,10.0,True,True,4,31.0,7.75
Lea Thompson,Artem Chigvintsev,Actor/Actress,Minnesota,United States,53,19,Eliminated Week 9,6,10,9.0,False,False,4,0.0,0.0
Michael Waltrip,Emma Slater,Racing Driver,Kentucky,United States,51,19,Eliminated Week 8,7,10,8.0,False,False,4,0.0,0.0
Antonio Sabato Jr.,Cheryl Burke,Actor/Actress,,Italy,42,19,Eliminated Week 7,8,10,7.0,False,False,4,0.0,0.0
Jonathan Bennett,Allison Holker,Actor/Actress,Ohio,United States,33,19,Eliminated Week 6,9,10,6.0,False,False,4,0.0,0.0
Betsey Johnson,Tony Dovolani,Fashion Designer,Connecticut,United States,72,19,Eliminated Week 4,10,10,4.0,False,False,4,0.0,0.0
Randy Couture,Karina Smirnoff,Athlete,Washington,United States,51,19,Eliminated Week 3,11,10,3.0,False,False,4,0.0,0.0
Tavis Smiley,Sharna Burgess,Radio Personality,Mississippi,United States,50,19,Eliminated Week 2,12,10,2.0,False,False,4,0.0,0.0
Lolo Jones,Keo Motsepe,Athlete,Iowa,United States,32,19,Eliminated Week 1,13,10,1.0,False,False,4,0.0,0.0
Alfonso Ribeiro,Witney Carson,Actor/Actress,New York,United States,42,19,1st Place,1,11,,False,True,4,40.0,10.0
Sadie Robertson,Mark Ballas,TV Personality,Louisiana,United States,17,19,2nd Place,2,11,,False,True,4,39.333200000000005,9.833300000000001
Janel Parrish,Valentin Chmerkovskiy,Actor/Actress,Hawaii,United States,25,19,3rd Place,3,11,,False,True,4,38.99980000000001,9.749950000000002
Bethany Mota,Derek Hough,Social Media Personality,California,United States,18,19,Eliminated Week 11,4,11,11.0,True,True,4,38.0,9.5
Tommy Chong,Peta Murgatroyd,Comedian,,Canada,76,19,Eliminated Week 10,5,11,10.0,False,False,4,0.0,0.0
Lea Thompson,Artem Chigvintsev,Actor/Actress,Minnesota,United States,53,19,Eliminated Week 9,6,11,9.0,False,False,4,0.0,0.0
Michael Waltrip,Emma Slater,Racing Driver,Kentucky,United States,51,19,Eliminated Week 8,7,11,8.0,False,False,4,0.0,0.0
Antonio Sabato Jr.,Cheryl Burke,Actor/Actress,,Italy,42,19,Eliminated Week 7,8,11,7.0,False,False,4,0.0,0.0
Jonathan Bennett,Allison Holker,Actor/Actress,Ohio,United States,33,19,Eliminated Week 6,9,11,6.0,False,False,4,0.0,0.0
Betsey Johnson,Tony Dovolani,Fashion Designer,Connecticut,United States,72,19,Eliminated Week 4,10,11,4.0,False,False,4,0.0,0.0
Randy Couture,Karina Smirnoff,Athlete,Washington,United States,51,19,Eliminated Week 3,11,11,3.0,False,False,4,0.0,0.0
Tavis Smiley,Sharna Burgess,Radio Personality,Mississippi,United States,50,19,Eliminated Week 2,12,11,2.0,False,False,4,0.0,0.0
Lolo Jones,Keo Motsepe,Athlete,Iowa,United States,32,19,Eliminated Week 1,13,11,1.0,False,False,4,0.0,0.0
Rumer Willis,Valentin Chmerkovskiy,Actor/Actress,Kentucky,United States,26,20,1st Place,1,1,,False,True,4,32.0,8.0
Riker Lynch,Allison Holker,Actor/Actress,Colorado,United States,23,20,2nd Place,2,1,,False,True,4,31.0,7.75
Noah Galloway,Sharna Burgess,Motivational Speaker,Alabama,United States,33,20,3rd Place,3,1,,False,True,4,26.0,6.5
Nastia Liukin,Derek Hough,Athlete,,Russia,25,20,Eliminated Week 9,4,1,9.0,False,True,4,30.0,7.5
Chris Soules,Witney Carson,TV Personality,Iowa,United States,33,20,Eliminated Week 8,5,1,8.0,False,True,4,26.0,6.5
Robert Herjavec,Kym Johnson,Entrepreneur,,Croatia,52,20,Eliminated Week 8,6,1,8.0,False,True,4,28.0,7.0
Willow Shields,Mark Ballas,Actor/Actress,New Mexico,United States,14,20,Eliminated Week 7,7,1,7.0,False,True,4,25.0,6.25
Patti LaBelle,Artem Chigvintsev,Singer/Rapper,Pennsylvania,United States,70,20,Eliminated Week 6,8,1,6.0,False,True,4,25.0,6.25
Suzanne Somers,Tony Dovolani,Actor/Actress,California,United States,68,20,Eliminated Week 5,9,1,5.0,False,True,4,25.0,6.25
Michael Sam,Peta Murgatroyd,Athlete,Texas,United States,25,20,Eliminated Week 4,10,1,4.0,False,True,4,26.0,6.5
Charlotte McKinney,Keo Motsepe,Model,Florida,United States,21,20,Eliminated Week 3,11,1,3.0,False,True,4,22.0,5.5
Redfoo,Emma Slater,Singer/Rapper,California,United States,39,20,Eliminated Week 2,12,1,2.0,False,True,4,22.0,5.5
Rumer Willis,Valentin Chmerkovskiy,Actor/Actress,Kentucky,United States,26,20,1st Place,1,2,,False,True,4,32.0,8.0
Riker Lynch,Allison Holker,Actor/Actress,Colorado,United States,23,20,2nd Place,2,2,,False,True,4,32.0,8.0
Noah Galloway,Sharna Burgess,Motivational Speaker,Alabama,United States,33,20,3rd Place,3,2,,False,True,4,27.0,6.75
Nastia Liukin,Derek Hough,Athlete,,Russia,25,20,Eliminated Week 9,4,2,9.0,False,True,4,34.0,8.5
Chris Soules,Witney Carson,TV Personality,Iowa,United States,33,20,Eliminated Week 8,5,2,8.0,False,True,4,21.0,5.25
Robert Herjavec,Kym Johnson,Entrepreneur,,Croatia,52,20,Eliminated Week 8,6,2,8.0,False,True,4,28.0,7.0
Willow Shields,Mark Ballas,Actor/Actress,New Mexico,United States,14,20,Eliminated Week 7,7,2,7.0,False,True,4,32.0,8.0
Patti LaBelle,Artem Chigvintsev,Singer/Rapper,Pennsylvania,United States,70,20,Eliminated Week 6,8,2,6.0,False,True,4,28.0,7.0
Suzanne Somers,Tony Dovolani,Actor/Actress,California,United States,68,20,Eliminated Week 5,9,2,5.0,False,True,4,28.0,7.0
Michael Sam,Peta Murgatroyd,Athlete,Texas,United States,25,20,Eliminated Week 4,10,2,4.0,False,True,4,28.0,7.0
Charlotte McKinney,Keo Motsepe,Model,Florida,United States,21,20,Eliminated Week 3,11,2,3.0,False,True,4,26.0,6.5
Redfoo,Emma Slater,Singer/Rapper,California,United States,39,20,Eliminated Week 2,12,2,2.0,True,True,4,31.0,7.75
Rumer Willis,Valentin Chmerkovskiy,Actor/Actress,Kentucky,United States,26,20,1st Place,1,3,,False,True,4,33.0,8.25
Riker Lynch,Allison Holker,Actor/Actress,Colorado,United States,23,20,2nd Place,2,3,,False,True,4,34.0,8.5
Noah Galloway,Sharna Burgess,Motivational Speaker,Alabama,United States,33,20,3rd Place,3,3,,False,True,4,30.0,7.5
Nastia Liukin,Derek Hough,Athlete,,Russia,25,20,Eliminated Week 9,4,3,9.0,False,True,4,34.0,8.5
Chris Soules,Witney Carson,TV Personality,Iowa,United States,33,20,Eliminated Week 8,5,3,8.0,False,True,4,28.0,7.0
Robert Herjavec,Kym Johnson,Entrepreneur,,Croatia,52,20,Eliminated Week 8,6,3,8.0,False,True,4,29.0,7.25
Willow Shields,Mark Ballas,Actor/Actress,New Mexico,United States,14,20,Eliminated Week 7,7,3,7.0,False,True,4,32.0,8.0
Patti LaBelle,Artem Chigvintsev,Singer/Rapper,Pennsylvania,United States,70,20,Eliminated Week 6,8,3,6.0,False,True,4,22.0,5.5
Suzanne Somers,Tony Dovolani,Actor/Actress,California,United States,68,20,Eliminated Week 5,9,3,5.0,False,True,4,25.0,6.25
Michael Sam,Peta Murgatroyd,Athlete,Texas,United States,25,20,Eliminated Week 4,10,3,4.0,False,True,4,24.0,6.0
Charlotte McKinney,Keo Motsepe,Model,Florida,United States,21,20,Eliminated Week 3,11,3,3.0,True,True,4,22.0,5.5
Redfoo,Emma Slater,Singer/Rapper,California,United States,39,20,Eliminated Week 2,12,3,2.0,False,False,4,0.0,0.0
Rumer Willis,Valentin Chmerkovskiy,Actor/Actress,Kentucky,United States,26,20,1st Place,1,4,,False,True,4,35.0,8.75
Riker Lynch,Allison Holker,Actor/Actress,Colorado,United States,23,20,2nd Place,2,4,,False,True,4,34.0,8.5
Noah Galloway,Sharna Burgess,Motivational Speaker,Alabama,United States,33,20,3rd Place,3,4,,False,True,4,32.0,8.0
Nastia Liukin,Derek Hough,Athlete,,Russia,25,20,Eliminated Week 9,4,4,9.0,False,True,4,36.0,9.0
Chris Soules,Witney Carson,TV Personality,Iowa,United States,33,20,Eliminated Week 8,5,4,8.0,False,True,4,27.0,6.75
Robert Herjavec,Kym Johnson,Entrepreneur,,Croatia,52,20,Eliminated Week 8,6,4,8.0,False,True,4,34.0,8.5
Willow Shields,Mark Ballas,Actor/Actress,New Mexico,United States,14,20,Eliminated Week 7,7,4,7.0,False,True,4,39.0,9.75
Patti LaBelle,Artem Chigvintsev,Singer/Rapper,Pennsylvania,United States,70,20,Eliminated Week 6,8,4,6.0,False,True,4,30.0,7.5
Suzanne Somers,Tony Dovolani,Actor/Actress,California,United States,68,20,Eliminated Week 5,9,4,5.0,False,True,4,28.0,7.0
Michael Sam,Peta Murgatroyd,Athlete,Texas,United States,25,20,Eliminated Week 4,10,4,4.0,True,True,4,30.0,7.5
Charlotte McKinney,Keo Motsepe,Model,Florida,United States,21,20,Eliminated Week 3,11,4,3.0,False,False,4,0.0,0.0
Redfoo,Emma Slater,Singer/Rapper,California,United States,39,20,Eliminated Week 2,12,4,2.0,False,False,4,0.0,0.0
Rumer Willis,Valentin Chmerkovskiy,Actor/Actress,Kentucky,United States,26,20,1st Place,1,5,,False,True,4,39.0,9.75
Riker Lynch,Allison Holker,Actor/Actress,Colorado,United States,23,20,2nd Place,2,5,,False,True,4,38.0,9.5
Noah Galloway,Sharna Burgess,Motivational Speaker,Alabama,United States,33,20,3rd Place,3,5,,False,True,4,28.0,7.0
Nastia Liukin,Derek Hough,Athlete,,Russia,25,20,Eliminated Week 9,4,5,9.0,False,True,4,38.0,9.5
Chris Soules,Witney Carson,TV Personality,Iowa,United States,33,20,Eliminated Week 8,5,5,8.0,False,True,4,27.0,6.75
Robert Herjavec,Kym Johnson,Entrepreneur,,Croatia,52,20,Eliminated Week 8,6,5,8.0,False,True,4,24.0,6.0
Willow Shields,Mark Ballas,Actor/Actress,New Mexico,United States,14,20,Eliminated Week 7,7,5,7.0,False,True,4,34.0,8.5
Patti LaBelle,Artem Chigvintsev,Singer/Rapper,Pennsylvania,United States,70,20,Eliminated Week 6,8,5,6.0,False,True,4,27.0,6.75
Suzanne Somers,Tony Dovolani,Actor/Actress,California,United States,68,20,Eliminated Week 5,9,5,5.0,True,True,4,28.0,7.0
Michael Sam,Peta Murgatroyd,Athlete,Texas,United States,25,20,Eliminated Week 4,10,5,4.0,False,False,4,0.0,0.0
Charlotte McKinney,Keo Motsepe,Model,Florida,United States,21,20,Eliminated Week 3,11,5,3.0,False,False,4,0.0,0.0
Redfoo,Emma Slater,Singer/Rapper,California,United States,39,20,Eliminated Week 2,12,5,2.0,False,False,4,0.0,0.0
Rumer Willis,Valentin Chmerkovskiy,Actor/Actress,Kentucky,United States,26,20,1st Place,1,6,,False,True,4,35.5,8.875
Riker Lynch,Allison Holker,Actor/Actress,Colorado,United States,23,20,2nd Place,2,6,,False,True,4,38.0,9.5
Noah Galloway,Sharna Burgess,Motivational Speaker,Alabama,United States,33,20,3rd Place,3,6,,False,True,4,34.0,8.5
Nastia Liukin,Derek Hough,Athlete,,Russia,25,20,Eliminated Week 9,4,6,9.0,False,True,4,36.5,9.125
Chris Soules,Witney Carson,TV Personality,Iowa,United States,33,20,Eliminated Week 8,5,6,8.0,False,True,4,35.0,8.75
Robert Herjavec,Kym Johnson,Entrepreneur,,Croatia,52,20,Eliminated Week 8,6,6,8.0,False,True,4,33.5,8.375
Willow Shields,Mark Ballas,Actor/Actress,New Mexico,United States,14,20,Eliminated Week 7,7,6,7.0,False,True,4,36.5,9.125
Patti LaBelle,Artem Chigvintsev,Singer/Rapper,Pennsylvania,United States,70,20,Eliminated Week 6,8,6,6.0,True,True,4,34.0,8.5
Suzanne Somers,Tony Dovolani,Actor/Actress,California,United States,68,20,Eliminated Week 5,9,6,5.0,False,False,4,0.0,0.0
Michael Sam,Peta Murgatroyd,Athlete,Texas,United States,25,20,Eliminated Week 4,10,6,4.0,False,False,4,0.0,0.0
Charlotte McKinney,Keo Motsepe,Model,Florida,United States,21,20,Eliminated Week 3,11,6,3.0,False,False,4,0.0,0.0
Redfoo,Emma Slater,Singer/Rapper,California,United States,39,20,Eliminated Week 2,12,6,2.0,False,False,4,0.0,0.0
Rumer Willis,Valentin Chmerkovskiy,Actor/Actress,Kentucky,United States,26,20,1st Place,1,7,,False,True,4,37.0,9.25
Riker Lynch,Allison Holker,Actor/Actress,Colorado,United States,23,20,2nd Place,2,7,,False,True,4,37.0,9.25
Noah Galloway,Sharna Burgess,Motivational Speaker,Alabama,United States,33,20,3rd Place,3,7,,False,True,4,38.0,9.5
Nastia Liukin,Derek Hough,Athlete,,Russia,25,20,Eliminated Week 9,4,7,9.0,False,True,4,41.0,10.25
Chris Soules,Witney Carson,TV Personality,Iowa,United States,33,20,Eliminated Week 8,5,7,8.0,False,True,4,31.0,7.75
Robert Herjavec,Kym Johnson,Entrepreneur,,Croatia,52,20,Eliminated Week 8,6,7,8.0,False,True,4,31.0,7.75
Willow Shields,Mark Ballas,Actor/Actress,New Mexico,United States,14,20,Eliminated Week 7,7,7,7.0,True,True,4,39.0,9.75
Patti LaBelle,Artem Chigvintsev,Singer/Rapper,Pennsylvania,United States,70,20,Eliminated Week 6,8,7,6.0,False,False,4,0.0,0.0
Suzanne Somers,Tony Dovolani,Actor/Actress,California,United States,68,20,Eliminated Week 5,9,7,5.0,False,False,4,0.0,0.0
Michael Sam,Peta Murgatroyd,Athlete,Texas,United States,25,20,Eliminated Week 4,10,7,4.0,False,False,4,0.0,0.0
Charlotte McKinney,Keo Motsepe,Model,Florida,United States,21,20,Eliminated Week 3,11,7,3.0,False,False,4,0.0,0.0
Redfoo,Emma Slater,Singer/Rapper,California,United States,39,20,Eliminated Week 2,12,7,2.0,False,False,4,0.0,0.0
Rumer Willis,Valentin Chmerkovskiy,Actor/Actress,Kentucky,United States,26,20,1st Place,1,8,,False,True,4,40.0,10.0
Riker Lynch,Allison Holker,Actor/Actress,Colorado,United States,23,20,2nd Place,2,8,,False,True,4,39.0,9.75
Noah Galloway,Sharna Burgess,Motivational Speaker,Alabama,United States,33,20,3rd Place,3,8,,False,True,4,31.5,7.875
Nastia Liukin,Derek Hough,Athlete,,Russia,25,20,Eliminated Week 9,4,8,9.0,False,True,4,38.0,9.5
Chris Soules,Witney Carson,TV Personality,Iowa,United States,33,20,Eliminated Week 8,5,8,8.0,True,True,4,32.0,8.0
Robert Herjavec,Kym Johnson,Entrepreneur,,Croatia,52,20,Eliminated Week 8,6,8,8.0,True,True,4,31.0,7.75
Willow Shields,Mark Ballas,Actor/Actress,New Mexico,United States,14,20,Eliminated Week 7,7,8,7.0,False,False,4,0.0,0.0
Patti LaBelle,Artem Chigvintsev,Singer/Rapper,Pennsylvania,United States,70,20,Eliminated Week 6,8,8,6.0,False,False,4,0.0,0.0
Suzanne Somers,Tony Dovolani,Actor/Actress,California,United States,68,20,Eliminated Week 5,9,8,5.0,False,False,4,0.0,0.0
Michael Sam,Peta Murgatroyd,Athlete,Texas,United States,25,20,Eliminated Week 4,10,8,4.0,False,False,4,0.0,0.0
Charlotte McKinney,Keo Motsepe,Model,Florida,United States,21,20,Eliminated Week 3,11,8,3.0,False,False,4,0.0,0.0
Redfoo,Emma Slater,Singer/Rapper,California,United States,39,20,Eliminated Week 2,12,8,2.0,False,False,4,0.0,0.0
Rumer Willis,Valentin Chmerkovskiy,Actor/Actress,Kentucky,United States,26,20,1st Place,1,9,,False,True,4,39.0,9.75
Riker Lynch,Allison Holker,Actor/Actress,Colorado,United States,23,20,2nd Place,2,9,,False,True,4,40.0,10.0
Noah Galloway,Sharna Burgess,Motivational Speaker,Alabama,United States,33,20,3rd Place,3,9,,False,True,4,38.0,9.5
Nastia Liukin,Derek Hough,Athlete,,Russia,25,20,Eliminated Week 9,4,9,9.0,True,True,4,40.0,10.0
Chris Soules,Witney Carson,TV Personality,Iowa,United States,33,20,Eliminated Week 8,5,9,8.0,False,False,4,0.0,0.0
Robert Herjavec,Kym Johnson,Entrepreneur,,Croatia,52,20,Eliminated Week 8,6,9,8.0,False,False,4,0.0,0.0
Willow Shields,Mark Ballas,Actor/Actress,New Mexico,United States,14,20,Eliminated Week 7,7,9,7.0,False,False,4,0.0,0.0
Patti LaBelle,Artem Chigvintsev,Singer/Rapper,Pennsylvania,United States,70,20,Eliminated Week 6,8,9,6.0,False,False,4,0.0,0.0
Suzanne Somers,Tony Dovolani,Actor/Actress,California,United States,68,20,Eliminated Week 5,9,9,5.0,False,False,4,0.0,0.0
Michael Sam,Peta Murgatroyd,Athlete,Texas,United States,25,20,Eliminated Week 4,10,9,4.0,False,False,4,0.0,0.0
Charlotte McKinney,Keo Motsepe,Model,Florida,United States,21,20,Eliminated Week 3,11,9,3.0,False,False,4,0.0,0.0
Redfoo,Emma Slater,Singer/Rapper,California,United States,39,20,Eliminated Week 2,12,9,2.0,False,False,4,0.0,0.0
Rumer Willis,Valentin Chmerkovskiy,Actor/Actress,Kentucky,United States,26,20,1st Place,1,10,,False,True,4,40.0,10.0
Riker Lynch,Allison Holker,Actor/Actress,Colorado,United States,23,20,2nd Place,2,10,,False,True,4,40.0,10.0
Noah Galloway,Sharna Burgess,Motivational Speaker,Alabama,United States,33,20,3rd Place,3,10,,False,True,4,36.0,9.0
Nastia Liukin,Derek Hough,Athlete,,Russia,25,20,Eliminated Week 9,4,10,9.0,False,False,4,0.0,0.0
Chris Soules,Witney Carson,TV Personality,Iowa,United States,33,20,Eliminated Week 8,5,10,8.0,False,False,4,0.0,0.0
Robert Herjavec,Kym Johnson,Entrepreneur,,Croatia,52,20,Eliminated Week 8,6,10,8.0,False,False,4,0.0,0.0
Willow Shields,Mark Ballas,Actor/Actress,New Mexico,United States,14,20,Eliminated Week 7,7,10,7.0,False,False,4,0.0,0.0
Patti LaBelle,Artem Chigvintsev,Singer/Rapper,Pennsylvania,United States,70,20,Eliminated Week 6,8,10,6.0,False,False,4,0.0,0.0
Suzanne Somers,Tony Dovolani,Actor/Actress,California,United States,68,20,Eliminated Week 5,9,10,5.0,False,False,4,0.0,0.0
Michael Sam,Peta Murgatroyd,Athlete,Texas,United States,25,20,Eliminated Week 4,10,10,4.0,False,False,4,0.0,0.0
Charlotte McKinney,Keo Motsepe,Model,Florida,United States,21,20,Eliminated Week 3,11,10,3.0,False,False,4,0.0,0.0
Redfoo,Emma Slater,Singer/Rapper,California,United States,39,20,Eliminated Week 2,12,10,2.0,False,False,4,0.0,0.0
Bindi Irwin,Derek Hough,TV Personality,,Australia,17,21,1st Place,1,1,,False,True,3,24.0,8.0
Nick Carter,Sharna Burgess,Singer/Rapper,New York,United States,35,21,2nd Place,2,1,,False,True,3,24.0,8.0
Alek Skarlatos,Lindsay Arnold,Military,California,United States,22,21,3rd Place,3,1,,False,True,3,22.0,7.333333333333333
Carlos PenaVega,Witney Carson,Actor/Actress,Missouri,United States,26,21,Eliminated Week 11,4,1,11.0,False,True,3,23.0,7.666666666666667
Tamar Braxton,Valentin Chmerkovskiy,Singer/Rapper,Maryland,United States,38,21,Withdrew,5,1,,False,True,3,23.0,7.666666666666667
Alexa PenaVega,Mark Ballas,Actor/Actress,Florida,United States,27,21,Eliminated Week 9,6,1,9.0,False,True,3,22.0,7.333333333333333
Andy Grammer,Allison Holker,Singer/Rapper,California,United States,31,21,Eliminated Week 8,7,1,8.0,False,True,3,21.0,7.0
Hayes Grier,Emma Slater,Social Media Personality,North Carolina,United States,15,21,Eliminated Week 7,8,1,7.0,False,True,3,21.0,7.0
Paula Deen,Louis van Amstel,TV Personality,Georgia,United States,68,21,Eliminated Week 6,9,1,6.0,False,True,3,15.0,5.0
Gary Busey,Anna Trebunskaya,Actor/Actress,Texas,United States,71,21,Eliminated Week 4,10,1,4.0,False,True,3,15.0,5.0
Kim Zolciak-Biermann,Tony Dovolani,TV Personality,Florida,United States,37,21,Withdrew,11,1,,False,True,3,12.0,4.0
Victor Espinoza,Karina Smirnoff,Athlete,,Mexico,43,21,Eliminated Week 2,12,1,2.0,False,True,3,15.0,5.0
Chaka Khan,Keo Motsepe,Singer/Rapper,Illinois,United States,62,21,Eliminated Week 2,13,1,2.0,False,True,3,13.0,4.333333333333333
Bindi Irwin,Derek Hough,TV Personality,,Australia,17,21,1st Place,1,2,,False,True,3,24.0,8.0
Nick Carter,Sharna Burgess,Singer/Rapper,New York,United States,35,21,2nd Place,2,2,,False,True,3,22.5,7.5
Alek Skarlatos,Lindsay Arnold,Military,California,United States,22,21,3rd Place,3,2,,False,True,3,22.5,7.5
Carlos PenaVega,Witney Carson,Actor/Actress,Missouri,United States,26,21,Eliminated Week 11,4,2,11.0,False,True,3,22.5,7.5
Tamar Braxton,Valentin Chmerkovskiy,Singer/Rapper,Maryland,United States,38,21,Withdrew,5,2,,False,True,3,24.5,8.166666666666666
Alexa PenaVega,Mark Ballas,Actor/Actress,Florida,United States,27,21,Eliminated Week 9,6,2,9.0,False,True,3,23.0,7.666666666666667
Andy Grammer,Allison Holker,Singer/Rapper,California,United States,31,21,Eliminated Week 8,7,2,8.0,False,True,3,22.0,7.333333333333333
Hayes Grier,Emma Slater,Social Media Personality,North Carolina,United States,15,21,Eliminated Week 7,8,2,7.0,False,True,3,22.5,7.5
Paula Deen,Louis van Amstel,TV Personality,Georgia,United States,68,21,Eliminated Week 6,9,2,6.0,False,True,3,18.5,6.166666666666667
Gary Busey,Anna Trebunskaya,Actor/Actress,Texas,United States,71,21,Eliminated Week 4,10,2,4.0,False,True,3,16.5,5.5
Kim Zolciak-Biermann,Tony Dovolani,TV Personality,Florida,United States,37,21,Withdrew,11,2,,False,True,3,18.5,6.166666666666667
Victor Espinoza,Karina Smirnoff,Athlete,,Mexico,43,21,Eliminated Week 2,12,2,2.0,True,True,3,18.5,6.166666666666667
Chaka Khan,Keo Motsepe,Singer/Rapper,Illinois,United States,62,21,Eliminated Week 2,13,2,2.0,True,True,3,15.0,5.0
Bindi Irwin,Derek Hough,TV Personality,,Australia,17,21,1st Place,1,3,,False,True,4,32.0,8.0
Nick Carter,Sharna Burgess,Singer/Rapper,New York,United States,35,21,2nd Place,2,3,,False,True,4,36.0,9.0
Alek Skarlatos,Lindsay Arnold,Military,California,United States,22,21,3rd Place,3,3,,False,True,4,33.0,8.25
Carlos PenaVega,Witney Carson,Actor/Actress,Missouri,United States,26,21,Eliminated Week 11,4,3,11.0,False,True,4,31.0,7.75
Tamar Braxton,Valentin Chmerkovskiy,Singer/Rapper,Maryland,United States,38,21,Withdrew,5,3,,False,True,4,33.0,8.25
Alexa PenaVega,Mark Ballas,Actor/Actress,Florida,United States,27,21,Eliminated Week 9,6,3,9.0,False,True,4,36.0,9.0
Andy Grammer,Allison Holker,Singer/Rapper,California,United States,31,21,Eliminated Week 8,7,3,8.0,False,True,4,29.0,7.25
Hayes Grier,Emma Slater,Social Media Personality,North Carolina,United States,15,21,Eliminated Week 7,8,3,7.0,False,True,4,30.0,7.5
Paula Deen,Louis van Amstel,TV Personality,Georgia,United States,68,21,Eliminated Week 6,9,3,6.0,False,True,4,20.0,5.0
Gary Busey,Anna Trebunskaya,Actor/Actress,Texas,United States,71,21,Eliminated Week 4,10,3,4.0,False,True,4,25.0,6.25
Kim Zolciak-Biermann,Tony Dovolani,TV Personality,Florida,United States,37,21,Withdrew,11,3,,False,False,4,0.0,0.0
Victor Espinoza,Karina Smirnoff,Athlete,,Mexico,43,21,Eliminated Week 2,12,3,2.0,False,False,4,0.0,0.0
Chaka Khan,Keo Motsepe,Singer/Rapper,Illinois,United States,62,21,Eliminated Week 2,13,3,2.0,False,False,4,0.0,0.0
Bindi Irwin,Derek Hough,TV Personality,,Australia,17,21,1st Place,1,4,,False,True,3,28.0,9.333333333333334
Nick Carter,Sharna Burgess,Singer/Rapper,New York,United States,35,21,2nd Place,2,4,,False,True,3,27.0,9.0
Alek Skarlatos,Lindsay Arnold,Military,California,United States,22,21,3rd Place,3,4,,False,True,3,24.0,8.0
Carlos PenaVega,Witney Carson,Actor/Actress,Missouri,United States,26,21,Eliminated Week 11,4,4,11.0,False,True,3,25.0,8.333333333333334
Tamar Braxton,Valentin Chmerkovskiy,Singer/Rapper,Maryland,United States,38,21,Withdrew,5,4,,False,True,3,27.0,9.0
Alexa PenaVega,Mark Ballas,Actor/Actress,Florida,United States,27,21,Eliminated Week 9,6,4,9.0,False,True,3,21.0,7.0
Andy Grammer,Allison Holker,Singer/Rapper,California,United States,31,21,Eliminated Week 8,7,4,8.0,False,True,3,23.0,7.666666666666667
Hayes Grier,Emma Slater,Social Media Personality,North Carolina,United States,15,21,Eliminated Week 7,8,4,7.0,False,True,3,27.0,9.0
Paula Deen,Louis van Amstel,TV Personality,Georgia,United States,68,21,Eliminated Week 6,9,4,6.0,False,True,3,18.0,6.0
Gary Busey,Anna Trebunskaya,Actor/Actress,Texas,United States,71,21,Eliminated Week 4,10,4,4.0,True,True,3,16.0,5.333333333333333
Kim Zolciak-Biermann,Tony Dovolani,TV Personality,Florida,United States,37,21,Withdrew,11,4,,False,False,3,0.0,0.0
Victor Espinoza,Karina Smirnoff,Athlete,,Mexico,43,21,Eliminated Week 2,12,4,2.0,False,False,3,0.0,0.0
Chaka Khan,Keo Motsepe,Singer/Rapper,Illinois,United States,62,21,Eliminated Week 2,13,4,2.0,False,False,3,0.0,0.0
Bindi Irwin,Derek Hough,TV Personality,,Australia,17,21,1st Place,1,5,,False,True,4,37.0,9.25
Nick Carter,Sharna Burgess,Singer/Rapper,New York,United States,35,21,2nd Place,2,5,,False,True,4,35.0,8.75
Alek Skarlatos,Lindsay Arnold,Military,California,United States,22,21,3rd Place,3,5,,False,True,4,29.0,7.25
Carlos PenaVega,Witney Carson,Actor/Actress,Missouri,United States,26,21,Eliminated Week 11,4,5,11.0,False,True,4,39.0,9.75
Tamar Braxton,Valentin Chmerkovskiy,Singer/Rapper,Maryland,United States,38,21,Withdrew,5,5,,False,True,4,29.0,7.25
Alexa PenaVega,Mark Ballas,Actor/Actress,Florida,United States,27,21,Eliminated Week 9,6,5,9.0,False,True,4,40.0,10.0
Andy Grammer,Allison Holker,Singer/Rapper,California,United States,31,21,Eliminated Week 8,7,5,8.0,False,True,4,36.0,9.0
Hayes Grier,Emma Slater,Social Media Personality,North Carolina,United States,15,21,Eliminated Week 7,8,5,7.0,False,True,4,30.0,7.5
Paula Deen,Louis van Amstel,TV Personality,Georgia,United States,68,21,Eliminated Week 6,9,5,6.0,False,True,4,26.0,6.5
Gary Busey,Anna Trebunskaya,Actor/Actress,Texas,United States,71,21,Eliminated Week 4,10,5,4.0,False,False,4,0.0,0.0
Kim Zolciak-Biermann,Tony Dovolani,TV Personality,Florida,United States,37,21,Withdrew,11,5,,False,False,4,0.0,0.0
Victor Espinoza,Karina Smirnoff,Athlete,,Mexico,43,21,Eliminated Week 2,12,5,2.0,False,False,4,0.0,0.0
Chaka Khan,Keo Motsepe,Singer/Rapper,Illinois,United States,62,21,Eliminated Week 2,13,5,2.0,False,False,4,0.0,0.0
Bindi Irwin,Derek Hough,TV Personality,,Australia,17,21,1st Place,1,6,,False,True,4,40.0,10.0
Nick Carter,Sharna Burgess,Singer/Rapper,New York,United States,35,21,2nd Place,2,6,,False,True,4,39.0,9.75
Alek Skarlatos,Lindsay Arnold,Military,California,United States,22,21,3rd Place,3,6,,False,True,4,30.0,7.5
Carlos PenaVega,Witney Carson,Actor/Actress,Missouri,United States,26,21,Eliminated Week 11,4,6,11.0,False,True,4,38.0,9.5
Tamar Braxton,Valentin Chmerkovskiy,Singer/Rapper,Maryland,United States,38,21,Withdrew,5,6,,False,True,4,40.0,10.0
Alexa PenaVega,Mark Ballas,Actor/Actress,Florida,United States,27,21,Eliminated Week 9,6,6,9.0,False,True,4,30.0,7.5
Andy Grammer,Allison Holker,Singer/Rapper,California,United States,31,21,Eliminated Week 8,7,6,8.0,False,True,4,40.0,10.0
Hayes Grier,Emma Slater,Social Media Personality,North Carolina,United States,15,21,Eliminated Week 7,8,6,7.0,False,True,4,32.0,8.0
Paula Deen,Louis van Amstel,TV Personality,Georgia,United States,68,21,Eliminated Week 6,9,6,6.0,True,True,4,24.0,6.0
Gary Busey,Anna Trebunskaya,Actor/Actress,Texas,United States,71,21,Eliminated Week 4,10,6,4.0,False,False,4,0.0,0.0
Kim Zolciak-Biermann,Tony Dovolani,TV Personality,Florida,United States,37,21,Withdrew,11,6,,False,False,4,0.0,0.0
Victor Espinoza,Karina Smirnoff,Athlete,,Mexico,43,21,Eliminated Week 2,12,6,2.0,False,False,4,0.0,0.0
Chaka Khan,Keo Motsepe,Singer/Rapper,Illinois,United States,62,21,Eliminated Week 2,13,6,2.0,False,False,4,0.0,0.0
Bindi Irwin,Derek Hough,TV Personality,,Australia,17,21,1st Place,1,7,,False,True,3,29.0,9.666666666666666
Nick Carter,Sharna Burgess,Singer/Rapper,New York,United States,35,21,2nd Place,2,7,,False,True,3,27.0,9.0
Alek Skarlatos,Lindsay Arnold,Military,California,United States,22,21,3rd Place,3,7,,False,True,3,26.5,8.833333333333334
Carlos PenaVega,Witney Carson,Actor/Actress,Missouri,United States,26,21,Eliminated Week 11,4,7,11.0,False,True,3,28.0,9.333333333333334
Tamar Braxton,Valentin Chmerkovskiy,Singer/Rapper,Maryland,United States,38,21,Withdrew,5,7,,False,True,3,27.0,9.0
Alexa PenaVega,Mark Ballas,Actor/Actress,Florida,United States,27,21,Eliminated Week 9,6,7,9.0,False,True,3,27.5,9.166666666666666
Andy Grammer,Allison Holker,Singer/Rapper,California,United States,31,21,Eliminated Week 8,7,7,8.0,False,True,3,28.0,9.333333333333334
Hayes Grier,Emma Slater,Social Media Personality,North Carolina,United States,15,21,Eliminated Week 7,8,7,7.0,True,True,3,28.0,9.333333333333334
Paula Deen,Louis van Amstel,TV Personality,Georgia,United States,68,21,Eliminated Week 6,9,7,6.0,False,False,3,0.0,0.0
Gary Busey,Anna Trebunskaya,Actor/Actress,Texas,United States,71,21,Eliminated Week 4,10,7,4.0,False,False,3,0.0,0.0
Kim Zolciak-Biermann,Tony Dovolani,TV Personality,Florida,United States,37,21,Withdrew,11,7,,False,False,3,0.0,0.0
Victor Espinoza,Karina Smirnoff,Athlete,,Mexico,43,21,Eliminated Week 2,12,7,2.0,False,False,3,0.0,0.0
Chaka Khan,Keo Motsepe,Singer/Rapper,Illinois,United States,62,21,Eliminated Week 2,13,7,2.0,False,False,3,0.0,0.0
Bindi Irwin,Derek Hough,TV Personality,,Australia,17,21,1st Place,1,8,,False,True,3,28.0,9.333333333333334
Nick Carter,Sharna Burgess,Singer/Rapper,New York,United States,35,21,2nd Place,2,8,,False,True,3,33.0,11.0
Alek Skarlatos,Lindsay Arnold,Military,California,United States,22,21,3rd Place,3,8,,False,True,3,25.0,8.333333333333334
Carlos PenaVega,Witney Carson,Actor/Actress,Missouri,United States,26,21,Eliminated Week 11,4,8,11.0,False,True,3,28.9998,9.6666
Tamar Braxton,Valentin Chmerkovskiy,Singer/Rapper,Maryland,United States,38,21,Withdrew,5,8,,False,True,3,28.0,9.333333333333334
Alexa PenaVega,Mark Ballas,Actor/Actress,Florida,United States,27,21,Eliminated Week 9,6,8,9.0,False,True,3,26.9998,8.999933333333333
Andy Grammer,Allison Holker,Singer/Rapper,California,United States,31,21,Eliminated Week 8,7,8,8.0,True,True,3,23.9998,7.999933333333334
Hayes Grier,Emma Slater,Social Media Personality,North Carolina,United States,15,21,Eliminated Week 7,8,8,7.0,False,False,3,0.0,0.0
Paula Deen,Louis van Amstel,TV Personality,Georgia,United States,68,21,Eliminated Week 6,9,8,6.0,False,False,3,0.0,0.0
Gary Busey,Anna Trebunskaya,Actor/Actress,Texas,United States,71,21,Eliminated Week 4,10,8,4.0,False,False,3,0.0,0.0
Kim Zolciak-Biermann,Tony Dovolani,TV Personality,Florida,United States,37,21,Withdrew,11,8,,False,False,3,0.0,0.0
Victor Espinoza,Karina Smirnoff,Athlete,,Mexico,43,21,Eliminated Week 2,12,8,2.0,False,False,3,0.0,0.0
Chaka Khan,Keo Motsepe,Singer/Rapper,Illinois,United States,62,21,Eliminated Week 2,13,8,2.0,False,False,3,0.0,0.0
Bindi Irwin,Derek Hough,TV Personality,,Australia,17,21,1st Place,1,9,,False,True,3,30.0,10.0
Nick Carter,Sharna Burgess,Singer/Rapper,New York,United States,35,21,2nd Place,2,9,,False,True,3,27.5,9.166666666666666
Alek Skarlatos,Lindsay Arnold,Military,California,United States,22,21,3rd Place,3,9,,False,True,3,25.5,8.5
Carlos PenaVega,Witney Carson,Actor/Actress,Missouri,United States,26,21,Eliminated Week 11,4,9,11.0,False,True,3,27.0,9.0
Tamar Braxton,Valentin Chmerkovskiy,Singer/Rapper,Maryland,United States,38,21,Withdrew,5,9,,False,True,3,24.5,8.166666666666666
Alexa PenaVega,Mark Ballas,Actor/Actress,Florida,United States,27,21,Eliminated Week 9,6,9,9.0,True,True,3,30.0,10.0
Andy Grammer,Allison Holker,Singer/Rapper,California,United States,31,21,Eliminated Week 8,7,9,8.0,False,False,3,0.0,0.0
Hayes Grier,Emma Slater,Social Media Personality,North Carolina,United States,15,21,Eliminated Week 7,8,9,7.0,False,False,3,0.0,0.0
Paula Deen,Louis van Amstel,TV Personality,Georgia,United States,68,21,Eliminated Week 6,9,9,6.0,False,False,3,0.0,0.0
Gary Busey,Anna Trebunskaya,Actor/Actress,Texas,United States,71,21,Eliminated Week 4,10,9,4.0,False,False,3,0.0,0.0
Kim Zolciak-Biermann,Tony Dovolani,TV Personality,Florida,United States,37,21,Withdrew,11,9,,False,False,3,0.0,0.0
Victor Espinoza,Karina Smirnoff,Athlete,,Mexico,43,21,Eliminated Week 2,12,9,2.0,False,False,3,0.0,0.0
Chaka Khan,Keo Motsepe,Singer/Rapper,Illinois,United States,62,21,Eliminated Week 2,13,9,2.0,False,False,3,0.0,0.0
Bindi Irwin,Derek Hough,TV Personality,,Australia,17,21,1st Place,1,10,,False,True,3,31.5,10.5
Nick Carter,Sharna Burgess,Singer/Rapper,New York,United States,35,21,2nd Place,2,10,,False,True,3,27.0,9.0
Alek Skarlatos,Lindsay Arnold,Military,California,United States,22,21,3rd Place,3,10,,False,True,3,28.5,9.5
Carlos PenaVega,Witney Carson,Actor/Actress,Missouri,United States,26,21,Eliminated Week 11,4,10,11.0,False,True,3,31.5,10.5
Tamar Braxton,Valentin Chmerkovskiy,Singer/Rapper,Maryland,United States,38,21,Withdrew,5,10,,False,False,3,0.0,0.0
Alexa PenaVega,Mark Ballas,Actor/Actress,Florida,United States,27,21,Eliminated Week 9,6,10,9.0,False,False,3,0.0,0.0
Andy Grammer,Allison Holker,Singer/Rapper,California,United States,31,21,Eliminated Week 8,7,10,8.0,False,False,3,0.0,0.0
Hayes Grier,Emma Slater,Social Media Personality,North Carolina,United States,15,21,Eliminated Week 7,8,10,7.0,False,False,3,0.0,0.0
Paula Deen,Louis van Amstel,TV Personality,Georgia,United States,68,21,Eliminated Week 6,9,10,6.0,False,False,3,0.0,0.0
Gary Busey,Anna Trebunskaya,Actor/Actress,Texas,United States,71,21,Eliminated Week 4,10,10,4.0,False,False,3,0.0,0.0
Kim Zolciak-Biermann,Tony Dovolani,TV Personality,Florida,United States,37,21,Withdrew,11,10,,False,False,3,0.0,0.0
Victor Espinoza,Karina Smirnoff,Athlete,,Mexico,43,21,Eliminated Week 2,12,10,2.0,False,False,3,0.0,0.0
Chaka Khan,Keo Motsepe,Singer/Rapper,Illinois,United States,62,21,Eliminated Week 2,13,10,2.0,False,False,3,0.0,0.0
Bindi Irwin,Derek Hough,TV Personality,,Australia,17,21,1st Place,1,11,,False,True,3,30.0,10.0
Nick Carter,Sharna Burgess,Singer/Rapper,New York,United States,35,21,2nd Place,2,11,,False,True,3,30.0,10.0
Alek Skarlatos,Lindsay Arnold,Military,California,United States,22,21,3rd Place,3,11,,False,True,3,27.999899999999997,9.3333
Carlos PenaVega,Witney Carson,Actor/Actress,Missouri,United States,26,21,Eliminated Week 11,4,11,11.0,True,True,3,30.0,10.0
Tamar Braxton,Valentin Chmerkovskiy,Singer/Rapper,Maryland,United States,38,21,Withdrew,5,11,,False,False,3,0.0,0.0
Alexa PenaVega,Mark Ballas,Actor/Actress,Florida,United States,27,21,Eliminated Week 9,6,11,9.0,False,False,3,0.0,0.0
Andy Grammer,Allison Holker,Singer/Rapper,California,United States,31,21,Eliminated Week 8,7,11,8.0,False,False,3,0.0,0.0
Hayes Grier,Emma Slater,Social Media Personality,North Carolina,United States,15,21,Eliminated Week 7,8,11,7.0,False,False,3,0.0,0.0
Paula Deen,Louis van Amstel,TV Personality,Georgia,United States,68,21,Eliminated Week 6,9,11,6.0,False,False,3,0.0,0.0
Gary Busey,Anna Trebunskaya,Actor/Actress,Texas,United States,71,21,Eliminated Week 4,10,11,4.0,False,False,3,0.0,0.0
Kim Zolciak-Biermann,Tony Dovolani,TV Personality,Florida,United States,37,21,Withdrew,11,11,,False,False,3,0.0,0.0
Victor Espinoza,Karina Smirnoff,Athlete,,Mexico,43,21,Eliminated Week 2,12,11,2.0,False,False,3,0.0,0.0
Chaka Khan,Keo Motsepe,Singer/Rapper,Illinois,United States,62,21,Eliminated Week 2,13,11,2.0,False,False,3,0.0,0.0
Nyle DiMarco,Peta Murgatroyd,Model,New York,United States,26,22,1st Place,1,1,,False,True,3,23.0,7.666666666666667
Paige VanZant,Mark Ballas,Athlete,Oregon,United States,22,22,2nd Place,2,1,,False,True,3,21.0,7.0
Ginger Zee,Valentin Chmerkovskiy,News Anchor,California,United States,35,22,3rd Place,3,1,,False,True,3,23.0,7.666666666666667
Wanya Morris,Lindsay Arnold,Singer/Rapper,Pennsylvania,United States,42,22,Eliminated Week 9,4,1,9.0,False,True,3,23.0,7.666666666666667
Antonio Brown,Sharna Burgess,Athlete,Florida,United States,27,22,Eliminated Week 9,5,1,9.0,False,True,3,21.0,7.0
Jodie Sweetin,Keo Motsepe,Actor/Actress,California,United States,34,22,Eliminated Week 8,6,1,8.0,False,True,3,20.0,6.666666666666667
Von Miller,Witney Carson,Athlete,Texas,United States,27,22,Eliminated Week 7,7,1,7.0,False,True,3,21.0,7.0
Kim Fields,Sasha Farber,Actor/Actress,New York,United States,46,22,Eliminated Week 7,8,1,7.0,False,True,3,20.0,6.666666666666667
Doug Flutie,Karina Smirnoff,Athlete,Maryland,United States,53,22,Eliminated Week 6,9,1,6.0,False,True,3,15.0,5.0
Marla Maples,Tony Dovolani,TV Personality,Georgia,United States,52,22,Eliminated Week 4,10,1,4.0,False,True,3,21.0,7.0
Mischa Barton,Artem Chigvintsev,Actor/Actress,,England,30,22,Eliminated Week 3,11,1,3.0,False,True,3,16.0,5.333333333333333
Geraldo Rivera,Edyta Sliwinska,Journalist,New York,United States,72,22,Eliminated Week 2,12,1,2.0,False,True,3,13.0,4.333333333333333
Nyle DiMarco,Peta Murgatroyd,Model,New York,United States,26,22,1st Place,1,2,,False,True,3,20.0,6.666666666666667
Paige VanZant,Mark Ballas,Athlete,Oregon,United States,22,22,2nd Place,2,2,,False,True,3,24.0,8.0
Ginger Zee,Valentin Chmerkovskiy,News Anchor,California,United States,35,22,3rd Place,3,2,,False,True,3,21.0,7.0
Wanya Morris,Lindsay Arnold,Singer/Rapper,Pennsylvania,United States,42,22,Eliminated Week 9,4,2,9.0,False,True,3,24.0,8.0
Antonio Brown,Sharna Burgess,Athlete,Florida,United States,27,22,Eliminated Week 9,5,2,9.0,False,True,3,19.0,6.333333333333333
Jodie Sweetin,Keo Motsepe,Actor/Actress,California,United States,34,22,Eliminated Week 8,6,2,8.0,False,True,3,21.0,7.0
Von Miller,Witney Carson,Athlete,Texas,United States,27,22,Eliminated Week 7,7,2,7.0,False,True,3,20.0,6.666666666666667
Kim Fields,Sasha Farber,Actor/Actress,New York,United States,46,22,Eliminated Week 7,8,2,7.0,False,True,3,19.0,6.333333333333333
Doug Flutie,Karina Smirnoff,Athlete,Maryland,United States,53,22,Eliminated Week 6,9,2,6.0,False,True,3,20.0,6.666666666666667
Marla Maples,Tony Dovolani,TV Personality,Georgia,United States,52,22,Eliminated Week 4,10,2,4.0,False,True,3,20.0,6.666666666666667
Mischa Barton,Artem Chigvintsev,Actor/Actress,,England,30,22,Eliminated Week 3,11,2,3.0,False,True,3,15.0,5.0
Geraldo Rivera,Edyta Sliwinska,Journalist,New York,United States,72,22,Eliminated Week 2,12,2,2.0,True,True,3,13.0,4.333333333333333
Nyle DiMarco,Peta Murgatroyd,Model,New York,United States,26,22,1st Place,1,3,,False,True,3,25.0,8.333333333333334
Paige VanZant,Mark Ballas,Athlete,Oregon,United States,22,22,2nd Place,2,3,,False,True,3,23.0,7.666666666666667
Ginger Zee,Valentin Chmerkovskiy,News Anchor,California,United States,35,22,3rd Place,3,3,,False,True,3,21.0,7.0
Wanya Morris,Lindsay Arnold,Singer/Rapper,Pennsylvania,United States,42,22,Eliminated Week 9,4,3,9.0,False,True,3,24.0,8.0
Antonio Brown,Sharna Burgess,Athlete,Florida,United States,27,22,Eliminated Week 9,5,3,9.0,False,True,3,20.0,6.666666666666667
Jodie Sweetin,Keo Motsepe,Actor/Actress,California,United States,34,22,Eliminated Week 8,6,3,8.0,False,True,3,23.0,7.666666666666667
Von Miller,Witney Carson,Athlete,Texas,United States,27,22,Eliminated Week 7,7,3,7.0,False,True,3,20.0,6.666666666666667
Kim Fields,Sasha Farber,Actor/Actress,New York,United States,46,22,Eliminated Week 7,8,3,7.0,False,True,3,22.0,7.333333333333333
Doug Flutie,Karina Smirnoff,Athlete,Maryland,United States,53,22,Eliminated Week 6,9,3,6.0,False,True,3,20.0,6.666666666666667
Marla Maples,Tony Dovolani,TV Personality,Georgia,United States,52,22,Eliminated Week 4,10,3,4.0,False,True,3,21.0,7.0
Mischa Barton,Artem Chigvintsev,Actor/Actress,,England,30,22,Eliminated Week 3,11,3,3.0,True,True,3,18.0,6.0
Geraldo Rivera,Edyta Sliwinska,Journalist,New York,United States,72,22,Eliminated Week 2,12,3,2.0,False,False,3,0.0,0.0
Nyle DiMarco,Peta Murgatroyd,Model,New York,United States,26,22,1st Place,1,4,,False,True,4,34.0,8.5
Paige VanZant,Mark Ballas,Athlete,Oregon,United States,22,22,2nd Place,2,4,,False,True,4,36.0,9.0
Ginger Zee,Valentin Chmerkovskiy,News Anchor,California,United States,35,22,3rd Place,3,4,,False,True,4,36.0,9.0
Wanya Morris,Lindsay Arnold,Singer/Rapper,Pennsylvania,United States,42,22,Eliminated Week 9,4,4,9.0,False,True,4,35.0,8.75
Antonio Brown,Sharna Burgess,Athlete,Florida,United States,27,22,Eliminated Week 9,5,4,9.0,False,True,4,35.0,8.75
Jodie Sweetin,Keo Motsepe,Actor/Actress,California,United States,34,22,Eliminated Week 8,6,4,8.0,False,True,4,27.0,6.75
Von Miller,Witney Carson,Athlete,Texas,United States,27,22,Eliminated Week 7,7,4,7.0,False,True,4,32.0,8.0
Kim Fields,Sasha Farber,Actor/Actress,New York,United States,46,22,Eliminated Week 7,8,4,7.0,False,True,4,32.0,8.0
Doug Flutie,Karina Smirnoff,Athlete,Maryland,United States,53,22,Eliminated Week 6,9,4,6.0,False,True,4,24.0,6.0
Marla Maples,Tony Dovolani,TV Personality,Georgia,United States,52,22,Eliminated Week 4,10,4,4.0,True,True,4,28.0,7.0
Mischa Barton,Artem Chigvintsev,Actor/Actress,,England,30,22,Eliminated Week 3,11,4,3.0,False,False,4,0.0,0.0
Geraldo Rivera,Edyta Sliwinska,Journalist,New York,United States,72,22,Eliminated Week 2,12,4,2.0,False,False,4,0.0,0.0
Nyle DiMarco,Peta Murgatroyd,Model,New York,United States,26,22,1st Place,1,5,,False,True,4,37.0,9.25
Paige VanZant,Mark Ballas,Athlete,Oregon,United States,22,22,2nd Place,2,5,,False,True,4,31.0,7.75
Ginger Zee,Valentin Chmerkovskiy,News Anchor,California,United States,35,22,3rd Place,3,5,,False,True,4,32.0,8.0
Wanya Morris,Lindsay Arnold,Singer/Rapper,Pennsylvania,United States,42,22,Eliminated Week 9,4,5,9.0,False,True,4,30.0,7.5
Antonio Brown,Sharna Burgess,Athlete,Florida,United States,27,22,Eliminated Week 9,5,5,9.0,False,True,4,26.0,6.5
Jodie Sweetin,Keo Motsepe,Actor/Actress,California,United States,34,22,Eliminated Week 8,6,5,8.0,False,True,4,35.0,8.75
Von Miller,Witney Carson,Athlete,Texas,United States,27,22,Eliminated Week 7,7,5,7.0,False,True,4,29.0,7.25
Kim Fields,Sasha Farber,Actor/Actress,New York,United States,46,22,Eliminated Week 7,8,5,7.0,False,True,4,28.0,7.0
Doug Flutie,Karina Smirnoff,Athlete,Maryland,United States,53,22,Eliminated Week 6,9,5,6.0,False,True,4,28.0,7.0
Marla Maples,Tony Dovolani,TV Personality,Georgia,United States,52,22,Eliminated Week 4,10,5,4.0,False,False,4,0.0,0.0
Mischa Barton,Artem Chigvintsev,Actor/Actress,,England,30,22,Eliminated Week 3,11,5,3.0,False,False,4,0.0,0.0
Geraldo Rivera,Edyta Sliwinska,Journalist,New York,United States,72,22,Eliminated Week 2,12,5,2.0,False,False,4,0.0,0.0
Nyle DiMarco,Peta Murgatroyd,Model,New York,United States,26,22,1st Place,1,6,,False,True,3,25.0,8.333333333333334
Paige VanZant,Mark Ballas,Athlete,Oregon,United States,22,22,2nd Place,2,6,,False,True,3,28.0,9.333333333333334
Ginger Zee,Valentin Chmerkovskiy,News Anchor,California,United States,35,22,3rd Place,3,6,,False,True,3,24.0,8.0
Wanya Morris,Lindsay Arnold,Singer/Rapper,Pennsylvania,United States,42,22,Eliminated Week 9,4,6,9.0,False,True,3,29.0,9.666666666666666
Antonio Brown,Sharna Burgess,Athlete,Florida,United States,27,22,Eliminated Week 9,5,6,9.0,False,True,3,27.0,9.0
Jodie Sweetin,Keo Motsepe,Actor/Actress,California,United States,34,22,Eliminated Week 8,6,6,8.0,False,True,3,25.0,8.333333333333334
Von Miller,Witney Carson,Athlete,Texas,United States,27,22,Eliminated Week 7,7,6,7.0,False,True,3,24.0,8.0
Kim Fields,Sasha Farber,Actor/Actress,New York,United States,46,22,Eliminated Week 7,8,6,7.0,False,True,3,24.0,8.0
Doug Flutie,Karina Smirnoff,Athlete,Maryland,United States,53,22,Eliminated Week 6,9,6,6.0,True,True,3,21.0,7.0
Marla Maples,Tony Dovolani,TV Personality,Georgia,United States,52,22,Eliminated Week 4,10,6,4.0,False,False,3,0.0,0.0
Mischa Barton,Artem Chigvintsev,Actor/Actress,,England,30,22,Eliminated Week 3,11,6,3.0,False,False,3,0.0,0.0
Geraldo Rivera,Edyta Sliwinska,Journalist,New York,United States,72,22,Eliminated Week 2,12,6,2.0,False,False,3,0.0,0.0
Nyle DiMarco,Peta Murgatroyd,Model,New York,United States,26,22,1st Place,1,7,,False,True,3,28.0,9.333333333333334
Paige VanZant,Mark Ballas,Athlete,Oregon,United States,22,22,2nd Place,2,7,,False,True,3,27.5,9.166666666666666
Ginger Zee,Valentin Chmerkovskiy,News Anchor,California,United States,35,22,3rd Place,3,7,,False,True,3,27.5,9.166666666666666
Wanya Morris,Lindsay Arnold,Singer/Rapper,Pennsylvania,United States,42,22,Eliminated Week 9,4,7,9.0,False,True,3,27.5,9.166666666666666
Antonio Brown,Sharna Burgess,Athlete,Florida,United States,27,22,Eliminated Week 9,5,7,9.0,False,True,3,26.0,8.666666666666666
Jodie Sweetin,Keo Motsepe,Actor/Actress,California,United States,34,22,Eliminated Week 8,6,7,8.0,False,True,3,25.5,8.5
Von Miller,Witney Carson,Athlete,Texas,United States,27,22,Eliminated Week 7,7,7,7.0,True,True,3,26.0,8.666666666666666
Kim Fields,Sasha Farber,Actor/Actress,New York,United States,46,22,Eliminated Week 7,8,7,7.0,True,True,3,26.0,8.666666666666666
Doug Flutie,Karina Smirnoff,Athlete,Maryland,United States,53,22,Eliminated Week 6,9,7,6.0,False,False,3,0.0,0.0
Marla Maples,Tony Dovolani,TV Personality,Georgia,United States,52,22,Eliminated Week 4,10,7,4.0,False,False,3,0.0,0.0
Mischa Barton,Artem Chigvintsev,Actor/Actress,,England,30,22,Eliminated Week 3,11,7,3.0,False,False,3,0.0,0.0
Geraldo Rivera,Edyta Sliwinska,Journalist,New York,United States,72,22,Eliminated Week 2,12,7,2.0,False,False,3,0.0,0.0
Nyle DiMarco,Peta Murgatroyd,Model,New York,United States,26,22,1st Place,1,8,,False,True,3,29.0,9.666666666666666
Paige VanZant,Mark Ballas,Athlete,Oregon,United States,22,22,2nd Place,2,8,,False,True,3,28.0,9.333333333333334
Ginger Zee,Valentin Chmerkovskiy,News Anchor,California,United States,35,22,3rd Place,3,8,,False,True,3,30.0,10.0
Wanya Morris,Lindsay Arnold,Singer/Rapper,Pennsylvania,United States,42,22,Eliminated Week 9,4,8,9.0,False,True,3,25.0,8.333333333333334
Antonio Brown,Sharna Burgess,Athlete,Florida,United States,27,22,Eliminated Week 9,5,8,9.0,False,True,3,27.0,9.0
Jodie Sweetin,Keo Motsepe,Actor/Actress,California,United States,34,22,Eliminated Week 8,6,8,8.0,True,True,3,30.0,10.0
Von Miller,Witney Carson,Athlete,Texas,United States,27,22,Eliminated Week 7,7,8,7.0,False,False,3,0.0,0.0
Kim Fields,Sasha Farber,Actor/Actress,New York,United States,46,22,Eliminated Week 7,8,8,7.0,False,False,3,0.0,0.0
Doug Flutie,Karina Smirnoff,Athlete,Maryland,United States,53,22,Eliminated Week 6,9,8,6.0,False,False,3,0.0,0.0
Marla Maples,Tony Dovolani,TV Personality,Georgia,United States,52,22,Eliminated Week 4,10,8,4.0,False,False,3,0.0,0.0
Mischa Barton,Artem Chigvintsev,Actor/Actress,,England,30,22,Eliminated Week 3,11,8,3.0,False,False,3,0.0,0.0
Geraldo Rivera,Edyta Sliwinska,Journalist,New York,United States,72,22,Eliminated Week 2,12,8,2.0,False,False,3,0.0,0.0
Nyle DiMarco,Peta Murgatroyd,Model,New York,United States,26,22,1st Place,1,9,,False,True,3,28.5,9.5
Paige VanZant,Mark Ballas,Athlete,Oregon,United States,22,22,2nd Place,2,9,,False,True,3,29.5,9.833333333333334
Ginger Zee,Valentin Chmerkovskiy,News Anchor,California,United States,35,22,3rd Place,3,9,,False,True,3,28.0,9.333333333333334
Wanya Morris,Lindsay Arnold,Singer/Rapper,Pennsylvania,United States,42,22,Eliminated Week 9,4,9,9.0,True,True,3,30.0,10.0
Antonio Brown,Sharna Burgess,Athlete,Florida,United States,27,22,Eliminated Week 9,5,9,9.0,True,True,3,27.5,9.166666666666666
Jodie Sweetin,Keo Motsepe,Actor/Actress,California,United States,34,22,Eliminated Week 8,6,9,8.0,False,False,3,0.0,0.0
Von Miller,Witney Carson,Athlete,Texas,United States,27,22,Eliminated Week 7,7,9,7.0,False,False,3,0.0,0.0
Kim Fields,Sasha Farber,Actor/Actress,New York,United States,46,22,Eliminated Week 7,8,9,7.0,False,False,3,0.0,0.0
Doug Flutie,Karina Smirnoff,Athlete,Maryland,United States,53,22,Eliminated Week 6,9,9,6.0,False,False,3,0.0,0.0
Marla Maples,Tony Dovolani,TV Personality,Georgia,United States,52,22,Eliminated Week 4,10,9,4.0,False,False,3,0.0,0.0
Mischa Barton,Artem Chigvintsev,Actor/Actress,,England,30,22,Eliminated Week 3,11,9,3.0,False,False,3,0.0,0.0
Geraldo Rivera,Edyta Sliwinska,Journalist,New York,United States,72,22,Eliminated Week 2,12,9,2.0,False,False,3,0.0,0.0
Nyle DiMarco,Peta Murgatroyd,Model,New York,United States,26,22,1st Place,1,10,,False,True,3,28.9998,9.6666
Paige VanZant,Mark Ballas,Athlete,Oregon,United States,22,22,2nd Place,2,10,,False,True,3,29.666600000000003,9.888866666666667
Ginger Zee,Valentin Chmerkovskiy,News Anchor,California,United States,35,22,3rd Place,3,10,,False,True,3,28.333199999999998,9.4444
Wanya Morris,Lindsay Arnold,Singer/Rapper,Pennsylvania,United States,42,22,Eliminated Week 9,4,10,9.0,False,False,3,0.0,0.0
Antonio Brown,Sharna Burgess,Athlete,Florida,United States,27,22,Eliminated Week 9,5,10,9.0,False,False,3,0.0,0.0
Jodie Sweetin,Keo Motsepe,Actor/Actress,California,United States,34,22,Eliminated Week 8,6,10,8.0,False,False,3,0.0,0.0
Von Miller,Witney Carson,Athlete,Texas,United States,27,22,Eliminated Week 7,7,10,7.0,False,False,3,0.0,0.0
Kim Fields,Sasha Farber,Actor/Actress,New York,United States,46,22,Eliminated Week 7,8,10,7.0,False,False,3,0.0,0.0
Doug Flutie,Karina Smirnoff,Athlete,Maryland,United States,53,22,Eliminated Week 6,9,10,6.0,False,False,3,0.0,0.0
Marla Maples,Tony Dovolani,TV Personality,Georgia,United States,52,22,Eliminated Week 4,10,10,4.0,False,False,3,0.0,0.0
Mischa Barton,Artem Chigvintsev,Actor/Actress,,England,30,22,Eliminated Week 3,11,10,3.0,False,False,3,0.0,0.0
Geraldo Rivera,Edyta Sliwinska,Journalist,New York,United States,72,22,Eliminated Week 2,12,10,2.0,False,False,3,0.0,0.0
Laurie Hernandez,Valentin Chmerkovskiy,Athlete,New Jersey,United States,16,23,1st Place,1,1,,False,True,4,31.0,7.75
James Hinchcliffe,Sharna Burgess,Racing Driver,,Canada,29,23,2nd Place,2,1,,False,True,4,31.0,7.75
Calvin Johnson Jr.,Lindsay Arnold,Athlete,Georgia,United States,30,23,3rd Place,3,1,,False,True,4,26.0,6.5
Jana Kramer,Gleb Savchenko,Singer/Rapper,Michigan,United States,32,23,Eliminated Week 11,4,1,11.0,False,True,4,27.0,6.75
Terra Jole,Sasha Farber,TV Personality,Texas,United States,36,23,Eliminated Week 10,5,1,10.0,False,True,4,25.0,6.25
Marilu Henner,Derek Hough,Actor/Actress,Illinois,United States,64,23,Eliminated Week 9,6,1,9.0,False,True,4,27.0,6.75
Ryan Lochte,Cheryl Burke,Athlete,New York,United States,32,23,Eliminated Week 8,7,1,8.0,False,True,4,24.0,6.0
Maureen McCormick,Artem Chigvintsev,Actor/Actress,California,United States,60,23,Eliminated Week 7,8,1,7.0,False,True,4,22.0,5.5
Amber Rose,Maksim Chmerkoskiy,Model,Pennsylvania,United States,32,23,Eliminated Week 6,9,1,6.0,False,True,4,24.0,6.0
Vanilla Ice,Witney Carson,Singer/Rapper,Texas,United States,48,23,Eliminated Week 4,10,1,4.0,False,True,4,25.0,6.25
Babyface,Allison Holker,Singer/Rapper,Indiana,United States,57,23,Eliminated Week 4,11,1,4.0,False,True,4,26.0,6.5
Rick Perry,Emma Slater,Politician,Texas,United States,66,23,Eliminated Week 3,12,1,3.0,False,True,4,20.0,5.0
Jake T. Austin,Jenna Johnson,Actor/Actress,New York,United States,21,23,Eliminated Week 2,13,1,2.0,False,True,4,22.0,5.5
Laurie Hernandez,Valentin Chmerkovskiy,Athlete,New Jersey,United States,16,23,1st Place,1,2,,False,True,4,32.0,8.0
James Hinchcliffe,Sharna Burgess,Racing Driver,,Canada,29,23,2nd Place,2,2,,False,True,4,29.0,7.25
Calvin Johnson Jr.,Lindsay Arnold,Athlete,Georgia,United States,30,23,3rd Place,3,2,,False,True,4,28.0,7.0
Jana Kramer,Gleb Savchenko,Singer/Rapper,Michigan,United States,32,23,Eliminated Week 11,4,2,11.0,False,True,4,29.0,7.25
Terra Jole,Sasha Farber,TV Personality,Texas,United States,36,23,Eliminated Week 10,5,2,10.0,False,True,4,31.0,7.75
Marilu Henner,Derek Hough,Actor/Actress,Illinois,United States,64,23,Eliminated Week 9,6,2,9.0,False,True,4,27.0,6.75
Ryan Lochte,Cheryl Burke,Athlete,New York,United States,32,23,Eliminated Week 8,7,2,8.0,False,True,4,24.0,6.0
Maureen McCormick,Artem Chigvintsev,Actor/Actress,California,United States,60,23,Eliminated Week 7,8,2,7.0,False,True,4,26.0,6.5
Amber Rose,Maksim Chmerkoskiy,Model,Pennsylvania,United States,32,23,Eliminated Week 6,9,2,6.0,False,True,4,24.0,6.0
Vanilla Ice,Witney Carson,Singer/Rapper,Texas,United States,48,23,Eliminated Week 4,10,2,4.0,False,True,4,26.0,6.5
Babyface,Allison Holker,Singer/Rapper,Indiana,United States,57,23,Eliminated Week 4,11,2,4.0,False,True,4,30.0,7.5
Rick Perry,Emma Slater,Politician,Texas,United States,66,23,Eliminated Week 3,12,2,3.0,False,True,4,22.0,5.5
Jake T. Austin,Jenna Johnson,Actor/Actress,New York,United States,21,23,Eliminated Week 2,13,2,2.0,True,True,4,24.0,6.0
Laurie Hernandez,Valentin Chmerkovskiy,Athlete,New Jersey,United States,16,23,1st Place,1,3,,False,True,4,31.0,7.75
James Hinchcliffe,Sharna Burgess,Racing Driver,,Canada,29,23,2nd Place,2,3,,False,True,4,29.0,7.25
Calvin Johnson Jr.,Lindsay Arnold,Athlete,Georgia,United States,30,23,3rd Place,3,3,,False,True,4,32.0,8.0
Jana Kramer,Gleb Savchenko,Singer/Rapper,Michigan,United States,32,23,Eliminated Week 11,4,3,11.0,False,True,4,26.0,6.5
Terra Jole,Sasha Farber,TV Personality,Texas,United States,36,23,Eliminated Week 10,5,3,10.0,False,True,4,30.0,7.5
Marilu Henner,Derek Hough,Actor/Actress,Illinois,United States,64,23,Eliminated Week 9,6,3,9.0,False,True,4,28.0,7.0
Ryan Lochte,Cheryl Burke,Athlete,New York,United States,32,23,Eliminated Week 8,7,3,8.0,False,True,4,25.0,6.25
Maureen McCormick,Artem Chigvintsev,Actor/Actress,California,United States,60,23,Eliminated Week 7,8,3,7.0,False,True,4,28.0,7.0
Amber Rose,Maksim Chmerkoskiy,Model,Pennsylvania,United States,32,23,Eliminated Week 6,9,3,6.0,False,True,4,25.0,6.25
Vanilla Ice,Witney Carson,Singer/Rapper,Texas,United States,48,23,Eliminated Week 4,10,3,4.0,False,True,4,23.0,5.75
Babyface,Allison Holker,Singer/Rapper,Indiana,United States,57,23,Eliminated Week 4,11,3,4.0,False,True,4,25.0,6.25
Rick Perry,Emma Slater,Politician,Texas,United States,66,23,Eliminated Week 3,12,3,3.0,True,True,4,23.0,5.75
Jake T. Austin,Jenna Johnson,Actor/Actress,New York,United States,21,23,Eliminated Week 2,13,3,2.0,False,False,4,0.0,0.0
Laurie Hernandez,Valentin Chmerkovskiy,Athlete,New Jersey,United States,16,23,1st Place,1,4,,False,True,3,30.0,10.0
James Hinchcliffe,Sharna Burgess,Racing Driver,,Canada,29,23,2nd Place,2,4,,False,True,3,28.0,9.333333333333334
Calvin Johnson Jr.,Lindsay Arnold,Athlete,Georgia,United States,30,23,3rd Place,3,4,,False,True,3,23.0,7.666666666666667
Jana Kramer,Gleb Savchenko,Singer/Rapper,Michigan,United States,32,23,Eliminated Week 11,4,4,11.0,False,True,3,23.0,7.666666666666667
Terra Jole,Sasha Farber,TV Personality,Texas,United States,36,23,Eliminated Week 10,5,4,10.0,False,True,3,25.0,8.333333333333334
Marilu Henner,Derek Hough,Actor/Actress,Illinois,United States,64,23,Eliminated Week 9,6,4,9.0,False,True,3,21.0,7.0
Ryan Lochte,Cheryl Burke,Athlete,New York,United States,32,23,Eliminated Week 8,7,4,8.0,False,True,3,22.0,7.333333333333333
Maureen McCormick,Artem Chigvintsev,Actor/Actress,California,United States,60,23,Eliminated Week 7,8,4,7.0,False,True,3,24.0,8.0
Amber Rose,Maksim Chmerkoskiy,Model,Pennsylvania,United States,32,23,Eliminated Week 6,9,4,6.0,False,True,3,24.0,8.0
Vanilla Ice,Witney Carson,Singer/Rapper,Texas,United States,48,23,Eliminated Week 4,10,4,4.0,True,True,3,23.0,7.666666666666667
Babyface,Allison Holker,Singer/Rapper,Indiana,United States,57,23,Eliminated Week 4,11,4,4.0,True,True,3,18.0,6.0
Rick Perry,Emma Slater,Politician,Texas,United States,66,23,Eliminated Week 3,12,4,3.0,False,False,3,0.0,0.0
Jake T. Austin,Jenna Johnson,Actor/Actress,New York,United States,21,23,Eliminated Week 2,13,4,2.0,False,False,3,0.0,0.0
Laurie Hernandez,Valentin Chmerkovskiy,Athlete,New Jersey,United States,16,23,1st Place,1,5,,False,True,3,25.0,8.333333333333334
James Hinchcliffe,Sharna Burgess,Racing Driver,,Canada,29,23,2nd Place,2,5,,False,True,3,29.0,9.666666666666666
Calvin Johnson Jr.,Lindsay Arnold,Athlete,Georgia,United States,30,23,3rd Place,3,5,,False,True,3,24.0,8.0
Jana Kramer,Gleb Savchenko,Singer/Rapper,Michigan,United States,32,23,Eliminated Week 11,4,5,11.0,False,True,3,26.0,8.666666666666666
Terra Jole,Sasha Farber,TV Personality,Texas,United States,36,23,Eliminated Week 10,5,5,10.0,False,True,3,27.0,9.0
Marilu Henner,Derek Hough,Actor/Actress,Illinois,United States,64,23,Eliminated Week 9,6,5,9.0,False,True,3,27.0,9.0
Ryan Lochte,Cheryl Burke,Athlete,New York,United States,32,23,Eliminated Week 8,7,5,8.0,False,True,3,24.0,8.0
Maureen McCormick,Artem Chigvintsev,Actor/Actress,California,United States,60,23,Eliminated Week 7,8,5,7.0,False,True,3,24.0,8.0
Amber Rose,Maksim Chmerkoskiy,Model,Pennsylvania,United States,32,23,Eliminated Week 6,9,5,6.0,False,True,3,24.0,8.0
Vanilla Ice,Witney Carson,Singer/Rapper,Texas,United States,48,23,Eliminated Week 4,10,5,4.0,False,False,3,0.0,0.0
Babyface,Allison Holker,Singer/Rapper,Indiana,United States,57,23,Eliminated Week 4,11,5,4.0,False,False,3,0.0,0.0
Rick Perry,Emma Slater,Politician,Texas,United States,66,23,Eliminated Week 3,12,5,3.0,False,False,3,0.0,0.0
Jake T. Austin,Jenna Johnson,Actor/Actress,New York,United States,21,23,Eliminated Week 2,13,5,2.0,False,False,3,0.0,0.0
Laurie Hernandez,Valentin Chmerkovskiy,Athlete,New Jersey,United States,16,23,1st Place,1,6,,False,True,4,37.0,9.25
James Hinchcliffe,Sharna Burgess,Racing Driver,,Canada,29,23,2nd Place,2,6,,False,True,4,38.0,9.5
Calvin Johnson Jr.,Lindsay Arnold,Athlete,Georgia,United States,30,23,3rd Place,3,6,,False,True,4,37.0,9.25
Jana Kramer,Gleb Savchenko,Singer/Rapper,Michigan,United States,32,23,Eliminated Week 11,4,6,11.0,False,True,4,40.0,10.0
Terra Jole,Sasha Farber,TV Personality,Texas,United States,36,23,Eliminated Week 10,5,6,10.0,False,True,4,30.0,7.5
Marilu Henner,Derek Hough,Actor/Actress,Illinois,United States,64,23,Eliminated Week 9,6,6,9.0,False,True,4,34.0,8.5
Ryan Lochte,Cheryl Burke,Athlete,New York,United States,32,23,Eliminated Week 8,7,6,8.0,False,True,4,30.0,7.5
Maureen McCormick,Artem Chigvintsev,Actor/Actress,California,United States,60,23,Eliminated Week 7,8,6,7.0,False,True,4,31.0,7.75
Amber Rose,Maksim Chmerkoskiy,Model,Pennsylvania,United States,32,23,Eliminated Week 6,9,6,6.0,True,True,4,28.0,7.0
Vanilla Ice,Witney Carson,Singer/Rapper,Texas,United States,48,23,Eliminated Week 4,10,6,4.0,False,False,4,0.0,0.0
Babyface,Allison Holker,Singer/Rapper,Indiana,United States,57,23,Eliminated Week 4,11,6,4.0,False,False,4,0.0,0.0
Rick Perry,Emma Slater,Politician,Texas,United States,66,23,Eliminated Week 3,12,6,3.0,False,False,4,0.0,0.0
Jake T. Austin,Jenna Johnson,Actor/Actress,New York,United States,21,23,Eliminated Week 2,13,6,2.0,False,False,4,0.0,0.0
Laurie Hernandez,Valentin Chmerkovskiy,Athlete,New Jersey,United States,16,23,1st Place,1,7,,False,True,4,34.5,8.625
James Hinchcliffe,Sharna Burgess,Racing Driver,,Canada,29,23,2nd Place,2,7,,False,True,4,37.0,9.25
Calvin Johnson Jr.,Lindsay Arnold,Athlete,Georgia,United States,30,23,3rd Place,3,7,,False,True,4,37.0,9.25
Jana Kramer,Gleb Savchenko,Singer/Rapper,Michigan,United States,32,23,Eliminated Week 11,4,7,11.0,False,True,4,34.5,8.625
Terra Jole,Sasha Farber,TV Personality,Texas,United States,36,23,Eliminated Week 10,5,7,10.0,False,True,4,34.5,8.625
Marilu Henner,Derek Hough,Actor/Actress,Illinois,United States,64,23,Eliminated Week 9,6,7,9.0,False,True,4,32.0,8.0
Ryan Lochte,Cheryl Burke,Athlete,New York,United States,32,23,Eliminated Week 8,7,7,8.0,False,True,4,33.0,8.25
Maureen McCormick,Artem Chigvintsev,Actor/Actress,California,United States,60,23,Eliminated Week 7,8,7,7.0,True,True,4,33.0,8.25
Amber Rose,Maksim Chmerkoskiy,Model,Pennsylvania,United States,32,23,Eliminated Week 6,9,7,6.0,False,False,4,0.0,0.0
Vanilla Ice,Witney Carson,Singer/Rapper,Texas,United States,48,23,Eliminated Week 4,10,7,4.0,False,False,4,0.0,0.0
Babyface,Allison Holker,Singer/Rapper,Indiana,United States,57,23,Eliminated Week 4,11,7,4.0,False,False,4,0.0,0.0
Rick Perry,Emma Slater,Politician,Texas,United States,66,23,Eliminated Week 3,12,7,3.0,False,False,4,0.0,0.0
Jake T. Austin,Jenna Johnson,Actor/Actress,New York,United States,21,23,Eliminated Week 2,13,7,2.0,False,False,4,0.0,0.0
Laurie Hernandez,Valentin Chmerkovskiy,Athlete,New Jersey,United States,16,23,1st Place,1,8,,False,True,3,33.0,11.0
James Hinchcliffe,Sharna Burgess,Racing Driver,,Canada,29,23,2nd Place,2,8,,False,True,3,34.9998,11.6666
Calvin Johnson Jr.,Lindsay Arnold,Athlete,Georgia,United States,30,23,3rd Place,3,8,,False,True,3,30.0,10.0
Jana Kramer,Gleb Savchenko,Singer/Rapper,Michigan,United States,32,23,Eliminated Week 11,4,8,11.0,False,True,3,30.0,10.0
Terra Jole,Sasha Farber,TV Personality,Texas,United States,36,23,Eliminated Week 10,5,8,10.0,False,True,3,24.0,8.0
Marilu Henner,Derek Hough,Actor/Actress,Illinois,United States,64,23,Eliminated Week 9,6,8,9.0,False,True,3,23.0,7.666666666666667
Ryan Lochte,Cheryl Burke,Athlete,New York,United States,32,23,Eliminated Week 8,7,8,8.0,True,True,3,26.0,8.666666666666666
Maureen McCormick,Artem Chigvintsev,Actor/Actress,California,United States,60,23,Eliminated Week 7,8,8,7.0,False,False,3,0.0,0.0
Amber Rose,Maksim Chmerkoskiy,Model,Pennsylvania,United States,32,23,Eliminated Week 6,9,8,6.0,False,False,3,0.0,0.0
Vanilla Ice,Witney Carson,Singer/Rapper,Texas,United States,48,23,Eliminated Week 4,10,8,4.0,False,False,3,0.0,0.0
Babyface,Allison Holker,Singer/Rapper,Indiana,United States,57,23,Eliminated Week 4,11,8,4.0,False,False,3,0.0,0.0
Rick Perry,Emma Slater,Politician,Texas,United States,66,23,Eliminated Week 3,12,8,3.0,False,False,3,0.0,0.0
Jake T. Austin,Jenna Johnson,Actor/Actress,New York,United States,21,23,Eliminated Week 2,13,8,2.0,False,False,3,0.0,0.0
Laurie Hernandez,Valentin Chmerkovskiy,Athlete,New Jersey,United States,16,23,1st Place,1,9,,False,True,4,40.0,10.0
James Hinchcliffe,Sharna Burgess,Racing Driver,,Canada,29,23,2nd Place,2,9,,False,True,4,36.0,9.0
Calvin Johnson Jr.,Lindsay Arnold,Athlete,Georgia,United States,30,23,3rd Place,3,9,,False,True,4,37.0,9.25
Jana Kramer,Gleb Savchenko,Singer/Rapper,Michigan,United States,32,23,Eliminated Week 11,4,9,11.0,False,True,4,40.0,10.0
Terra Jole,Sasha Farber,TV Personality,Texas,United States,36,23,Eliminated Week 10,5,9,10.0,False,True,4,38.0,9.5
Marilu Henner,Derek Hough,Actor/Actress,Illinois,United States,64,23,Eliminated Week 9,6,9,9.0,True,True,4,36.0,9.0
Ryan Lochte,Cheryl Burke,Athlete,New York,United States,32,23,Eliminated Week 8,7,9,8.0,False,False,4,0.0,0.0
Maureen McCormick,Artem Chigvintsev,Actor/Actress,California,United States,60,23,Eliminated Week 7,8,9,7.0,False,False,4,0.0,0.0
Amber Rose,Maksim Chmerkoskiy,Model,Pennsylvania,United States,32,23,Eliminated Week 6,9,9,6.0,False,False,4,0.0,0.0
Vanilla Ice,Witney Carson,Singer/Rapper,Texas,United States,48,23,Eliminated Week 4,10,9,4.0,False,False,4,0.0,0.0
Babyface,Allison Holker,Singer/Rapper,Indiana,United States,57,23,Eliminated Week 4,11,9,4.0,False,False,4,0.0,0.0
Rick Perry,Emma Slater,Politician,Texas,United States,66,23,Eliminated Week 3,12,9,3.0,False,False,4,0.0,0.0
Jake T. Austin,Jenna Johnson,Actor/Actress,New York,United States,21,23,Eliminated Week 2,13,9,2.0,False,False,4,0.0,0.0
Laurie Hernandez,Valentin Chmerkovskiy,Athlete,New Jersey,United States,16,23,1st Place,1,10,,False,True,3,30.0,10.0
James Hinchcliffe,Sharna Burgess,Racing Driver,,Canada,29,23,2nd Place,2,10,,False,True,3,29.5,9.833333333333334
Calvin Johnson Jr.,Lindsay Arnold,Athlete,Georgia,United States,30,23,3rd Place,3,10,,False,True,3,28.0,9.333333333333334
Jana Kramer,Gleb Savchenko,Singer/Rapper,Michigan,United States,32,23,Eliminated Week 11,4,10,11.0,False,True,3,29.0,9.666666666666666
Terra Jole,Sasha Farber,TV Personality,Texas,United States,36,23,Eliminated Week 10,5,10,10.0,True,True,3,30.0,10.0
Marilu Henner,Derek Hough,Actor/Actress,Illinois,United States,64,23,Eliminated Week 9,6,10,9.0,False,False,3,0.0,0.0
Ryan Lochte,Cheryl Burke,Athlete,New York,United States,32,23,Eliminated Week 8,7,10,8.0,False,False,3,0.0,0.0
Maureen McCormick,Artem Chigvintsev,Actor/Actress,California,United States,60,23,Eliminated Week 7,8,10,7.0,False,False,3,0.0,0.0
Amber Rose,Maksim Chmerkoskiy,Model,Pennsylvania,United States,32,23,Eliminated Week 6,9,10,6.0,False,False,3,0.0,0.0
Vanilla Ice,Witney Carson,Singer/Rapper,Texas,United States,48,23,Eliminated Week 4,10,10,4.0,False,False,3,0.0,0.0
Babyface,Allison Holker,Singer/Rapper,Indiana,United States,57,23,Eliminated Week 4,11,10,4.0,False,False,3,0.0,0.0
Rick Perry,Emma Slater,Politician,Texas,United States,66,23,Eliminated Week 3,12,10,3.0,False,False,3,0.0,0.0
Jake T. Austin,Jenna Johnson,Actor/Actress,New York,United States,21,23,Eliminated Week 2,13,10,2.0,False,False,3,0.0,0.0
Laurie Hernandez,Valentin Chmerkovskiy,Athlete,New Jersey,United States,16,23,1st Place,1,11,,False,True,4,39.333200000000005,9.833300000000001
James Hinchcliffe,Sharna Burgess,Racing Driver,,Canada,29,23,2nd Place,2,11,,False,True,4,38.9998,9.74995
Calvin Johnson Jr.,Lindsay Arnold,Athlete,Georgia,United States,30,23,3rd Place,3,11,,False,True,4,38.3331,9.583275
Jana Kramer,Gleb Savchenko,Singer/Rapper,Michigan,United States,32,23,Eliminated Week 11,4,11,11.0,True,True,4,35.5,8.875
Terra Jole,Sasha Farber,TV Personality,Texas,United States,36,23,Eliminated Week 10,5,11,10.0,False,False,4,0.0,0.0
Marilu Henner,Derek Hough,Actor/Actress,Illinois,United States,64,23,Eliminated Week 9,6,11,9.0,False,False,4,0.0,0.0
Ryan Lochte,Cheryl Burke,Athlete,New York,United States,32,23,Eliminated Week 8,7,11,8.0,False,False,4,0.0,0.0
Maureen McCormick,Artem Chigvintsev,Actor/Actress,California,United States,60,23,Eliminated Week 7,8,11,7.0,False,False,4,0.0,0.0
Amber Rose,Maksim Chmerkoskiy,Model,Pennsylvania,United States,32,23,Eliminated Week 6,9,11,6.0,False,False,4,0.0,0.0
Vanilla Ice,Witney Carson,Singer/Rapper,Texas,United States,48,23,Eliminated Week 4,10,11,4.0,False,False,4,0.0,0.0
Babyface,Allison Holker,Singer/Rapper,Indiana,United States,57,23,Eliminated Week 4,11,11,4.0,False,False,4,0.0,0.0
Rick Perry,Emma Slater,Politician,Texas,United States,66,23,Eliminated Week 3,12,11,3.0,False,False,4,0.0,0.0
Jake T. Austin,Jenna Johnson,Actor/Actress,New York,United States,21,23,Eliminated Week 2,13,11,2.0,False,False,4,0.0,0.0
Rashad Jennings,Emma Slater,Athlete,Virginia,United States,32,24,1st Place,1,1,,False,True,4,31.0,7.75
David Ross,Lindsay Arnold,Athlete,Georgia,United States,40,24,2nd Place,2,1,,False,True,4,28.0,7.0
Normani,Valentin Chmerkovskiy,Singer/Rapper,Georgia,United States,20,24,3rd Place,3,1,,False,True,4,27.0,6.75
Simone Biles,Sasha Farber,Athlete,Ohio,United States,20,24,Eliminated Week 9,4,1,9.0,False,True,4,32.0,8.0
Bonner Bolton,Sharna Burgess,Athlete,Texas,United States,29,24,Eliminated Week 8,5,1,8.0,False,True,4,22.0,5.5
Nick Viall,Peta Murgatroyd,TV Personality,Wisconsin,United States,36,24,Eliminated Week 7,6,1,7.0,False,True,4,24.0,6.0
Nancy Kerrigan,Artem Chigvintsev,Athlete,Massachusetts,United States,47,24,Eliminated Week 7,7,1,7.0,False,True,4,28.0,7.0
Heather Morris,Maksim Chmerkoskiy,Actor/Actress,California,United States,30,24,Eliminated Week 6,8,1,6.0,False,True,4,28.0,7.0
Erika Jayne,Gleb Savchenko,Singer/Rapper,Georgia,United States,45,24,Eliminated Week 5,9,1,5.0,False,True,4,24.0,6.0
Mr. T,Kym Herjavec,Actor/Actress,Illinois,United States,64,24,Eliminated Week 4,10,1,4.0,False,True,4,20.0,5.0
Charo,Keo Motsepe,Actor/Actress,,Spain,66,24,Eliminated Week 3,11,1,3.0,False,True,4,21.0,5.25
Chris Kattan,Witney Carson,Comedian,California,United States,46,24,Eliminated Week 2,12,1,2.0,False,True,4,17.0,4.25
Rashad Jennings,Emma Slater,Athlete,Virginia,United States,32,24,1st Place,1,2,,False,True,4,32.0,8.0
David Ross,Lindsay Arnold,Athlete,Georgia,United States,40,24,2nd Place,2,2,,False,True,4,27.0,6.75
Normani,Valentin Chmerkovskiy,Singer/Rapper,Georgia,United States,20,24,3rd Place,3,2,,False,True,4,32.0,8.0
Simone Biles,Sasha Farber,Athlete,Ohio,United States,20,24,Eliminated Week 9,4,2,9.0,False,True,4,29.0,7.25
Bonner Bolton,Sharna Burgess,Athlete,Texas,United States,29,24,Eliminated Week 8,5,2,8.0,False,True,4,28.0,7.0
Nick Viall,Peta Murgatroyd,TV Personality,Wisconsin,United States,36,24,Eliminated Week 7,6,2,7.0,False,True,4,25.0,6.25
Nancy Kerrigan,Artem Chigvintsev,Athlete,Massachusetts,United States,47,24,Eliminated Week 7,7,2,7.0,False,True,4,28.0,7.0
Heather Morris,Maksim Chmerkoskiy,Actor/Actress,California,United States,30,24,Eliminated Week 6,8,2,6.0,False,True,4,30.0,7.5
Erika Jayne,Gleb Savchenko,Singer/Rapper,Georgia,United States,45,24,Eliminated Week 5,9,2,5.0,False,True,4,28.0,7.0
Mr. T,Kym Herjavec,Actor/Actress,Illinois,United States,64,24,Eliminated Week 4,10,2,4.0,False,True,4,22.0,5.5
Charo,Keo Motsepe,Actor/Actress,,Spain,66,24,Eliminated Week 3,11,2,3.0,False,True,4,25.0,6.25
Chris Kattan,Witney Carson,Comedian,California,United States,46,24,Eliminated Week 2,12,2,2.0,True,True,4,22.0,5.5
Rashad Jennings,Emma Slater,Athlete,Virginia,United States,32,24,1st Place,1,3,,False,True,4,28.0,7.0
David Ross,Lindsay Arnold,Athlete,Georgia,United States,40,24,2nd Place,2,3,,False,True,4,31.0,7.75
Normani,Valentin Chmerkovskiy,Singer/Rapper,Georgia,United States,20,24,3rd Place,3,3,,False,True,4,34.0,8.5
Simone Biles,Sasha Farber,Athlete,Ohio,United States,20,24,Eliminated Week 9,4,3,9.0,False,True,4,32.0,8.0
Bonner Bolton,Sharna Burgess,Athlete,Texas,United States,29,24,Eliminated Week 8,5,3,8.0,False,True,4,24.0,6.0
Nick Viall,Peta Murgatroyd,TV Personality,Wisconsin,United States,36,24,Eliminated Week 7,6,3,7.0,False,True,4,26.0,6.5
Nancy Kerrigan,Artem Chigvintsev,Athlete,Massachusetts,United States,47,24,Eliminated Week 7,7,3,7.0,False,True,4,33.0,8.25
Heather Morris,Maksim Chmerkoskiy,Actor/Actress,California,United States,30,24,Eliminated Week 6,8,3,6.0,False,True,4,33.0,8.25
Erika Jayne,Gleb Savchenko,Singer/Rapper,Georgia,United States,45,24,Eliminated Week 5,9,3,5.0,False,True,4,26.0,6.5
Mr. T,Kym Herjavec,Actor/Actress,Illinois,United States,64,24,Eliminated Week 4,10,3,4.0,False,True,4,24.0,6.0
Charo,Keo Motsepe,Actor/Actress,,Spain,66,24,Eliminated Week 3,11,3,3.0,True,True,4,24.0,6.0
Chris Kattan,Witney Carson,Comedian,California,United States,46,24,Eliminated Week 2,12,3,2.0,False,False,4,0.0,0.0
Rashad Jennings,Emma Slater,Athlete,Virginia,United States,32,24,1st Place,1,4,,False,True,4,39.0,9.75
David Ross,Lindsay Arnold,Athlete,Georgia,United States,40,24,2nd Place,2,4,,False,True,4,31.0,7.75
Normani,Valentin Chmerkovskiy,Singer/Rapper,Georgia,United States,20,24,3rd Place,3,4,,False,True,4,32.0,8.0
Simone Biles,Sasha Farber,Athlete,Ohio,United States,20,24,Eliminated Week 9,4,4,9.0,False,True,4,36.0,9.0
Bonner Bolton,Sharna Burgess,Athlete,Texas,United States,29,24,Eliminated Week 8,5,4,8.0,False,True,4,32.0,8.0
Nick Viall,Peta Murgatroyd,TV Personality,Wisconsin,United States,36,24,Eliminated Week 7,6,4,7.0,False,True,4,30.0,7.5
Nancy Kerrigan,Artem Chigvintsev,Athlete,Massachusetts,United States,47,24,Eliminated Week 7,7,4,7.0,False,True,4,33.0,8.25
Heather Morris,Maksim Chmerkoskiy,Actor/Actress,California,United States,30,24,Eliminated Week 6,8,4,6.0,False,True,4,35.0,8.75
Erika Jayne,Gleb Savchenko,Singer/Rapper,Georgia,United States,45,24,Eliminated Week 5,9,4,5.0,False,True,4,30.0,7.5
Mr. T,Kym Herjavec,Actor/Actress,Illinois,United States,64,24,Eliminated Week 4,10,4,4.0,True,True,4,28.0,7.0
Charo,Keo Motsepe,Actor/Actress,,Spain,66,24,Eliminated Week 3,11,4,3.0,False,False,4,0.0,0.0
Chris Kattan,Witney Carson,Comedian,California,United States,46,24,Eliminated Week 2,12,4,2.0,False,False,4,0.0,0.0
Rashad Jennings,Emma Slater,Athlete,Virginia,United States,32,24,1st Place,1,5,,False,True,4,32.0,8.0
David Ross,Lindsay Arnold,Athlete,Georgia,United States,40,24,2nd Place,2,5,,False,True,4,29.0,7.25
Normani,Valentin Chmerkovskiy,Singer/Rapper,Georgia,United States,20,24,3rd Place,3,5,,False,True,4,39.0,9.75
Simone Biles,Sasha Farber,Athlete,Ohio,United States,20,24,Eliminated Week 9,4,5,9.0,False,True,4,38.0,9.5
Bonner Bolton,Sharna Burgess,Athlete,Texas,United States,29,24,Eliminated Week 8,5,5,8.0,False,True,4,30.0,7.5
Nick Viall,Peta Murgatroyd,TV Personality,Wisconsin,United States,36,24,Eliminated Week 7,6,5,7.0,False,True,4,34.0,8.5
Nancy Kerrigan,Artem Chigvintsev,Athlete,Massachusetts,United States,47,24,Eliminated Week 7,7,5,7.0,False,True,4,36.0,9.0
Heather Morris,Maksim Chmerkoskiy,Actor/Actress,California,United States,30,24,Eliminated Week 6,8,5,6.0,False,True,4,34.0,8.5
Erika Jayne,Gleb Savchenko,Singer/Rapper,Georgia,United States,45,24,Eliminated Week 5,9,5,5.0,True,True,4,32.0,8.0
Mr. T,Kym Herjavec,Actor/Actress,Illinois,United States,64,24,Eliminated Week 4,10,5,4.0,False,False,4,0.0,0.0
Charo,Keo Motsepe,Actor/Actress,,Spain,66,24,Eliminated Week 3,11,5,3.0,False,False,4,0.0,0.0
Chris Kattan,Witney Carson,Comedian,California,United States,46,24,Eliminated Week 2,12,5,2.0,False,False,4,0.0,0.0
Rashad Jennings,Emma Slater,Athlete,Virginia,United States,32,24,1st Place,1,6,,False,True,4,35.0,8.75
David Ross,Lindsay Arnold,Athlete,Georgia,United States,40,24,2nd Place,2,6,,False,True,4,31.0,7.75
Normani,Valentin Chmerkovskiy,Singer/Rapper,Georgia,United States,20,24,3rd Place,3,6,,False,True,4,36.0,9.0
Simone Biles,Sasha Farber,Athlete,Ohio,United States,20,24,Eliminated Week 9,4,6,9.0,False,True,4,34.5,8.625
Bonner Bolton,Sharna Burgess,Athlete,Texas,United States,29,24,Eliminated Week 8,5,6,8.0,False,True,4,31.5,7.875
Nick Viall,Peta Murgatroyd,TV Personality,Wisconsin,United States,36,24,Eliminated Week 7,6,6,7.0,False,True,4,30.5,7.625
Nancy Kerrigan,Artem Chigvintsev,Athlete,Massachusetts,United States,47,24,Eliminated Week 7,7,6,7.0,False,True,4,33.5,8.375
Heather Morris,Maksim Chmerkoskiy,Actor/Actress,California,United States,30,24,Eliminated Week 6,8,6,6.0,True,True,4,37.0,9.25
Erika Jayne,Gleb Savchenko,Singer/Rapper,Georgia,United States,45,24,Eliminated Week 5,9,6,5.0,False,False,4,0.0,0.0
Mr. T,Kym Herjavec,Actor/Actress,Illinois,United States,64,24,Eliminated Week 4,10,6,4.0,False,False,4,0.0,0.0
Charo,Keo Motsepe,Actor/Actress,,Spain,66,24,Eliminated Week 3,11,6,3.0,False,False,4,0.0,0.0
Chris Kattan,Witney Carson,Comedian,California,United States,46,24,Eliminated Week 2,12,6,2.0,False,False,4,0.0,0.0
Rashad Jennings,Emma Slater,Athlete,Virginia,United States,32,24,1st Place,1,7,,False,True,4,39.0,9.75
David Ross,Lindsay Arnold,Athlete,Georgia,United States,40,24,2nd Place,2,7,,False,True,4,32.0,8.0
Normani,Valentin Chmerkovskiy,Singer/Rapper,Georgia,United States,20,24,3rd Place,3,7,,False,True,4,42.0,10.5
Simone Biles,Sasha Farber,Athlete,Ohio,United States,20,24,Eliminated Week 9,4,7,9.0,False,True,4,39.0,9.75
Bonner Bolton,Sharna Burgess,Athlete,Texas,United States,29,24,Eliminated Week 8,5,7,8.0,False,True,4,31.0,7.75
Nick Viall,Peta Murgatroyd,TV Personality,Wisconsin,United States,36,24,Eliminated Week 7,6,7,7.0,True,True,4,34.0,8.5
Nancy Kerrigan,Artem Chigvintsev,Athlete,Massachusetts,United States,47,24,Eliminated Week 7,7,7,7.0,True,True,4,36.0,9.0
Heather Morris,Maksim Chmerkoskiy,Actor/Actress,California,United States,30,24,Eliminated Week 6,8,7,6.0,False,False,4,0.0,0.0
Erika Jayne,Gleb Savchenko,Singer/Rapper,Georgia,United States,45,24,Eliminated Week 5,9,7,5.0,False,False,4,0.0,0.0
Mr. T,Kym Herjavec,Actor/Actress,Illinois,United States,64,24,Eliminated Week 4,10,7,4.0,False,False,4,0.0,0.0
Charo,Keo Motsepe,Actor/Actress,,Spain,66,24,Eliminated Week 3,11,7,3.0,False,False,4,0.0,0.0
Chris Kattan,Witney Carson,Comedian,California,United States,46,24,Eliminated Week 2,12,7,2.0,False,False,4,0.0,0.0
Rashad Jennings,Emma Slater,Athlete,Virginia,United States,32,24,1st Place,1,8,,False,True,4,37.5,9.375
David Ross,Lindsay Arnold,Athlete,Georgia,United States,40,24,2nd Place,2,8,,False,True,4,32.5,8.125
Normani,Valentin Chmerkovskiy,Singer/Rapper,Georgia,United States,20,24,3rd Place,3,8,,False,True,4,39.5,9.875
Simone Biles,Sasha Farber,Athlete,Ohio,United States,20,24,Eliminated Week 9,4,8,9.0,False,True,4,36.0,9.0
Bonner Bolton,Sharna Burgess,Athlete,Texas,United States,29,24,Eliminated Week 8,5,8,8.0,True,True,4,29.0,7.25
Nick Viall,Peta Murgatroyd,TV Personality,Wisconsin,United States,36,24,Eliminated Week 7,6,8,7.0,False,False,4,0.0,0.0
Nancy Kerrigan,Artem Chigvintsev,Athlete,Massachusetts,United States,47,24,Eliminated Week 7,7,8,7.0,False,False,4,0.0,0.0
Heather Morris,Maksim Chmerkoskiy,Actor/Actress,California,United States,30,24,Eliminated Week 6,8,8,6.0,False,False,4,0.0,0.0
Erika Jayne,Gleb Savchenko,Singer/Rapper,Georgia,United States,45,24,Eliminated Week 5,9,8,5.0,False,False,4,0.0,0.0
Mr. T,Kym Herjavec,Actor/Actress,Illinois,United States,64,24,Eliminated Week 4,10,8,4.0,False,False,4,0.0,0.0
Charo,Keo Motsepe,Actor/Actress,,Spain,66,24,Eliminated Week 3,11,8,3.0,False,False,4,0.0,0.0
Chris Kattan,Witney Carson,Comedian,California,United States,46,24,Eliminated Week 2,12,8,2.0,False,False,4,0.0,0.0
Rashad Jennings,Emma Slater,Athlete,Virginia,United States,32,24,1st Place,1,9,,False,True,4,38.5,9.625
David Ross,Lindsay Arnold,Athlete,Georgia,United States,40,24,2nd Place,2,9,,False,True,4,35.0,8.75
Normani,Valentin Chmerkovskiy,Singer/Rapper,Georgia,United States,20,24,3rd Place,3,9,,False,True,4,38.0,9.5
Simone Biles,Sasha Farber,Athlete,Ohio,United States,20,24,Eliminated Week 9,4,9,9.0,True,True,4,40.0,10.0
Bonner Bolton,Sharna Burgess,Athlete,Texas,United States,29,24,Eliminated Week 8,5,9,8.0,False,False,4,0.0,0.0
Nick Viall,Peta Murgatroyd,TV Personality,Wisconsin,United States,36,24,Eliminated Week 7,6,9,7.0,False,False,4,0.0,0.0
Nancy Kerrigan,Artem Chigvintsev,Athlete,Massachusetts,United States,47,24,Eliminated Week 7,7,9,7.0,False,False,4,0.0,0.0
Heather Morris,Maksim Chmerkoskiy,Actor/Actress,California,United States,30,24,Eliminated Week 6,8,9,6.0,False,False,4,0.0,0.0
Erika Jayne,Gleb Savchenko,Singer/Rapper,Georgia,United States,45,24,Eliminated Week 5,9,9,5.0,False,False,4,0.0,0.0
Mr. T,Kym Herjavec,Actor/Actress,Illinois,United States,64,24,Eliminated Week 4,10,9,4.0,False,False,4,0.0,0.0
Charo,Keo Motsepe,Actor/Actress,,Spain,66,24,Eliminated Week 3,11,9,3.0,False,False,4,0.0,0.0
Chris Kattan,Witney Carson,Comedian,California,United States,46,24,Eliminated Week 2,12,9,2.0,False,False,4,0.0,0.0
Rashad Jennings,Emma Slater,Athlete,Virginia,United States,32,24,1st Place,1,10,,False,True,4,39.6666,9.91665
David Ross,Lindsay Arnold,Athlete,Georgia,United States,40,24,2nd Place,2,10,,False,True,4,36.3333,9.083325
Normani,Valentin Chmerkovskiy,Singer/Rapper,Georgia,United States,20,24,3rd Place,3,10,,False,True,4,39.333200000000005,9.833300000000001
Simone Biles,Sasha Farber,Athlete,Ohio,United States,20,24,Eliminated Week 9,4,10,9.0,False,False,4,0.0,0.0
Bonner Bolton,Sharna Burgess,Athlete,Texas,United States,29,24,Eliminated Week 8,5,10,8.0,False,False,4,0.0,0.0
Nick Viall,Peta Murgatroyd,TV Personality,Wisconsin,United States,36,24,Eliminated Week 7,6,10,7.0,False,False,4,0.0,0.0
Nancy Kerrigan,Artem Chigvintsev,Athlete,Massachusetts,United States,47,24,Eliminated Week 7,7,10,7.0,False,False,4,0.0,0.0
Heather Morris,Maksim Chmerkoskiy,Actor/Actress,California,United States,30,24,Eliminated Week 6,8,10,6.0,False,False,4,0.0,0.0
Erika Jayne,Gleb Savchenko,Singer/Rapper,Georgia,United States,45,24,Eliminated Week 5,9,10,5.0,False,False,4,0.0,0.0
Mr. T,Kym Herjavec,Actor/Actress,Illinois,United States,64,24,Eliminated Week 4,10,10,4.0,False,False,4,0.0,0.0
Charo,Keo Motsepe,Actor/Actress,,Spain,66,24,Eliminated Week 3,11,10,3.0,False,False,4,0.0,0.0
Chris Kattan,Witney Carson,Comedian,California,United States,46,24,Eliminated Week 2,12,10,2.0,False,False,4,0.0,0.0
Jordan Fisher,Lindsay Arnold,Actor/Actress,Alabama,United States,23,25,1st Place,1,1,,False,True,3,22.0,7.333333333333333
Lindsey Stirling,Mark Ballas,Musician,California,United States,31,25,2nd Place,2,1,,False,True,3,22.0,7.333333333333333
Frankie Muniz,Witney Carson,Actor/Actress,New Jersey,United States,31,25,3rd Place,3,1,,False,True,3,19.0,6.333333333333333
Drew Scott,Emma Slater,TV Personality,,Canada,39,25,Eliminated Week 10,4,1,10.0,False,True,3,16.0,5.333333333333333
Victoria Arlen,Valentin Chmerkovskiy,Athlete,New Hamshire,United States,22,25,Eliminated Week 9,5,1,9.0,False,True,3,19.0,6.333333333333333
Terrell Owens,Cheryl Burke,Athlete,Alabama,United States,43,25,Eliminated Week 8,6,1,8.0,False,True,3,15.0,5.0
Vanessa Lachey,Maksim Chmerkoskiy,TV Personality,,Philippines,36,25,Eliminated Week 7,7,1,7.0,False,True,3,21.0,7.0
Nikki Bella,Artem Chigvintsev,Athlete,California,United States,33,25,Eliminated Week 7,8,1,7.0,False,True,3,20.0,6.666666666666667
Nick Lachey,Peta Murgatroyd,Singer/Rapper,Kentucky,United States,43,25,Eliminated Week 6,9,1,6.0,False,True,3,18.0,6.0
Sasha Pieterse,Gleb Savchenko,Actor/Actress,,South Africa,21,25,Eliminated Week 5,10,1,5.0,False,True,3,18.0,6.0
Derek Fisher,Sharna Burgess,Athlete,Arkansas,United States,43,25,Eliminated Week 4,11,1,4.0,False,True,3,18.0,6.0
Debbie Gibson,Alan Bersten,Singer/Rapper,New York,United States,47,25,Eliminated Week 2,12,1,2.0,False,True,3,17.0,5.666666666666667
Barbara Corcoran,Keo Motsepe,Entrepreneur,New Jersey,United States,68,25,Eliminated Week 2,13,1,2.0,False,True,3,14.0,4.666666666666667
Jordan Fisher,Lindsay Arnold,Actor/Actress,Alabama,United States,23,25,1st Place,1,2,,False,True,3,24.0,8.0
Lindsey Stirling,Mark Ballas,Musician,California,United States,31,25,2nd Place,2,2,,False,True,3,22.5,7.5
Frankie Muniz,Witney Carson,Actor/Actress,New Jersey,United States,31,25,3rd Place,3,2,,False,True,3,24.0,8.0
Drew Scott,Emma Slater,TV Personality,,Canada,39,25,Eliminated Week 10,4,2,10.0,False,True,3,20.5,6.833333333333333
Victoria Arlen,Valentin Chmerkovskiy,Athlete,New Hamshire,United States,22,25,Eliminated Week 9,5,2,9.0,False,True,3,22.0,7.333333333333333
Terrell Owens,Cheryl Burke,Athlete,Alabama,United States,43,25,Eliminated Week 8,6,2,8.0,False,True,3,19.5,6.5
Vanessa Lachey,Maksim Chmerkoskiy,TV Personality,,Philippines,36,25,Eliminated Week 7,7,2,7.0,False,True,3,23.5,7.833333333333333
Nikki Bella,Artem Chigvintsev,Athlete,California,United States,33,25,Eliminated Week 7,8,2,7.0,False,True,3,19.5,6.5
Nick Lachey,Peta Murgatroyd,Singer/Rapper,Kentucky,United States,43,25,Eliminated Week 6,9,2,6.0,False,True,3,19.0,6.333333333333333
Sasha Pieterse,Gleb Savchenko,Actor/Actress,,South Africa,21,25,Eliminated Week 5,10,2,5.0,False,True,3,22.5,7.5
Derek Fisher,Sharna Burgess,Athlete,Arkansas,United States,43,25,Eliminated Week 4,11,2,4.0,False,True,3,19.0,6.333333333333333
Debbie Gibson,Alan Bersten,Singer/Rapper,New York,United States,47,25,Eliminated Week 2,12,2,2.0,True,True,3,20.5,6.833333333333333
Barbara Corcoran,Keo Motsepe,Entrepreneur,New Jersey,United States,68,25,Eliminated Week 2,13,2,2.0,True,True,3,17.0,5.666666666666667
Jordan Fisher,Lindsay Arnold,Actor/Actress,Alabama,United States,23,25,1st Place,1,3,,False,True,3,25.0,8.333333333333334
Lindsey Stirling,Mark Ballas,Musician,California,United States,31,25,2nd Place,2,3,,False,True,3,27.0,9.0
Frankie Muniz,Witney Carson,Actor/Actress,New Jersey,United States,31,25,3rd Place,3,3,,False,True,3,21.0,7.0
Drew Scott,Emma Slater,TV Personality,,Canada,39,25,Eliminated Week 10,4,3,10.0,False,True,3,23.0,7.666666666666667
Victoria Arlen,Valentin Chmerkovskiy,Athlete,New Hamshire,United States,22,25,Eliminated Week 9,5,3,9.0,False,True,3,22.0,7.333333333333333
Terrell Owens,Cheryl Burke,Athlete,Alabama,United States,43,25,Eliminated Week 8,6,3,8.0,False,True,3,21.0,7.0
Vanessa Lachey,Maksim Chmerkoskiy,TV Personality,,Philippines,36,25,Eliminated Week 7,7,3,7.0,False,True,3,23.0,7.666666666666667
Nikki Bella,Artem Chigvintsev,Athlete,California,United States,33,25,Eliminated Week 7,8,3,7.0,False,True,3,21.0,7.0
Nick Lachey,Peta Murgatroyd,Singer/Rapper,Kentucky,United States,43,25,Eliminated Week 6,9,3,6.0,False,True,3,21.0,7.0
Sasha Pieterse,Gleb Savchenko,Actor/Actress,,South Africa,21,25,Eliminated Week 5,10,3,5.0,False,True,3,19.0,6.333333333333333
Derek Fisher,Sharna Burgess,Athlete,Arkansas,United States,43,25,Eliminated Week 4,11,3,4.0,False,True,3,21.0,7.0
Debbie Gibson,Alan Bersten,Singer/Rapper,New York,United States,47,25,Eliminated Week 2,12,3,2.0,False,False,3,0.0,0.0
Barbara Corcoran,Keo Motsepe,Entrepreneur,New Jersey,United States,68,25,Eliminated Week 2,13,3,2.0,False,False,3,0.0,0.0
Jordan Fisher,Lindsay Arnold,Actor/Actress,Alabama,United States,23,25,1st Place,1,4,,False,True,3,29.0,9.666666666666666
Lindsey Stirling,Mark Ballas,Musician,California,United States,31,25,2nd Place,2,4,,False,True,3,26.0,8.666666666666666
Frankie Muniz,Witney Carson,Actor/Actress,New Jersey,United States,31,25,3rd Place,3,4,,False,True,3,24.0,8.0
Drew Scott,Emma Slater,TV Personality,,Canada,39,25,Eliminated Week 10,4,4,10.0,False,True,3,24.0,8.0
Victoria Arlen,Valentin Chmerkovskiy,Athlete,New Hamshire,United States,22,25,Eliminated Week 9,5,4,9.0,False,True,3,27.0,9.0
Terrell Owens,Cheryl Burke,Athlete,Alabama,United States,43,25,Eliminated Week 8,6,4,8.0,False,True,3,24.0,8.0
Vanessa Lachey,Maksim Chmerkoskiy,TV Personality,,Philippines,36,25,Eliminated Week 7,7,4,7.0,False,True,3,24.0,8.0
Nikki Bella,Artem Chigvintsev,Athlete,California,United States,33,25,Eliminated Week 7,8,4,7.0,False,True,3,24.0,8.0
Nick Lachey,Peta Murgatroyd,Singer/Rapper,Kentucky,United States,43,25,Eliminated Week 6,9,4,6.0,False,True,3,22.0,7.333333333333333
Sasha Pieterse,Gleb Savchenko,Actor/Actress,,South Africa,21,25,Eliminated Week 5,10,4,5.0,False,True,3,24.0,8.0
Derek Fisher,Sharna Burgess,Athlete,Arkansas,United States,43,25,Eliminated Week 4,11,4,4.0,True,True,3,23.0,7.666666666666667
Debbie Gibson,Alan Bersten,Singer/Rapper,New York,United States,47,25,Eliminated Week 2,12,4,2.0,False,False,3,0.0,0.0
Barbara Corcoran,Keo Motsepe,Entrepreneur,New Jersey,United States,68,25,Eliminated Week 2,13,4,2.0,False,False,3,0.0,0.0
Jordan Fisher,Lindsay Arnold,Actor/Actress,Alabama,United States,23,25,1st Place,1,5,,False,True,3,30.0,10.0
Lindsey Stirling,Mark Ballas,Musician,California,United States,31,25,2nd Place,2,5,,False,True,3,28.0,9.333333333333334
Frankie Muniz,Witney Carson,Actor/Actress,New Jersey,United States,31,25,3rd Place,3,5,,False,True,3,29.0,9.666666666666666
Drew Scott,Emma Slater,TV Personality,,Canada,39,25,Eliminated Week 10,4,5,10.0,False,True,3,25.0,8.333333333333334
Victoria Arlen,Valentin Chmerkovskiy,Athlete,New Hamshire,United States,22,25,Eliminated Week 9,5,5,9.0,False,True,3,27.0,9.0
Terrell Owens,Cheryl Burke,Athlete,Alabama,United States,43,25,Eliminated Week 8,6,5,8.0,False,True,3,25.0,8.333333333333334
Vanessa Lachey,Maksim Chmerkoskiy,TV Personality,,Philippines,36,25,Eliminated Week 7,7,5,7.0,False,True,3,24.0,8.0
Nikki Bella,Artem Chigvintsev,Athlete,California,United States,33,25,Eliminated Week 7,8,5,7.0,False,True,3,27.0,9.0
Nick Lachey,Peta Murgatroyd,Singer/Rapper,Kentucky,United States,43,25,Eliminated Week 6,9,5,6.0,False,True,3,22.0,7.333333333333333
Sasha Pieterse,Gleb Savchenko,Actor/Actress,,South Africa,21,25,Eliminated Week 5,10,5,5.0,True,True,3,24.0,8.0
Derek Fisher,Sharna Burgess,Athlete,Arkansas,United States,43,25,Eliminated Week 4,11,5,4.0,False,False,3,0.0,0.0
Debbie Gibson,Alan Bersten,Singer/Rapper,New York,United States,47,25,Eliminated Week 2,12,5,2.0,False,False,3,0.0,0.0
Barbara Corcoran,Keo Motsepe,Entrepreneur,New Jersey,United States,68,25,Eliminated Week 2,13,5,2.0,False,False,3,0.0,0.0
Jordan Fisher,Lindsay Arnold,Actor/Actress,Alabama,United States,23,25,1st Place,1,6,,False,True,4,39.0,9.75
Lindsey Stirling,Mark Ballas,Musician,California,United States,31,25,2nd Place,2,6,,False,True,4,40.0,10.0
Frankie Muniz,Witney Carson,Actor/Actress,New Jersey,United States,31,25,3rd Place,3,6,,False,True,4,31.0,7.75
Drew Scott,Emma Slater,TV Personality,,Canada,39,25,Eliminated Week 10,4,6,10.0,False,True,4,30.0,7.5
Victoria Arlen,Valentin Chmerkovskiy,Athlete,New Hamshire,United States,22,25,Eliminated Week 9,5,6,9.0,False,True,4,31.0,7.75
Terrell Owens,Cheryl Burke,Athlete,Alabama,United States,43,25,Eliminated Week 8,6,6,8.0,False,True,4,37.0,9.25
Vanessa Lachey,Maksim Chmerkoskiy,TV Personality,,Philippines,36,25,Eliminated Week 7,7,6,7.0,False,True,4,36.0,9.0
Nikki Bella,Artem Chigvintsev,Athlete,California,United States,33,25,Eliminated Week 7,8,6,7.0,False,True,4,36.0,9.0
Nick Lachey,Peta Murgatroyd,Singer/Rapper,Kentucky,United States,43,25,Eliminated Week 6,9,6,6.0,True,True,4,26.0,6.5
Sasha Pieterse,Gleb Savchenko,Actor/Actress,,South Africa,21,25,Eliminated Week 5,10,6,5.0,False,False,4,0.0,0.0
Derek Fisher,Sharna Burgess,Athlete,Arkansas,United States,43,25,Eliminated Week 4,11,6,4.0,False,False,4,0.0,0.0
Debbie Gibson,Alan Bersten,Singer/Rapper,New York,United States,47,25,Eliminated Week 2,12,6,2.0,False,False,4,0.0,0.0
Barbara Corcoran,Keo Motsepe,Entrepreneur,New Jersey,United States,68,25,Eliminated Week 2,13,6,2.0,False,False,4,0.0,0.0
Jordan Fisher,Lindsay Arnold,Actor/Actress,Alabama,United States,23,25,1st Place,1,7,,False,True,3,27.0,9.0
Lindsey Stirling,Mark Ballas,Musician,California,United States,31,25,2nd Place,2,7,,False,True,3,25.5,8.5
Frankie Muniz,Witney Carson,Actor/Actress,New Jersey,United States,31,25,3rd Place,3,7,,False,True,3,30.0,10.0
Drew Scott,Emma Slater,TV Personality,,Canada,39,25,Eliminated Week 10,4,7,10.0,False,True,3,28.5,9.5
Victoria Arlen,Valentin Chmerkovskiy,Athlete,New Hamshire,United States,22,25,Eliminated Week 9,5,7,9.0,False,True,3,28.5,9.5
Terrell Owens,Cheryl Burke,Athlete,Alabama,United States,43,25,Eliminated Week 8,6,7,8.0,False,True,3,24.5,8.166666666666666
Vanessa Lachey,Maksim Chmerkoskiy,TV Personality,,Philippines,36,25,Eliminated Week 7,7,7,7.0,True,True,3,27.0,9.0
Nikki Bella,Artem Chigvintsev,Athlete,California,United States,33,25,Eliminated Week 7,8,7,7.0,True,True,3,24.0,8.0
Nick Lachey,Peta Murgatroyd,Singer/Rapper,Kentucky,United States,43,25,Eliminated Week 6,9,7,6.0,False,False,3,0.0,0.0
Sasha Pieterse,Gleb Savchenko,Actor/Actress,,South Africa,21,25,Eliminated Week 5,10,7,5.0,False,False,3,0.0,0.0
Derek Fisher,Sharna Burgess,Athlete,Arkansas,United States,43,25,Eliminated Week 4,11,7,4.0,False,False,3,0.0,0.0
Debbie Gibson,Alan Bersten,Singer/Rapper,New York,United States,47,25,Eliminated Week 2,12,7,2.0,False,False,3,0.0,0.0
Barbara Corcoran,Keo Motsepe,Entrepreneur,New Jersey,United States,68,25,Eliminated Week 2,13,7,2.0,False,False,3,0.0,0.0
Jordan Fisher,Lindsay Arnold,Actor/Actress,Alabama,United States,23,25,1st Place,1,8,,False,True,3,30.0,10.0
Lindsey Stirling,Mark Ballas,Musician,California,United States,31,25,2nd Place,2,8,,False,True,3,27.0,9.0
Frankie Muniz,Witney Carson,Actor/Actress,New Jersey,United States,31,25,3rd Place,3,8,,False,True,3,26.5,8.833333333333334
Drew Scott,Emma Slater,TV Personality,,Canada,39,25,Eliminated Week 10,4,8,10.0,False,True,3,23.5,7.833333333333333
Victoria Arlen,Valentin Chmerkovskiy,Athlete,New Hamshire,United States,22,25,Eliminated Week 9,5,8,9.0,False,True,3,24.0,8.0
Terrell Owens,Cheryl Burke,Athlete,Alabama,United States,43,25,Eliminated Week 8,6,8,8.0,True,True,3,25.5,8.5
Vanessa Lachey,Maksim Chmerkoskiy,TV Personality,,Philippines,36,25,Eliminated Week 7,7,8,7.0,False,False,3,0.0,0.0
Nikki Bella,Artem Chigvintsev,Athlete,California,United States,33,25,Eliminated Week 7,8,8,7.0,False,False,3,0.0,0.0
Nick Lachey,Peta Murgatroyd,Singer/Rapper,Kentucky,United States,43,25,Eliminated Week 6,9,8,6.0,False,False,3,0.0,0.0
Sasha Pieterse,Gleb Savchenko,Actor/Actress,,South Africa,21,25,Eliminated Week 5,10,8,5.0,False,False,3,0.0,0.0
Derek Fisher,Sharna Burgess,Athlete,Arkansas,United States,43,25,Eliminated Week 4,11,8,4.0,False,False,3,0.0,0.0
Debbie Gibson,Alan Bersten,Singer/Rapper,New York,United States,47,25,Eliminated Week 2,12,8,2.0,False,False,3,0.0,0.0
Barbara Corcoran,Keo Motsepe,Entrepreneur,New Jersey,United States,68,25,Eliminated Week 2,13,8,2.0,False,False,3,0.0,0.0
Jordan Fisher,Lindsay Arnold,Actor/Actress,Alabama,United States,23,25,1st Place,1,9,,False,True,3,29.0,9.666666666666666
Lindsey Stirling,Mark Ballas,Musician,California,United States,31,25,2nd Place,2,9,,False,True,3,28.5,9.5
Frankie Muniz,Witney Carson,Actor/Actress,New Jersey,United States,31,25,3rd Place,3,9,,False,True,3,25.5,8.5
Drew Scott,Emma Slater,TV Personality,,Canada,39,25,Eliminated Week 10,4,9,10.0,False,True,3,24.0,8.0
Victoria Arlen,Valentin Chmerkovskiy,Athlete,New Hamshire,United States,22,25,Eliminated Week 9,5,9,9.0,True,True,3,28.0,9.333333333333334
Terrell Owens,Cheryl Burke,Athlete,Alabama,United States,43,25,Eliminated Week 8,6,9,8.0,False,False,3,0.0,0.0
Vanessa Lachey,Maksim Chmerkoskiy,TV Personality,,Philippines,36,25,Eliminated Week 7,7,9,7.0,False,False,3,0.0,0.0
Nikki Bella,Artem Chigvintsev,Athlete,California,United States,33,25,Eliminated Week 7,8,9,7.0,False,False,3,0.0,0.0
Nick Lachey,Peta Murgatroyd,Singer/Rapper,Kentucky,United States,43,25,Eliminated Week 6,9,9,6.0,False,False,3,0.0,0.0
Sasha Pieterse,Gleb Savchenko,Actor/Actress,,South Africa,21,25,Eliminated Week 5,10,9,5.0,False,False,3,0.0,0.0
Derek Fisher,Sharna Burgess,Athlete,Arkansas,United States,43,25,Eliminated Week 4,11,9,4.0,False,False,3,0.0,0.0
Debbie Gibson,Alan Bersten,Singer/Rapper,New York,United States,47,25,Eliminated Week 2,12,9,2.0,False,False,3,0.0,0.0
Barbara Corcoran,Keo Motsepe,Entrepreneur,New Jersey,United States,68,25,Eliminated Week 2,13,9,2.0,False,False,3,0.0,0.0
Jordan Fisher,Lindsay Arnold,Actor/Actress,Alabama,United States,23,25,1st Place,1,10,,False,True,4,40.0,10.0
Lindsey Stirling,Mark Ballas,Musician,California,United States,31,25,2nd Place,2,10,,False,True,4,40.0,10.0
Frankie Muniz,Witney Carson,Actor/Actress,New Jersey,United States,31,25,3rd Place,3,10,,False,True,4,38.8887,9.722175
Drew Scott,Emma Slater,TV Personality,,Canada,39,25,Eliminated Week 10,4,10,10.0,True,True,4,37.5,9.375
Victoria Arlen,Valentin Chmerkovskiy,Athlete,New Hamshire,United States,22,25,Eliminated Week 9,5,10,9.0,False,False,4,0.0,0.0
Terrell Owens,Cheryl Burke,Athlete,Alabama,United States,43,25,Eliminated Week 8,6,10,8.0,False,False,4,0.0,0.0
Vanessa Lachey,Maksim Chmerkoskiy,TV Personality,,Philippines,36,25,Eliminated Week 7,7,10,7.0,False,False,4,0.0,0.0
Nikki Bella,Artem Chigvintsev,Athlete,California,United States,33,25,Eliminated Week 7,8,10,7.0,False,False,4,0.0,0.0
Nick Lachey,Peta Murgatroyd,Singer/Rapper,Kentucky,United States,43,25,Eliminated Week 6,9,10,6.0,False,False,4,0.0,0.0
Sasha Pieterse,Gleb Savchenko,Actor/Actress,,South Africa,21,25,Eliminated Week 5,10,10,5.0,False,False,4,0.0,0.0
Derek Fisher,Sharna Burgess,Athlete,Arkansas,United States,43,25,Eliminated Week 4,11,10,4.0,False,False,4,0.0,0.0
Debbie Gibson,Alan Bersten,Singer/Rapper,New York,United States,47,25,Eliminated Week 2,12,10,2.0,False,False,4,0.0,0.0
Barbara Corcoran,Keo Motsepe,Entrepreneur,New Jersey,United States,68,25,Eliminated Week 2,13,10,2.0,False,False,4,0.0,0.0
Adam Rippon,Jenna Johnson,Athlete,Pennsylvania,United States,28,26,1st Place,1,1,,False,True,3,24.0,8.0
Josh Norman,Sharna Burgess,Athlete,South Carolina,United States,30,26,2nd Place,2,1,,False,True,3,24.0,8.0
Tonya Harding,Sasha Farber,Athlete,Oregon,United States,47,26,3rd Place,3,1,,False,True,3,23.0,7.666666666666667
Mirai Nagasu,Alan Bersten,Athlete,California,United States,25,26,Eliminated Week 3,4,1,3.0,False,True,3,23.0,7.666666666666667
Chris Mazdzer,Witney Carson,Athlete,Massachusetts,United States,29,26,Eliminated Week 3,5,1,3.0,False,True,3,21.0,7.0
Jennie Finch Daigle,Keo Motsepe,Athlete,California,United States,37,26,Eliminated Week 3,6,1,3.0,False,True,3,21.0,7.0
Arike Ogunbowale,Gleb Savchenko,Athlete,Wisconsin,United States,21,26,Eliminated Week 2,7,1,2.0,False,True,3,20.0,6.666666666666667
Kareem Abdul-Jabbar,Lindsay Arnold,Athlete,New York,United States,71,26,Eliminated Week 2,8,1,2.0,False,True,3,17.0,5.666666666666667
Johnny Damon,Emma Slater,Athlete,Kansas,United States,44,26,Eliminated Week 1,9,1,1.0,True,True,3,18.0,6.0
Jamie Anderson,Artem Chigvintsev,Athlete,California,United States,27,26,Eliminated Week 1,10,1,1.0,True,True,3,19.0,6.333333333333333
Adam Rippon,Jenna Johnson,Athlete,Pennsylvania,United States,28,26,1st Place,1,2,,False,True,4,37.0,9.25
Josh Norman,Sharna Burgess,Athlete,South Carolina,United States,30,26,2nd Place,2,2,,False,True,4,31.5,7.875
Tonya Harding,Sasha Farber,Athlete,Oregon,United States,47,26,3rd Place,3,2,,False,True,4,33.0,8.25
Mirai Nagasu,Alan Bersten,Athlete,California,United States,25,26,Eliminated Week 3,4,2,3.0,False,True,4,37.0,9.25
Chris Mazdzer,Witney Carson,Athlete,Massachusetts,United States,29,26,Eliminated Week 3,5,2,3.0,False,True,4,33.0,8.25
Jennie Finch Daigle,Keo Motsepe,Athlete,California,United States,37,26,Eliminated Week 3,6,2,3.0,False,True,4,31.5,7.875
Arike Ogunbowale,Gleb Savchenko,Athlete,Wisconsin,United States,21,26,Eliminated Week 2,7,2,2.0,True,True,4,35.0,8.75
Kareem Abdul-Jabbar,Lindsay Arnold,Athlete,New York,United States,71,26,Eliminated Week 2,8,2,2.0,True,True,4,29.5,7.375
Johnny Damon,Emma Slater,Athlete,Kansas,United States,44,26,Eliminated Week 1,9,2,1.0,False,False,4,0.0,0.0
Jamie Anderson,Artem Chigvintsev,Athlete,California,United States,27,26,Eliminated Week 1,10,2,1.0,False,False,4,0.0,0.0
Adam Rippon,Jenna Johnson,Athlete,Pennsylvania,United States,28,26,1st Place,1,3,,False,True,4,41.0,10.25
Josh Norman,Sharna Burgess,Athlete,South Carolina,United States,30,26,2nd Place,2,3,,False,True,4,38.0,9.5
Tonya Harding,Sasha Farber,Athlete,Oregon,United States,47,26,3rd Place,3,3,,False,True,4,35.0,8.75
Mirai Nagasu,Alan Bersten,Athlete,California,United States,25,26,Eliminated Week 3,4,3,3.0,True,True,4,35.0,8.75
Chris Mazdzer,Witney Carson,Athlete,Massachusetts,United States,29,26,Eliminated Week 3,5,3,3.0,True,True,4,33.0,8.25
Jennie Finch Daigle,Keo Motsepe,Athlete,California,United States,37,26,Eliminated Week 3,6,3,3.0,True,True,4,29.0,7.25
Arike Ogunbowale,Gleb Savchenko,Athlete,Wisconsin,United States,21,26,Eliminated Week 2,7,3,2.0,False,False,4,0.0,0.0
Kareem Abdul-Jabbar,Lindsay Arnold,Athlete,New York,United States,71,26,Eliminated Week 2,8,3,2.0,False,False,4,0.0,0.0
Johnny Damon,Emma Slater,Athlete,Kansas,United States,44,26,Eliminated Week 1,9,3,1.0,False,False,4,0.0,0.0
Jamie Anderson,Artem Chigvintsev,Athlete,California,United States,27,26,Eliminated Week 1,10,3,1.0,False,False,4,0.0,0.0
Adam Rippon,Jenna Johnson,Athlete,Pennsylvania,United States,28,26,1st Place,1,4,,False,True,3,29.0,9.666666666666666
Josh Norman,Sharna Burgess,Athlete,South Carolina,United States,30,26,2nd Place,2,4,,False,True,3,28.5,9.5
Tonya Harding,Sasha Farber,Athlete,Oregon,United States,47,26,3rd Place,3,4,,False,True,3,28.0,9.333333333333334
Mirai Nagasu,Alan Bersten,Athlete,California,United States,25,26,Eliminated Week 3,4,4,3.0,False,False,3,0.0,0.0
Chris Mazdzer,Witney Carson,Athlete,Massachusetts,United States,29,26,Eliminated Week 3,5,4,3.0,False,False,3,0.0,0.0
Jennie Finch Daigle,Keo Motsepe,Athlete,California,United States,37,26,Eliminated Week 3,6,4,3.0,False,False,3,0.0,0.0
Arike Ogunbowale,Gleb Savchenko,Athlete,Wisconsin,United States,21,26,Eliminated Week 2,7,4,2.0,False,False,3,0.0,0.0
Kareem Abdul-Jabbar,Lindsay Arnold,Athlete,New York,United States,71,26,Eliminated Week 2,8,4,2.0,False,False,3,0.0,0.0
Johnny Damon,Emma Slater,Athlete,Kansas,United States,44,26,Eliminated Week 1,9,4,1.0,False,False,3,0.0,0.0
Jamie Anderson,Artem Chigvintsev,Athlete,California,United States,27,26,Eliminated Week 1,10,4,1.0,False,False,3,0.0,0.0
Bobby Bones,Sharna Burgess,Radio Personality,Arkansas,United States,38,27,1st Place,1,1,,False,True,3,20.0,6.666666666666667
Milo Manheim,Witney Carson,Actor/Actress,California,United States,17,27,2nd Place,2,1,,False,True,3,20.0,6.666666666666667
Evanna Lynch,Keo Motsepe,Actor/Actress,,Ireland,27,27,3rd Place,3,1,,False,True,3,18.0,6.0
Alexis Ren,Alan Bersten,Social Media Personality,California,United States,21,27,4th Place,4,1,,False,True,3,22.0,7.333333333333333
Juan Pablo Di Pace,Cheryl Burke,Actor/Actress,,Argentina,39,27,Eliminated Week 8,5,1,8.0,False,True,3,22.0,7.333333333333333
Joe Amabile,Jenna Johnson,TV Personality,Illinois,United States,32,27,Eliminated Week 8,6,1,8.0,False,True,3,14.0,4.666666666666667
DeMarcus Ware,Lindsay Arnold,Athlete,Alabama,United States,36,27,Eliminated Week 7,7,1,7.0,False,True,3,23.0,7.666666666666667
John Schneider,Emma Slater,Actor/Actress,New York,United States,58,27,Eliminated Week 7,8,1,7.0,False,True,3,18.0,6.0
Mary Lou Retton,Sasha Farber,Athlete,West Virginia,United States,50,27,Eliminated Week 6,9,1,6.0,False,True,3,20.0,6.666666666666667
Tinashe,Brandon Armstrong,Singer/Rapper,Kentucky,United States,25,27,Eliminated Week 4,10,1,4.0,False,True,3,23.0,7.666666666666667
Nancy McKeon,Valentin Chmerkovskiy,Actor/Actress,New York,United States,52,27,Eliminated Week 3,11,1,3.0,False,True,3,19.5,6.5
Danelle Umstead,Artem Chigvintsev,Athlete,New Mexico,United States,46,27,Eliminated Week 2,12,1,2.0,False,True,3,18.0,6.0
Nikki Glaser,Gleb Savchenko,Comedian,Ohio,United States,34,27,Eliminated Week 1,13,1,1.0,True,True,3,17.5,5.833333333333333
Bobby Bones,Sharna Burgess,Radio Personality,Arkansas,United States,38,27,1st Place,1,2,,False,True,3,19.5,6.5
Milo Manheim,Witney Carson,Actor/Actress,California,United States,17,27,2nd Place,2,2,,False,True,3,26.0,8.666666666666666
Evanna Lynch,Keo Motsepe,Actor/Actress,,Ireland,27,27,3rd Place,3,2,,False,True,3,24.0,8.0
Alexis Ren,Alan Bersten,Social Media Personality,California,United States,21,27,4th Place,4,2,,False,True,3,24.5,8.166666666666666
Juan Pablo Di Pace,Cheryl Burke,Actor/Actress,,Argentina,39,27,Eliminated Week 8,5,2,8.0,False,True,3,26.0,8.666666666666666
Joe Amabile,Jenna Johnson,TV Personality,Illinois,United States,32,27,Eliminated Week 8,6,2,8.0,False,True,3,17.5,5.833333333333333
DeMarcus Ware,Lindsay Arnold,Athlete,Alabama,United States,36,27,Eliminated Week 7,7,2,7.0,False,True,3,23.5,7.833333333333333
John Schneider,Emma Slater,Actor/Actress,New York,United States,58,27,Eliminated Week 7,8,2,7.0,False,True,3,21.5,7.166666666666667
Mary Lou Retton,Sasha Farber,Athlete,West Virginia,United States,50,27,Eliminated Week 6,9,2,6.0,False,True,3,23.0,7.666666666666667
Tinashe,Brandon Armstrong,Singer/Rapper,Kentucky,United States,25,27,Eliminated Week 4,10,2,4.0,False,True,3,26.0,8.666666666666666
Nancy McKeon,Valentin Chmerkovskiy,Actor/Actress,New York,United States,52,27,Eliminated Week 3,11,2,3.0,False,True,3,20.5,6.833333333333333
Danelle Umstead,Artem Chigvintsev,Athlete,New Mexico,United States,46,27,Eliminated Week 2,12,2,2.0,True,True,3,18.5,6.166666666666667
Nikki Glaser,Gleb Savchenko,Comedian,Ohio,United States,34,27,Eliminated Week 1,13,2,1.0,False,False,3,0.0,0.0
Bobby Bones,Sharna Burgess,Radio Personality,Arkansas,United States,38,27,1st Place,1,3,,False,True,3,23.0,7.666666666666667
Milo Manheim,Witney Carson,Actor/Actress,California,United States,17,27,2nd Place,2,3,,False,True,3,27.0,9.0
Evanna Lynch,Keo Motsepe,Actor/Actress,,Ireland,27,27,3rd Place,3,3,,False,True,3,27.0,9.0
Alexis Ren,Alan Bersten,Social Media Personality,California,United States,21,27,4th Place,4,3,,False,True,3,26.0,8.666666666666666
Juan Pablo Di Pace,Cheryl Burke,Actor/Actress,,Argentina,39,27,Eliminated Week 8,5,3,8.0,False,True,3,30.0,10.0
Joe Amabile,Jenna Johnson,TV Personality,Illinois,United States,32,27,Eliminated Week 8,6,3,8.0,False,True,3,18.0,6.0
DeMarcus Ware,Lindsay Arnold,Athlete,Alabama,United States,36,27,Eliminated Week 7,7,3,7.0,False,True,3,26.0,8.666666666666666
John Schneider,Emma Slater,Actor/Actress,New York,United States,58,27,Eliminated Week 7,8,3,7.0,False,True,3,21.0,7.0
Mary Lou Retton,Sasha Farber,Athlete,West Virginia,United States,50,27,Eliminated Week 6,9,3,6.0,False,True,3,24.0,8.0
Tinashe,Brandon Armstrong,Singer/Rapper,Kentucky,United States,25,27,Eliminated Week 4,10,3,4.0,False,True,3,27.0,9.0
Nancy McKeon,Valentin Chmerkovskiy,Actor/Actress,New York,United States,52,27,Eliminated Week 3,11,3,3.0,True,True,3,22.0,7.333333333333333
Danelle Umstead,Artem Chigvintsev,Athlete,New Mexico,United States,46,27,Eliminated Week 2,12,3,2.0,False,False,3,0.0,0.0
Nikki Glaser,Gleb Savchenko,Comedian,Ohio,United States,34,27,Eliminated Week 1,13,3,1.0,False,False,3,0.0,0.0
Bobby Bones,Sharna Burgess,Radio Personality,Arkansas,United States,38,27,1st Place,1,4,,False,True,3,20.0,6.666666666666667
Milo Manheim,Witney Carson,Actor/Actress,California,United States,17,27,2nd Place,2,4,,False,True,3,29.0,9.666666666666666
Evanna Lynch,Keo Motsepe,Actor/Actress,,Ireland,27,27,3rd Place,3,4,,False,True,3,24.0,8.0
Alexis Ren,Alan Bersten,Social Media Personality,California,United States,21,27,4th Place,4,4,,False,True,3,25.0,8.333333333333334
Juan Pablo Di Pace,Cheryl Burke,Actor/Actress,,Argentina,39,27,Eliminated Week 8,5,4,8.0,False,True,3,24.0,8.0
Joe Amabile,Jenna Johnson,TV Personality,Illinois,United States,32,27,Eliminated Week 8,6,4,8.0,False,True,3,15.0,5.0
DeMarcus Ware,Lindsay Arnold,Athlete,Alabama,United States,36,27,Eliminated Week 7,7,4,7.0,False,True,3,22.0,7.333333333333333
John Schneider,Emma Slater,Actor/Actress,New York,United States,58,27,Eliminated Week 7,8,4,7.0,False,True,3,21.0,7.0
Mary Lou Retton,Sasha Farber,Athlete,West Virginia,United States,50,27,Eliminated Week 6,9,4,6.0,False,True,3,26.0,8.666666666666666
Tinashe,Brandon Armstrong,Singer/Rapper,Kentucky,United States,25,27,Eliminated Week 4,10,4,4.0,True,True,3,26.0,8.666666666666666
Nancy McKeon,Valentin Chmerkovskiy,Actor/Actress,New York,United States,52,27,Eliminated Week 3,11,4,3.0,False,False,3,0.0,0.0
Danelle Umstead,Artem Chigvintsev,Athlete,New Mexico,United States,46,27,Eliminated Week 2,12,4,2.0,False,False,3,0.0,0.0
Nikki Glaser,Gleb Savchenko,Comedian,Ohio,United States,34,27,Eliminated Week 1,13,4,1.0,False,False,3,0.0,0.0
Bobby Bones,Sharna Burgess,Radio Personality,Arkansas,United States,38,27,1st Place,1,5,,False,True,3,21.0,7.0
Milo Manheim,Witney Carson,Actor/Actress,California,United States,17,27,2nd Place,2,5,,False,True,3,27.0,9.0
Evanna Lynch,Keo Motsepe,Actor/Actress,,Ireland,27,27,3rd Place,3,5,,False,True,3,24.0,8.0
Alexis Ren,Alan Bersten,Social Media Personality,California,United States,21,27,4th Place,4,5,,False,True,3,29.0,9.666666666666666
Juan Pablo Di Pace,Cheryl Burke,Actor/Actress,,Argentina,39,27,Eliminated Week 8,5,5,8.0,False,True,3,29.0,9.666666666666666
Joe Amabile,Jenna Johnson,TV Personality,Illinois,United States,32,27,Eliminated Week 8,6,5,8.0,False,True,3,17.0,5.666666666666667
DeMarcus Ware,Lindsay Arnold,Athlete,Alabama,United States,36,27,Eliminated Week 7,7,5,7.0,False,True,3,26.0,8.666666666666666
John Schneider,Emma Slater,Actor/Actress,New York,United States,58,27,Eliminated Week 7,8,5,7.0,False,True,3,24.0,8.0
Mary Lou Retton,Sasha Farber,Athlete,West Virginia,United States,50,27,Eliminated Week 6,9,5,6.0,False,True,3,25.0,8.333333333333334
Tinashe,Brandon Armstrong,Singer/Rapper,Kentucky,United States,25,27,Eliminated Week 4,10,5,4.0,False,False,3,0.0,0.0
Nancy McKeon,Valentin Chmerkovskiy,Actor/Actress,New York,United States,52,27,Eliminated Week 3,11,5,3.0,False,False,3,0.0,0.0
Danelle Umstead,Artem Chigvintsev,Athlete,New Mexico,United States,46,27,Eliminated Week 2,12,5,2.0,False,False,3,0.0,0.0
Nikki Glaser,Gleb Savchenko,Comedian,Ohio,United States,34,27,Eliminated Week 1,13,5,1.0,False,False,3,0.0,0.0
Bobby Bones,Sharna Burgess,Radio Personality,Arkansas,United States,38,27,1st Place,1,6,,False,True,3,22.0,7.333333333333333
Milo Manheim,Witney Carson,Actor/Actress,California,United States,17,27,2nd Place,2,6,,False,True,3,30.0,10.0
Evanna Lynch,Keo Motsepe,Actor/Actress,,Ireland,27,27,3rd Place,3,6,,False,True,3,29.0,9.666666666666666
Alexis Ren,Alan Bersten,Social Media Personality,California,United States,21,27,4th Place,4,6,,False,True,3,27.0,9.0
Juan Pablo Di Pace,Cheryl Burke,Actor/Actress,,Argentina,39,27,Eliminated Week 8,5,6,8.0,False,True,3,30.0,10.0
Joe Amabile,Jenna Johnson,TV Personality,Illinois,United States,32,27,Eliminated Week 8,6,6,8.0,False,True,3,22.0,7.333333333333333
DeMarcus Ware,Lindsay Arnold,Athlete,Alabama,United States,36,27,Eliminated Week 7,7,6,7.0,False,True,3,26.0,8.666666666666666
John Schneider,Emma Slater,Actor/Actress,New York,United States,58,27,Eliminated Week 7,8,6,7.0,False,True,3,19.0,6.333333333333333
Mary Lou Retton,Sasha Farber,Athlete,West Virginia,United States,50,27,Eliminated Week 6,9,6,6.0,True,True,3,24.0,8.0
Tinashe,Brandon Armstrong,Singer/Rapper,Kentucky,United States,25,27,Eliminated Week 4,10,6,4.0,False,False,3,0.0,0.0
Nancy McKeon,Valentin Chmerkovskiy,Actor/Actress,New York,United States,52,27,Eliminated Week 3,11,6,3.0,False,False,3,0.0,0.0
Danelle Umstead,Artem Chigvintsev,Athlete,New Mexico,United States,46,27,Eliminated Week 2,12,6,2.0,False,False,3,0.0,0.0
Nikki Glaser,Gleb Savchenko,Comedian,Ohio,United States,34,27,Eliminated Week 1,13,6,1.0,False,False,3,0.0,0.0
Bobby Bones,Sharna Burgess,Radio Personality,Arkansas,United States,38,27,1st Place,1,7,,False,True,3,26.5,8.833333333333334
Milo Manheim,Witney Carson,Actor/Actress,California,United States,17,27,2nd Place,2,7,,False,True,3,29.0,9.666666666666666
Evanna Lynch,Keo Motsepe,Actor/Actress,,Ireland,27,27,3rd Place,3,7,,False,True,3,29.5,9.833333333333334
Alexis Ren,Alan Bersten,Social Media Personality,California,United States,21,27,4th Place,4,7,,False,True,3,27.5,9.166666666666666
Juan Pablo Di Pace,Cheryl Burke,Actor/Actress,,Argentina,39,27,Eliminated Week 8,5,7,8.0,False,True,3,28.0,9.333333333333334
Joe Amabile,Jenna Johnson,TV Personality,Illinois,United States,32,27,Eliminated Week 8,6,7,8.0,False,True,3,23.5,7.833333333333333
DeMarcus Ware,Lindsay Arnold,Athlete,Alabama,United States,36,27,Eliminated Week 7,7,7,7.0,True,True,3,26.5,8.833333333333334
John Schneider,Emma Slater,Actor/Actress,New York,United States,58,27,Eliminated Week 7,8,7,7.0,True,True,3,27.0,9.0
Mary Lou Retton,Sasha Farber,Athlete,West Virginia,United States,50,27,Eliminated Week 6,9,7,6.0,False,False,3,0.0,0.0
Tinashe,Brandon Armstrong,Singer/Rapper,Kentucky,United States,25,27,Eliminated Week 4,10,7,4.0,False,False,3,0.0,0.0
Nancy McKeon,Valentin Chmerkovskiy,Actor/Actress,New York,United States,52,27,Eliminated Week 3,11,7,3.0,False,False,3,0.0,0.0
Danelle Umstead,Artem Chigvintsev,Athlete,New Mexico,United States,46,27,Eliminated Week 2,12,7,2.0,False,False,3,0.0,0.0
Nikki Glaser,Gleb Savchenko,Comedian,Ohio,United States,34,27,Eliminated Week 1,13,7,1.0,False,False,3,0.0,0.0
Bobby Bones,Sharna Burgess,Radio Personality,Arkansas,United States,38,27,1st Place,1,8,,False,True,3,22.5,7.5
Milo Manheim,Witney Carson,Actor/Actress,California,United States,17,27,2nd Place,2,8,,False,True,3,27.5,9.166666666666666
Evanna Lynch,Keo Motsepe,Actor/Actress,,Ireland,27,27,3rd Place,3,8,,False,True,3,29.0,9.666666666666666
Alexis Ren,Alan Bersten,Social Media Personality,California,United States,21,27,4th Place,4,8,,False,True,3,29.0,9.666666666666666
Juan Pablo Di Pace,Cheryl Burke,Actor/Actress,,Argentina,39,27,Eliminated Week 8,5,8,8.0,True,True,3,30.0,10.0
Joe Amabile,Jenna Johnson,TV Personality,Illinois,United States,32,27,Eliminated Week 8,6,8,8.0,True,True,3,23.0,7.666666666666667
DeMarcus Ware,Lindsay Arnold,Athlete,Alabama,United States,36,27,Eliminated Week 7,7,8,7.0,False,False,3,0.0,0.0
John Schneider,Emma Slater,Actor/Actress,New York,United States,58,27,Eliminated Week 7,8,8,7.0,False,False,3,0.0,0.0
Mary Lou Retton,Sasha Farber,Athlete,West Virginia,United States,50,27,Eliminated Week 6,9,8,6.0,False,False,3,0.0,0.0
Tinashe,Brandon Armstrong,Singer/Rapper,Kentucky,United States,25,27,Eliminated Week 4,10,8,4.0,False,False,3,0.0,0.0
Nancy McKeon,Valentin Chmerkovskiy,Actor/Actress,New York,United States,52,27,Eliminated Week 3,11,8,3.0,False,False,3,0.0,0.0
Danelle Umstead,Artem Chigvintsev,Athlete,New Mexico,United States,46,27,Eliminated Week 2,12,8,2.0,False,False,3,0.0,0.0
Nikki Glaser,Gleb Savchenko,Comedian,Ohio,United States,34,27,Eliminated Week 1,13,8,1.0,False,False,3,0.0,0.0
Bobby Bones,Sharna Burgess,Radio Personality,Arkansas,United States,38,27,1st Place,1,9,,False,True,3,27.0,9.0
Milo Manheim,Witney Carson,Actor/Actress,California,United States,17,27,2nd Place,2,9,,False,True,3,30.0,10.0
Evanna Lynch,Keo Motsepe,Actor/Actress,,Ireland,27,27,3rd Place,3,9,,False,True,3,30.0,10.0
Alexis Ren,Alan Bersten,Social Media Personality,California,United States,21,27,4th Place,4,9,,False,True,3,28.5,9.5
Juan Pablo Di Pace,Cheryl Burke,Actor/Actress,,Argentina,39,27,Eliminated Week 8,5,9,8.0,False,False,3,0.0,0.0
Joe Amabile,Jenna Johnson,TV Personality,Illinois,United States,32,27,Eliminated Week 8,6,9,8.0,False,False,3,0.0,0.0
DeMarcus Ware,Lindsay Arnold,Athlete,Alabama,United States,36,27,Eliminated Week 7,7,9,7.0,False,False,3,0.0,0.0
John Schneider,Emma Slater,Actor/Actress,New York,United States,58,27,Eliminated Week 7,8,9,7.0,False,False,3,0.0,0.0
Mary Lou Retton,Sasha Farber,Athlete,West Virginia,United States,50,27,Eliminated Week 6,9,9,6.0,False,False,3,0.0,0.0
Tinashe,Brandon Armstrong,Singer/Rapper,Kentucky,United States,25,27,Eliminated Week 4,10,9,4.0,False,False,3,0.0,0.0
Nancy McKeon,Valentin Chmerkovskiy,Actor/Actress,New York,United States,52,27,Eliminated Week 3,11,9,3.0,False,False,3,0.0,0.0
Danelle Umstead,Artem Chigvintsev,Athlete,New Mexico,United States,46,27,Eliminated Week 2,12,9,2.0,False,False,3,0.0,0.0
Nikki Glaser,Gleb Savchenko,Comedian,Ohio,United States,34,27,Eliminated Week 1,13,9,1.0,False,False,3,0.0,0.0
Hannah Brown,Alan Bersten,TV Personality,Alabama,United States,24,28,1st Place,1,1,,False,True,3,20.0,6.666666666666667
Kel Mitchell,Witney Carson,Actor/Actress,Illinois,United States,41,28,2nd Place,2,1,,False,True,3,16.0,5.333333333333333
Ally Brooke,Sasha Farber,Singer/Rapper,Texas,United States,26,28,3rd Place,3,1,,False,True,3,16.0,5.333333333333333
Lauren Alaina,Gleb Savchenko,Singer/Rapper,Georgia,United States,24,28,4th Place,4,1,,False,True,3,19.0,6.333333333333333
James Van Der Beek,Emma Slater,Actor/Actress,Connecticut,United States,42,28,Eliminated Week 10,5,1,10.0,False,True,3,21.0,7.0
Sean Spicer,Lindsay Arnold,Politician,New York,United States,48,28,Eliminated Week 9,6,1,9.0,False,True,3,12.0,4.0
Kate Flannery,Pasha Pashkov,Actor/Actress,Pennsylvania,United States,55,28,Eliminated Week 8,7,1,8.0,False,True,3,15.0,5.0
Karamo Brown,Jenna Johnson,TV Personality,Texas,United States,38,28,Eliminated Week 7,8,1,7.0,False,True,3,17.0,5.666666666666667
Sailor Brinkley-Cook,Valentin Chmerkovskiy,Model,New York,United States,21,28,Eliminated Week 6,9,1,6.0,False,True,3,18.0,6.0
Lamar Odom,Peta Murgatroyd,Athlete,New York,United States,39,28,Eliminated Week 4,10,1,4.0,False,True,3,11.0,3.6666666666666665
Ray Lewis,Cheryl Burke,Athlete,Florida,United States,44,28,Withdrew,11,1,,False,True,3,15.0,5.0
Mary Wilson,Brandon Armstrong,Singer/Rapper,Nevada,United States,75,28,Eliminated Week 2,12,1,2.0,False,True,3,17.0,5.666666666666667
Hannah Brown,Alan Bersten,TV Personality,Alabama,United States,24,28,1st Place,1,2,,False,True,3,24.0,8.0
Kel Mitchell,Witney Carson,Actor/Actress,Illinois,United States,41,28,2nd Place,2,2,,False,True,3,20.0,6.666666666666667
Ally Brooke,Sasha Farber,Singer/Rapper,Texas,United States,26,28,3rd Place,3,2,,False,True,3,20.0,6.666666666666667
Lauren Alaina,Gleb Savchenko,Singer/Rapper,Georgia,United States,24,28,4th Place,4,2,,False,True,3,19.0,6.333333333333333
James Van Der Beek,Emma Slater,Actor/Actress,Connecticut,United States,42,28,Eliminated Week 10,5,2,10.0,False,True,3,20.0,6.666666666666667
Sean Spicer,Lindsay Arnold,Politician,New York,United States,48,28,Eliminated Week 9,6,2,9.0,False,True,3,16.0,5.333333333333333
Kate Flannery,Pasha Pashkov,Actor/Actress,Pennsylvania,United States,55,28,Eliminated Week 8,7,2,8.0,False,True,3,21.0,7.0
Karamo Brown,Jenna Johnson,TV Personality,Texas,United States,38,28,Eliminated Week 7,8,2,7.0,False,True,3,19.0,6.333333333333333
Sailor Brinkley-Cook,Valentin Chmerkovskiy,Model,New York,United States,21,28,Eliminated Week 6,9,2,6.0,False,True,3,18.0,6.0
Lamar Odom,Peta Murgatroyd,Athlete,New York,United States,39,28,Eliminated Week 4,10,2,4.0,False,True,3,12.0,4.0
Ray Lewis,Cheryl Burke,Athlete,Florida,United States,44,28,Withdrew,11,2,,False,True,3,15.0,5.0
Mary Wilson,Brandon Armstrong,Singer/Rapper,Nevada,United States,75,28,Eliminated Week 2,12,2,2.0,True,True,3,15.0,5.0
Hannah Brown,Alan Bersten,TV Personality,Alabama,United States,24,28,1st Place,1,3,,False,True,3,21.0,7.0
Kel Mitchell,Witney Carson,Actor/Actress,Illinois,United States,41,28,2nd Place,2,3,,False,True,3,20.0,6.666666666666667
Ally Brooke,Sasha Farber,Singer/Rapper,Texas,United States,26,28,3rd Place,3,3,,False,True,3,24.0,8.0
Lauren Alaina,Gleb Savchenko,Singer/Rapper,Georgia,United States,24,28,4th Place,4,3,,False,True,3,20.0,6.666666666666667
James Van Der Beek,Emma Slater,Actor/Actress,Connecticut,United States,42,28,Eliminated Week 10,5,3,10.0,False,True,3,23.0,7.666666666666667
Sean Spicer,Lindsay Arnold,Politician,New York,United States,48,28,Eliminated Week 9,6,3,9.0,False,True,3,15.0,5.0
Kate Flannery,Pasha Pashkov,Actor/Actress,Pennsylvania,United States,55,28,Eliminated Week 8,7,3,8.0,False,True,3,24.0,8.0
Karamo Brown,Jenna Johnson,TV Personality,Texas,United States,38,28,Eliminated Week 7,8,3,7.0,False,True,3,16.0,5.333333333333333
Sailor Brinkley-Cook,Valentin Chmerkovskiy,Model,New York,United States,21,28,Eliminated Week 6,9,3,6.0,False,True,3,23.0,7.666666666666667
Lamar Odom,Peta Murgatroyd,Athlete,New York,United States,39,28,Eliminated Week 4,10,3,4.0,False,True,3,12.0,4.0
Ray Lewis,Cheryl Burke,Athlete,Florida,United States,44,28,Withdrew,11,3,,False,False,3,0.0,0.0
Mary Wilson,Brandon Armstrong,Singer/Rapper,Nevada,United States,75,28,Eliminated Week 2,12,3,2.0,False,False,3,0.0,0.0
Hannah Brown,Alan Bersten,TV Personality,Alabama,United States,24,28,1st Place,1,4,,False,True,4,32.0,8.0
Kel Mitchell,Witney Carson,Actor/Actress,Illinois,United States,41,28,2nd Place,2,4,,False,True,4,32.0,8.0
Ally Brooke,Sasha Farber,Singer/Rapper,Texas,United States,26,28,3rd Place,3,4,,False,True,4,32.0,8.0
Lauren Alaina,Gleb Savchenko,Singer/Rapper,Georgia,United States,24,28,4th Place,4,4,,False,True,4,32.0,8.0
James Van Der Beek,Emma Slater,Actor/Actress,Connecticut,United States,42,28,Eliminated Week 10,5,4,10.0,False,True,4,28.0,7.0
Sean Spicer,Lindsay Arnold,Politician,New York,United States,48,28,Eliminated Week 9,6,4,9.0,False,True,4,21.0,5.25
Kate Flannery,Pasha Pashkov,Actor/Actress,Pennsylvania,United States,55,28,Eliminated Week 8,7,4,8.0,False,True,4,26.0,6.5
Karamo Brown,Jenna Johnson,TV Personality,Texas,United States,38,28,Eliminated Week 7,8,4,7.0,False,True,4,28.0,7.0
Sailor Brinkley-Cook,Valentin Chmerkovskiy,Model,New York,United States,21,28,Eliminated Week 6,9,4,6.0,False,True,4,31.0,7.75
Lamar Odom,Peta Murgatroyd,Athlete,New York,United States,39,28,Eliminated Week 4,10,4,4.0,True,True,4,20.0,5.0
Ray Lewis,Cheryl Burke,Athlete,Florida,United States,44,28,Withdrew,11,4,,False,False,4,0.0,0.0
Mary Wilson,Brandon Armstrong,Singer/Rapper,Nevada,United States,75,28,Eliminated Week 2,12,4,2.0,False,False,4,0.0,0.0
Hannah Brown,Alan Bersten,TV Personality,Alabama,United States,24,28,1st Place,1,5,,False,True,3,25.0,8.333333333333334
Kel Mitchell,Witney Carson,Actor/Actress,Illinois,United States,41,28,2nd Place,2,5,,False,True,3,26.0,8.666666666666666
Ally Brooke,Sasha Farber,Singer/Rapper,Texas,United States,26,28,3rd Place,3,5,,False,True,3,27.0,9.0
Lauren Alaina,Gleb Savchenko,Singer/Rapper,Georgia,United States,24,28,4th Place,4,5,,False,True,3,23.0,7.666666666666667
James Van Der Beek,Emma Slater,Actor/Actress,Connecticut,United States,42,28,Eliminated Week 10,5,5,10.0,False,True,3,26.0,8.666666666666666
Sean Spicer,Lindsay Arnold,Politician,New York,United States,48,28,Eliminated Week 9,6,5,9.0,False,True,3,19.0,6.333333333333333
Kate Flannery,Pasha Pashkov,Actor/Actress,Pennsylvania,United States,55,28,Eliminated Week 8,7,5,8.0,False,True,3,24.0,8.0
Karamo Brown,Jenna Johnson,TV Personality,Texas,United States,38,28,Eliminated Week 7,8,5,7.0,False,True,3,21.0,7.0
Sailor Brinkley-Cook,Valentin Chmerkovskiy,Model,New York,United States,21,28,Eliminated Week 6,9,5,6.0,False,True,3,24.0,8.0
Lamar Odom,Peta Murgatroyd,Athlete,New York,United States,39,28,Eliminated Week 4,10,5,4.0,False,False,3,0.0,0.0
Ray Lewis,Cheryl Burke,Athlete,Florida,United States,44,28,Withdrew,11,5,,False,False,3,0.0,0.0
Mary Wilson,Brandon Armstrong,Singer/Rapper,Nevada,United States,75,28,Eliminated Week 2,12,5,2.0,False,False,3,0.0,0.0
Hannah Brown,Alan Bersten,TV Personality,Alabama,United States,24,28,1st Place,1,6,,False,True,3,24.0,8.0
Kel Mitchell,Witney Carson,Actor/Actress,Illinois,United States,41,28,2nd Place,2,6,,False,True,3,26.0,8.666666666666666
Ally Brooke,Sasha Farber,Singer/Rapper,Texas,United States,26,28,3rd Place,3,6,,False,True,3,25.0,8.333333333333334
Lauren Alaina,Gleb Savchenko,Singer/Rapper,Georgia,United States,24,28,4th Place,4,6,,False,True,3,26.0,8.666666666666666
James Van Der Beek,Emma Slater,Actor/Actress,Connecticut,United States,42,28,Eliminated Week 10,5,6,10.0,False,True,3,27.0,9.0
Sean Spicer,Lindsay Arnold,Politician,New York,United States,48,28,Eliminated Week 9,6,6,9.0,False,True,3,21.0,7.0
Kate Flannery,Pasha Pashkov,Actor/Actress,Pennsylvania,United States,55,28,Eliminated Week 8,7,6,8.0,False,True,3,27.0,9.0
Karamo Brown,Jenna Johnson,TV Personality,Texas,United States,38,28,Eliminated Week 7,8,6,7.0,False,True,3,25.0,8.333333333333334
Sailor Brinkley-Cook,Valentin Chmerkovskiy,Model,New York,United States,21,28,Eliminated Week 6,9,6,6.0,True,True,3,27.0,9.0
Lamar Odom,Peta Murgatroyd,Athlete,New York,United States,39,28,Eliminated Week 4,10,6,4.0,False,False,3,0.0,0.0
Ray Lewis,Cheryl Burke,Athlete,Florida,United States,44,28,Withdrew,11,6,,False,False,3,0.0,0.0
Mary Wilson,Brandon Armstrong,Singer/Rapper,Nevada,United States,75,28,Eliminated Week 2,12,6,2.0,False,False,3,0.0,0.0
Hannah Brown,Alan Bersten,TV Personality,Alabama,United States,24,28,1st Place,1,7,,False,True,3,26.0,8.666666666666666
Kel Mitchell,Witney Carson,Actor/Actress,Illinois,United States,41,28,2nd Place,2,7,,False,True,3,25.5,8.5
Ally Brooke,Sasha Farber,Singer/Rapper,Texas,United States,26,28,3rd Place,3,7,,False,True,3,27.0,9.0
Lauren Alaina,Gleb Savchenko,Singer/Rapper,Georgia,United States,24,28,4th Place,4,7,,False,True,3,27.0,9.0
James Van Der Beek,Emma Slater,Actor/Actress,Connecticut,United States,42,28,Eliminated Week 10,5,7,10.0,False,True,3,27.0,9.0
Sean Spicer,Lindsay Arnold,Politician,New York,United States,48,28,Eliminated Week 9,6,7,9.0,False,True,3,21.0,7.0
Kate Flannery,Pasha Pashkov,Actor/Actress,Pennsylvania,United States,55,28,Eliminated Week 8,7,7,8.0,False,True,3,24.0,8.0
Karamo Brown,Jenna Johnson,TV Personality,Texas,United States,38,28,Eliminated Week 7,8,7,7.0,True,True,3,24.5,8.166666666666666
Sailor Brinkley-Cook,Valentin Chmerkovskiy,Model,New York,United States,21,28,Eliminated Week 6,9,7,6.0,False,False,3,0.0,0.0
Lamar Odom,Peta Murgatroyd,Athlete,New York,United States,39,28,Eliminated Week 4,10,7,4.0,False,False,3,0.0,0.0
Ray Lewis,Cheryl Burke,Athlete,Florida,United States,44,28,Withdrew,11,7,,False,False,3,0.0,0.0
Mary Wilson,Brandon Armstrong,Singer/Rapper,Nevada,United States,75,28,Eliminated Week 2,12,7,2.0,False,False,3,0.0,0.0
Hannah Brown,Alan Bersten,TV Personality,Alabama,United States,24,28,1st Place,1,8,,False,True,3,30.9998,10.333266666666667
Kel Mitchell,Witney Carson,Actor/Actress,Illinois,United States,41,28,2nd Place,2,8,,False,True,3,29.9998,9.999933333333333
Ally Brooke,Sasha Farber,Singer/Rapper,Texas,United States,26,28,3rd Place,3,8,,False,True,3,30.0,10.0
Lauren Alaina,Gleb Savchenko,Singer/Rapper,Georgia,United States,24,28,4th Place,4,8,,False,True,3,24.0,8.0
James Van Der Beek,Emma Slater,Actor/Actress,Connecticut,United States,42,28,Eliminated Week 10,5,8,10.0,False,True,3,31.9998,10.6666
Sean Spicer,Lindsay Arnold,Politician,New York,United States,48,28,Eliminated Week 9,6,8,9.0,False,True,3,20.0,6.666666666666667
Kate Flannery,Pasha Pashkov,Actor/Actress,Pennsylvania,United States,55,28,Eliminated Week 8,7,8,8.0,True,True,3,25.9998,8.6666
Karamo Brown,Jenna Johnson,TV Personality,Texas,United States,38,28,Eliminated Week 7,8,8,7.0,False,False,3,0.0,0.0
Sailor Brinkley-Cook,Valentin Chmerkovskiy,Model,New York,United States,21,28,Eliminated Week 6,9,8,6.0,False,False,3,0.0,0.0
Lamar Odom,Peta Murgatroyd,Athlete,New York,United States,39,28,Eliminated Week 4,10,8,4.0,False,False,3,0.0,0.0
Ray Lewis,Cheryl Burke,Athlete,Florida,United States,44,28,Withdrew,11,8,,False,False,3,0.0,0.0
Mary Wilson,Brandon Armstrong,Singer/Rapper,Nevada,United States,75,28,Eliminated Week 2,12,8,2.0,False,False,3,0.0,0.0
Hannah Brown,Alan Bersten,TV Personality,Alabama,United States,24,28,1st Place,1,9,,False,True,4,35.5,8.875
Kel Mitchell,Witney Carson,Actor/Actress,Illinois,United States,41,28,2nd Place,2,9,,False,True,4,37.0,9.25
Ally Brooke,Sasha Farber,Singer/Rapper,Texas,United States,26,28,3rd Place,3,9,,False,True,4,40.0,10.0
Lauren Alaina,Gleb Savchenko,Singer/Rapper,Georgia,United States,24,28,4th Place,4,9,,False,True,4,35.0,8.75
James Van Der Beek,Emma Slater,Actor/Actress,Connecticut,United States,42,28,Eliminated Week 10,5,9,10.0,False,True,4,36.0,9.0
Sean Spicer,Lindsay Arnold,Politician,New York,United States,48,28,Eliminated Week 9,6,9,9.0,True,True,4,25.0,6.25
Kate Flannery,Pasha Pashkov,Actor/Actress,Pennsylvania,United States,55,28,Eliminated Week 8,7,9,8.0,False,False,4,0.0,0.0
Karamo Brown,Jenna Johnson,TV Personality,Texas,United States,38,28,Eliminated Week 7,8,9,7.0,False,False,4,0.0,0.0
Sailor Brinkley-Cook,Valentin Chmerkovskiy,Model,New York,United States,21,28,Eliminated Week 6,9,9,6.0,False,False,4,0.0,0.0
Lamar Odom,Peta Murgatroyd,Athlete,New York,United States,39,28,Eliminated Week 4,10,9,4.0,False,False,4,0.0,0.0
Ray Lewis,Cheryl Burke,Athlete,Florida,United States,44,28,Withdrew,11,9,,False,False,4,0.0,0.0
Mary Wilson,Brandon Armstrong,Singer/Rapper,Nevada,United States,75,28,Eliminated Week 2,12,9,2.0,False,False,4,0.0,0.0
Hannah Brown,Alan Bersten,TV Personality,Alabama,United States,24,28,1st Place,1,10,,False,True,3,27.0,9.0
Kel Mitchell,Witney Carson,Actor/Actress,Illinois,United States,41,28,2nd Place,2,10,,False,True,3,28.5,9.5
Ally Brooke,Sasha Farber,Singer/Rapper,Texas,United States,26,28,3rd Place,3,10,,False,True,3,29.5,9.833333333333334
Lauren Alaina,Gleb Savchenko,Singer/Rapper,Georgia,United States,24,28,4th Place,4,10,,False,True,3,27.0,9.0
James Van Der Beek,Emma Slater,Actor/Actress,Connecticut,United States,42,28,Eliminated Week 10,5,10,10.0,True,True,3,25.5,8.5
Sean Spicer,Lindsay Arnold,Politician,New York,United States,48,28,Eliminated Week 9,6,10,9.0,False,False,3,0.0,0.0
Kate Flannery,Pasha Pashkov,Actor/Actress,Pennsylvania,United States,55,28,Eliminated Week 8,7,10,8.0,False,False,3,0.0,0.0
Karamo Brown,Jenna Johnson,TV Personality,Texas,United States,38,28,Eliminated Week 7,8,10,7.0,False,False,3,0.0,0.0
Sailor Brinkley-Cook,Valentin Chmerkovskiy,Model,New York,United States,21,28,Eliminated Week 6,9,10,6.0,False,False,3,0.0,0.0
Lamar Odom,Peta Murgatroyd,Athlete,New York,United States,39,28,Eliminated Week 4,10,10,4.0,False,False,3,0.0,0.0
Ray Lewis,Cheryl Burke,Athlete,Florida,United States,44,28,Withdrew,11,10,,False,False,3,0.0,0.0
Mary Wilson,Brandon Armstrong,Singer/Rapper,Nevada,United States,75,28,Eliminated Week 2,12,10,2.0,False,False,3,0.0,0.0
Hannah Brown,Alan Bersten,TV Personality,Alabama,United States,24,28,1st Place,1,11,,False,True,3,29.0,9.666666666666666
Kel Mitchell,Witney Carson,Actor/Actress,Illinois,United States,41,28,2nd Place,2,11,,False,True,3,29.5,9.833333333333334
Ally Brooke,Sasha Farber,Singer/Rapper,Texas,United States,26,28,3rd Place,3,11,,False,True,3,30.0,10.0
Lauren Alaina,Gleb Savchenko,Singer/Rapper,Georgia,United States,24,28,4th Place,4,11,,False,True,3,28.5,9.5
James Van Der Beek,Emma Slater,Actor/Actress,Connecticut,United States,42,28,Eliminated Week 10,5,11,10.0,False,False,3,0.0,0.0
Sean Spicer,Lindsay Arnold,Politician,New York,United States,48,28,Eliminated Week 9,6,11,9.0,False,False,3,0.0,0.0
Kate Flannery,Pasha Pashkov,Actor/Actress,Pennsylvania,United States,55,28,Eliminated Week 8,7,11,8.0,False,False,3,0.0,0.0
Karamo Brown,Jenna Johnson,TV Personality,Texas,United States,38,28,Eliminated Week 7,8,11,7.0,False,False,3,0.0,0.0
Sailor Brinkley-Cook,Valentin Chmerkovskiy,Model,New York,United States,21,28,Eliminated Week 6,9,11,6.0,False,False,3,0.0,0.0
Lamar Odom,Peta Murgatroyd,Athlete,New York,United States,39,28,Eliminated Week 4,10,11,4.0,False,False,3,0.0,0.0
Ray Lewis,Cheryl Burke,Athlete,Florida,United States,44,28,Withdrew,11,11,,False,False,3,0.0,0.0
Mary Wilson,Brandon Armstrong,Singer/Rapper,Nevada,United States,75,28,Eliminated Week 2,12,11,2.0,False,False,3,0.0,0.0
Kaitlyn Bristowe,Artem Chigvintsev,TV Personality,,Canada,35,29,1st Place,1,1,,False,True,3,20.0,6.666666666666667
Nev Schulman,Jenna Johnson,Producer,New York,United States,35,29,2nd Place,2,1,,False,True,3,20.0,6.666666666666667
Nelly,Daniella Karagach,Singer/Rapper,Texas,United States,45,29,3rd Place,3,1,,False,True,3,16.0,5.333333333333333
Justina Machado,Sasha Farber,Actor/Actress,Illinois,United States,48,29,4th Place,4,1,,False,True,3,21.0,7.0
Skai Jackson,Alan Bersten,Actor/Actress,New York,United States,18,29,Eliminated Week 10,5,1,10.0,False,True,3,21.0,7.0
Johnny Weir,Britt Stewart,Athlete,Pennsylvania,United States,36,29,Eliminated Week 10,6,1,10.0,False,True,3,18.0,6.0
AJ McLean,Cheryl Burke,Singer/Rapper,Florida,United States,42,29,Eliminated Week 9,7,1,9.0,False,True,3,18.0,6.0
Chrishell Stause,Gleb Savchenko,Actor/Actress,Kentucky,United States,39,29,Eliminated Week 8,8,1,8.0,False,True,3,13.0,4.333333333333333
Jeannie Mai,Brandon Armstrong,TV Personality,California,United States,41,29,Withdrew,9,1,,False,True,3,18.0,6.0
Monica Aldama,Valentin Chmerkovskiy,TV Personality,Alabama,United States,48,29,Eliminated Week 7,10,1,7.0,False,True,3,19.0,6.333333333333333
Veron Davis,Peta Murgatroyd,Athlete,Washington D.C.,United States,36,29,Eliminated Week 6,11,1,6.0,False,True,3,17.0,5.666666666666667
Jesse Metcalfe,Sharna Burgess,Actor/Actress,California,United States,41,29,Eliminated Week 5,12,1,5.0,False,True,3,18.0,6.0
Anne Heche,Keo Motsepe,Actor/Actress,Ohio,United States,51,29,Eliminated Week 4,13,1,4.0,False,True,3,18.0,6.0
Carole Baskin,Pasha Pashkov,TV Personality,Texas,United States,59,29,Eliminated Week 3,14,1,3.0,False,True,3,11.0,3.6666666666666665
Charles Oakley,Emma Slater,Athlete,Ohio,United States,56,29,Eliminated Week 2,15,1,2.0,False,True,3,12.0,4.0
Kaitlyn Bristowe,Artem Chigvintsev,TV Personality,,Canada,35,29,1st Place,1,2,,False,True,3,22.0,7.333333333333333
Nev Schulman,Jenna Johnson,Producer,New York,United States,35,29,2nd Place,2,2,,False,True,3,21.0,7.0
Nelly,Daniella Karagach,Singer/Rapper,Texas,United States,45,29,3rd Place,3,2,,False,True,3,18.0,6.0
Justina Machado,Sasha Farber,Actor/Actress,Illinois,United States,48,29,4th Place,4,2,,False,True,3,21.0,7.0
Skai Jackson,Alan Bersten,Actor/Actress,New York,United States,18,29,Eliminated Week 10,5,2,10.0,False,True,3,15.0,5.0
Johnny Weir,Britt Stewart,Athlete,Pennsylvania,United States,36,29,Eliminated Week 10,6,2,10.0,False,True,3,18.0,6.0
AJ McLean,Cheryl Burke,Singer/Rapper,Florida,United States,42,29,Eliminated Week 9,7,2,9.0,False,True,3,19.0,6.333333333333333
Chrishell Stause,Gleb Savchenko,Actor/Actress,Kentucky,United States,39,29,Eliminated Week 8,8,2,8.0,False,True,3,18.0,6.0
Jeannie Mai,Brandon Armstrong,TV Personality,California,United States,41,29,Withdrew,9,2,,False,True,3,18.0,6.0
Monica Aldama,Valentin Chmerkovskiy,TV Personality,Alabama,United States,48,29,Eliminated Week 7,10,2,7.0,False,True,3,16.0,5.333333333333333
Veron Davis,Peta Murgatroyd,Athlete,Washington D.C.,United States,36,29,Eliminated Week 6,11,2,6.0,False,True,3,18.0,6.0
Jesse Metcalfe,Sharna Burgess,Actor/Actress,California,United States,41,29,Eliminated Week 5,12,2,5.0,False,True,3,20.0,6.666666666666667
Anne Heche,Keo Motsepe,Actor/Actress,Ohio,United States,51,29,Eliminated Week 4,13,2,4.0,False,True,3,18.0,6.0
Carole Baskin,Pasha Pashkov,TV Personality,Texas,United States,59,29,Eliminated Week 3,14,2,3.0,False,True,3,16.0,5.333333333333333
Charles Oakley,Emma Slater,Athlete,Ohio,United States,56,29,Eliminated Week 2,15,2,2.0,True,True,3,15.0,5.0
Kaitlyn Bristowe,Artem Chigvintsev,TV Personality,,Canada,35,29,1st Place,1,3,,False,True,3,23.0,7.666666666666667
Nev Schulman,Jenna Johnson,Producer,New York,United States,35,29,2nd Place,2,3,,False,True,3,24.0,8.0
Nelly,Daniella Karagach,Singer/Rapper,Texas,United States,45,29,3rd Place,3,3,,False,True,3,18.0,6.0
Justina Machado,Sasha Farber,Actor/Actress,Illinois,United States,48,29,4th Place,4,3,,False,True,3,19.0,6.333333333333333
Skai Jackson,Alan Bersten,Actor/Actress,New York,United States,18,29,Eliminated Week 10,5,3,10.0,False,True,3,18.0,6.0
Johnny Weir,Britt Stewart,Athlete,Pennsylvania,United States,36,29,Eliminated Week 10,6,3,10.0,False,True,3,24.0,8.0
AJ McLean,Cheryl Burke,Singer/Rapper,Florida,United States,42,29,Eliminated Week 9,7,3,9.0,False,True,3,21.0,7.0
Chrishell Stause,Gleb Savchenko,Actor/Actress,Kentucky,United States,39,29,Eliminated Week 8,8,3,8.0,False,True,3,22.0,7.333333333333333
Jeannie Mai,Brandon Armstrong,TV Personality,California,United States,41,29,Withdrew,9,3,,False,True,3,22.0,7.333333333333333
Monica Aldama,Valentin Chmerkovskiy,TV Personality,Alabama,United States,48,29,Eliminated Week 7,10,3,7.0,False,True,3,21.0,7.0
Veron Davis,Peta Murgatroyd,Athlete,Washington D.C.,United States,36,29,Eliminated Week 6,11,3,6.0,False,True,3,22.0,7.333333333333333
Jesse Metcalfe,Sharna Burgess,Actor/Actress,California,United States,41,29,Eliminated Week 5,12,3,5.0,False,True,3,20.0,6.666666666666667
Anne Heche,Keo Motsepe,Actor/Actress,Ohio,United States,51,29,Eliminated Week 4,13,3,4.0,False,True,3,15.0,5.0
Carole Baskin,Pasha Pashkov,TV Personality,Texas,United States,59,29,Eliminated Week 3,14,3,3.0,True,True,3,12.0,4.0
Charles Oakley,Emma Slater,Athlete,Ohio,United States,56,29,Eliminated Week 2,15,3,2.0,False,False,3,0.0,0.0
Kaitlyn Bristowe,Artem Chigvintsev,TV Personality,,Canada,35,29,1st Place,1,4,,False,True,3,25.0,8.333333333333334
Nev Schulman,Jenna Johnson,Producer,New York,United States,35,29,2nd Place,2,4,,False,True,3,24.0,8.0
Nelly,Daniella Karagach,Singer/Rapper,Texas,United States,45,29,3rd Place,3,4,,False,True,3,21.0,7.0
Justina Machado,Sasha Farber,Actor/Actress,Illinois,United States,48,29,4th Place,4,4,,False,True,3,24.0,8.0
Skai Jackson,Alan Bersten,Actor/Actress,New York,United States,18,29,Eliminated Week 10,5,4,10.0,False,True,3,28.0,9.333333333333334
Johnny Weir,Britt Stewart,Athlete,Pennsylvania,United States,36,29,Eliminated Week 10,6,4,10.0,False,True,3,24.0,8.0
AJ McLean,Cheryl Burke,Singer/Rapper,Florida,United States,42,29,Eliminated Week 9,7,4,9.0,False,True,3,24.0,8.0
Chrishell Stause,Gleb Savchenko,Actor/Actress,Kentucky,United States,39,29,Eliminated Week 8,8,4,8.0,False,True,3,22.0,7.333333333333333
Jeannie Mai,Brandon Armstrong,TV Personality,California,United States,41,29,Withdrew,9,4,,False,True,3,21.0,7.0
Monica Aldama,Valentin Chmerkovskiy,TV Personality,Alabama,United States,48,29,Eliminated Week 7,10,4,7.0,False,True,3,24.0,8.0
Veron Davis,Peta Murgatroyd,Athlete,Washington D.C.,United States,36,29,Eliminated Week 6,11,4,6.0,False,True,3,22.0,7.333333333333333
Jesse Metcalfe,Sharna Burgess,Actor/Actress,California,United States,41,29,Eliminated Week 5,12,4,5.0,False,True,3,21.0,7.0
Anne Heche,Keo Motsepe,Actor/Actress,Ohio,United States,51,29,Eliminated Week 4,13,4,4.0,True,True,3,21.0,7.0
Carole Baskin,Pasha Pashkov,TV Personality,Texas,United States,59,29,Eliminated Week 3,14,4,3.0,False,False,3,0.0,0.0
Charles Oakley,Emma Slater,Athlete,Ohio,United States,56,29,Eliminated Week 2,15,4,2.0,False,False,3,0.0,0.0
Kaitlyn Bristowe,Artem Chigvintsev,TV Personality,,Canada,35,29,1st Place,1,5,,False,True,3,27.0,9.0
Nev Schulman,Jenna Johnson,Producer,New York,United States,35,29,2nd Place,2,5,,False,True,3,26.0,8.666666666666666
Nelly,Daniella Karagach,Singer/Rapper,Texas,United States,45,29,3rd Place,3,5,,False,True,3,24.0,8.0
Justina Machado,Sasha Farber,Actor/Actress,Illinois,United States,48,29,4th Place,4,5,,False,True,3,24.0,8.0
Skai Jackson,Alan Bersten,Actor/Actress,New York,United States,18,29,Eliminated Week 10,5,5,10.0,False,True,3,24.0,8.0
Johnny Weir,Britt Stewart,Athlete,Pennsylvania,United States,36,29,Eliminated Week 10,6,5,10.0,False,True,3,29.0,9.666666666666666
AJ McLean,Cheryl Burke,Singer/Rapper,Florida,United States,42,29,Eliminated Week 9,7,5,9.0,False,True,3,24.0,8.0
Chrishell Stause,Gleb Savchenko,Actor/Actress,Kentucky,United States,39,29,Eliminated Week 8,8,5,8.0,False,True,3,19.0,6.333333333333333
Jeannie Mai,Brandon Armstrong,TV Personality,California,United States,41,29,Withdrew,9,5,,False,True,3,24.0,8.0
Monica Aldama,Valentin Chmerkovskiy,TV Personality,Alabama,United States,48,29,Eliminated Week 7,10,5,7.0,False,True,3,26.0,8.666666666666666
Veron Davis,Peta Murgatroyd,Athlete,Washington D.C.,United States,36,29,Eliminated Week 6,11,5,6.0,False,True,3,21.0,7.0
Jesse Metcalfe,Sharna Burgess,Actor/Actress,California,United States,41,29,Eliminated Week 5,12,5,5.0,True,True,3,19.0,6.333333333333333
Anne Heche,Keo Motsepe,Actor/Actress,Ohio,United States,51,29,Eliminated Week 4,13,5,4.0,False,False,3,0.0,0.0
Carole Baskin,Pasha Pashkov,TV Personality,Texas,United States,59,29,Eliminated Week 3,14,5,3.0,False,False,3,0.0,0.0
Charles Oakley,Emma Slater,Athlete,Ohio,United States,56,29,Eliminated Week 2,15,5,2.0,False,False,3,0.0,0.0
Kaitlyn Bristowe,Artem Chigvintsev,TV Personality,,Canada,35,29,1st Place,1,6,,False,True,3,27.0,9.0
Nev Schulman,Jenna Johnson,Producer,New York,United States,35,29,2nd Place,2,6,,False,True,3,26.0,8.666666666666666
Nelly,Daniella Karagach,Singer/Rapper,Texas,United States,45,29,3rd Place,3,6,,False,True,3,24.0,8.0
Justina Machado,Sasha Farber,Actor/Actress,Illinois,United States,48,29,4th Place,4,6,,False,True,3,27.0,9.0
Skai Jackson,Alan Bersten,Actor/Actress,New York,United States,18,29,Eliminated Week 10,5,6,10.0,False,True,3,18.0,6.0
Johnny Weir,Britt Stewart,Athlete,Pennsylvania,United States,36,29,Eliminated Week 10,6,6,10.0,False,True,3,22.0,7.333333333333333
AJ McLean,Cheryl Burke,Singer/Rapper,Florida,United States,42,29,Eliminated Week 9,7,6,9.0,False,True,3,27.0,9.0
Chrishell Stause,Gleb Savchenko,Actor/Actress,Kentucky,United States,39,29,Eliminated Week 8,8,6,8.0,False,True,3,24.0,8.0
Jeannie Mai,Brandon Armstrong,TV Personality,California,United States,41,29,Withdrew,9,6,,False,True,3,25.0,8.333333333333334
Monica Aldama,Valentin Chmerkovskiy,TV Personality,Alabama,United States,48,29,Eliminated Week 7,10,6,7.0,False,True,3,27.0,9.0
Veron Davis,Peta Murgatroyd,Athlete,Washington D.C.,United States,36,29,Eliminated Week 6,11,6,6.0,True,True,3,21.0,7.0
Jesse Metcalfe,Sharna Burgess,Actor/Actress,California,United States,41,29,Eliminated Week 5,12,6,5.0,False,False,3,0.0,0.0
Anne Heche,Keo Motsepe,Actor/Actress,Ohio,United States,51,29,Eliminated Week 4,13,6,4.0,False,False,3,0.0,0.0
Carole Baskin,Pasha Pashkov,TV Personality,Texas,United States,59,29,Eliminated Week 3,14,6,3.0,False,False,3,0.0,0.0
Charles Oakley,Emma Slater,Athlete,Ohio,United States,56,29,Eliminated Week 2,15,6,2.0,False,False,3,0.0,0.0
Kaitlyn Bristowe,Artem Chigvintsev,TV Personality,,Canada,35,29,1st Place,1,7,,False,True,3,24.0,8.0
Nev Schulman,Jenna Johnson,Producer,New York,United States,35,29,2nd Place,2,7,,False,True,3,30.0,10.0
Nelly,Daniella Karagach,Singer/Rapper,Texas,United States,45,29,3rd Place,3,7,,False,True,3,27.0,9.0
Justina Machado,Sasha Farber,Actor/Actress,Illinois,United States,48,29,4th Place,4,7,,False,True,3,26.0,8.666666666666666
Skai Jackson,Alan Bersten,Actor/Actress,New York,United States,18,29,Eliminated Week 10,5,7,10.0,False,True,3,27.0,9.0
Johnny Weir,Britt Stewart,Athlete,Pennsylvania,United States,36,29,Eliminated Week 10,6,7,10.0,False,True,3,27.0,9.0
AJ McLean,Cheryl Burke,Singer/Rapper,Florida,United States,42,29,Eliminated Week 9,7,7,9.0,False,True,3,26.0,8.666666666666666
Chrishell Stause,Gleb Savchenko,Actor/Actress,Kentucky,United States,39,29,Eliminated Week 8,8,7,8.0,False,True,3,26.0,8.666666666666666
Jeannie Mai,Brandon Armstrong,TV Personality,California,United States,41,29,Withdrew,9,7,,False,True,3,25.0,8.333333333333334
Monica Aldama,Valentin Chmerkovskiy,TV Personality,Alabama,United States,48,29,Eliminated Week 7,10,7,7.0,True,True,3,22.0,7.333333333333333
Veron Davis,Peta Murgatroyd,Athlete,Washington D.C.,United States,36,29,Eliminated Week 6,11,7,6.0,False,False,3,0.0,0.0
Jesse Metcalfe,Sharna Burgess,Actor/Actress,California,United States,41,29,Eliminated Week 5,12,7,5.0,False,False,3,0.0,0.0
Anne Heche,Keo Motsepe,Actor/Actress,Ohio,United States,51,29,Eliminated Week 4,13,7,4.0,False,False,3,0.0,0.0
Carole Baskin,Pasha Pashkov,TV Personality,Texas,United States,59,29,Eliminated Week 3,14,7,3.0,False,False,3,0.0,0.0
Charles Oakley,Emma Slater,Athlete,Ohio,United States,56,29,Eliminated Week 2,15,7,2.0,False,False,3,0.0,0.0
Kaitlyn Bristowe,Artem Chigvintsev,TV Personality,,Canada,35,29,1st Place,1,8,,False,True,3,28.0,9.333333333333334
Nev Schulman,Jenna Johnson,Producer,New York,United States,35,29,2nd Place,2,8,,False,True,3,30.0,10.0
Nelly,Daniella Karagach,Singer/Rapper,Texas,United States,45,29,3rd Place,3,8,,False,True,3,24.0,8.0
Justina Machado,Sasha Farber,Actor/Actress,Illinois,United States,48,29,4th Place,4,8,,False,True,3,28.9998,9.6666
Skai Jackson,Alan Bersten,Actor/Actress,New York,United States,18,29,Eliminated Week 10,5,8,10.0,False,True,3,26.9998,8.999933333333333
Johnny Weir,Britt Stewart,Athlete,Pennsylvania,United States,36,29,Eliminated Week 10,6,8,10.0,False,True,3,30.0,10.0
AJ McLean,Cheryl Burke,Singer/Rapper,Florida,United States,42,29,Eliminated Week 9,7,8,9.0,False,True,3,27.0,9.0
Chrishell Stause,Gleb Savchenko,Actor/Actress,Kentucky,United States,39,29,Eliminated Week 8,8,8,8.0,True,True,3,27.0,9.0
Jeannie Mai,Brandon Armstrong,TV Personality,California,United States,41,29,Withdrew,9,8,,False,False,3,0.0,0.0
Monica Aldama,Valentin Chmerkovskiy,TV Personality,Alabama,United States,48,29,Eliminated Week 7,10,8,7.0,False,False,3,0.0,0.0
Veron Davis,Peta Murgatroyd,Athlete,Washington D.C.,United States,36,29,Eliminated Week 6,11,8,6.0,False,False,3,0.0,0.0
Jesse Metcalfe,Sharna Burgess,Actor/Actress,California,United States,41,29,Eliminated Week 5,12,8,5.0,False,False,3,0.0,0.0
Anne Heche,Keo Motsepe,Actor/Actress,Ohio,United States,51,29,Eliminated Week 4,13,8,4.0,False,False,3,0.0,0.0
Carole Baskin,Pasha Pashkov,TV Personality,Texas,United States,59,29,Eliminated Week 3,14,8,3.0,False,False,3,0.0,0.0
Charles Oakley,Emma Slater,Athlete,Ohio,United States,56,29,Eliminated Week 2,15,8,2.0,False,False,3,0.0,0.0
Kaitlyn Bristowe,Artem Chigvintsev,TV Personality,,Canada,35,29,1st Place,1,9,,False,True,3,30.0,10.0
Nev Schulman,Jenna Johnson,Producer,New York,United States,35,29,2nd Place,2,9,,False,True,3,28.9998,9.6666
Nelly,Daniella Karagach,Singer/Rapper,Texas,United States,45,29,3rd Place,3,9,,False,True,3,24.0,8.0
Justina Machado,Sasha Farber,Actor/Actress,Illinois,United States,48,29,4th Place,4,9,,False,True,3,25.9998,8.6666
Skai Jackson,Alan Bersten,Actor/Actress,New York,United States,18,29,Eliminated Week 10,5,9,10.0,False,True,3,28.9998,9.6666
Johnny Weir,Britt Stewart,Athlete,Pennsylvania,United States,36,29,Eliminated Week 10,6,9,10.0,False,True,3,30.0,10.0
AJ McLean,Cheryl Burke,Singer/Rapper,Florida,United States,42,29,Eliminated Week 9,7,9,9.0,True,True,3,24.9998,8.333266666666667
Chrishell Stause,Gleb Savchenko,Actor/Actress,Kentucky,United States,39,29,Eliminated Week 8,8,9,8.0,False,False,3,0.0,0.0
Jeannie Mai,Brandon Armstrong,TV Personality,California,United States,41,29,Withdrew,9,9,,False,False,3,0.0,0.0
Monica Aldama,Valentin Chmerkovskiy,TV Personality,Alabama,United States,48,29,Eliminated Week 7,10,9,7.0,False,False,3,0.0,0.0
Veron Davis,Peta Murgatroyd,Athlete,Washington D.C.,United States,36,29,Eliminated Week 6,11,9,6.0,False,False,3,0.0,0.0
Jesse Metcalfe,Sharna Burgess,Actor/Actress,California,United States,41,29,Eliminated Week 5,12,9,5.0,False,False,3,0.0,0.0
Anne Heche,Keo Motsepe,Actor/Actress,Ohio,United States,51,29,Eliminated Week 4,13,9,4.0,False,False,3,0.0,0.0
Carole Baskin,Pasha Pashkov,TV Personality,Texas,United States,59,29,Eliminated Week 3,14,9,3.0,False,False,3,0.0,0.0
Charles Oakley,Emma Slater,Athlete,Ohio,United States,56,29,Eliminated Week 2,15,9,2.0,False,False,3,0.0,0.0
Kaitlyn Bristowe,Artem Chigvintsev,TV Personality,,Canada,35,29,1st Place,1,10,,False,True,3,30.0,10.0
Nev Schulman,Jenna Johnson,Producer,New York,United States,35,29,2nd Place,2,10,,False,True,3,30.0,10.0
Nelly,Daniella Karagach,Singer/Rapper,Texas,United States,45,29,3rd Place,3,10,,False,True,3,28.0,9.333333333333334
Justina Machado,Sasha Farber,Actor/Actress,Illinois,United States,48,29,4th Place,4,10,,False,True,3,29.0,9.666666666666666
Skai Jackson,Alan Bersten,Actor/Actress,New York,United States,18,29,Eliminated Week 10,5,10,10.0,True,True,3,28.5,9.5
Johnny Weir,Britt Stewart,Athlete,Pennsylvania,United States,36,29,Eliminated Week 10,6,10,10.0,True,True,3,28.5,9.5
AJ McLean,Cheryl Burke,Singer/Rapper,Florida,United States,42,29,Eliminated Week 9,7,10,9.0,False,False,3,0.0,0.0
Chrishell Stause,Gleb Savchenko,Actor/Actress,Kentucky,United States,39,29,Eliminated Week 8,8,10,8.0,False,False,3,0.0,0.0
Jeannie Mai,Brandon Armstrong,TV Personality,California,United States,41,29,Withdrew,9,10,,False,False,3,0.0,0.0
Monica Aldama,Valentin Chmerkovskiy,TV Personality,Alabama,United States,48,29,Eliminated Week 7,10,10,7.0,False,False,3,0.0,0.0
Veron Davis,Peta Murgatroyd,Athlete,Washington D.C.,United States,36,29,Eliminated Week 6,11,10,6.0,False,False,3,0.0,0.0
Jesse Metcalfe,Sharna Burgess,Actor/Actress,California,United States,41,29,Eliminated Week 5,12,10,5.0,False,False,3,0.0,0.0
Anne Heche,Keo Motsepe,Actor/Actress,Ohio,United States,51,29,Eliminated Week 4,13,10,4.0,False,False,3,0.0,0.0
Carole Baskin,Pasha Pashkov,TV Personality,Texas,United States,59,29,Eliminated Week 3,14,10,3.0,False,False,3,0.0,0.0
Charles Oakley,Emma Slater,Athlete,Ohio,United States,56,29,Eliminated Week 2,15,10,2.0,False,False,3,0.0,0.0
Kaitlyn Bristowe,Artem Chigvintsev,TV Personality,,Canada,35,29,1st Place,1,11,,False,True,3,30.0,10.0
Nev Schulman,Jenna Johnson,Producer,New York,United States,35,29,2nd Place,2,11,,False,True,3,30.0,10.0
Nelly,Daniella Karagach,Singer/Rapper,Texas,United States,45,29,3rd Place,3,11,,False,True,3,28.5,9.5
Justina Machado,Sasha Farber,Actor/Actress,Illinois,United States,48,29,4th Place,4,11,,False,True,3,30.0,10.0
Skai Jackson,Alan Bersten,Actor/Actress,New York,United States,18,29,Eliminated Week 10,5,11,10.0,False,False,3,0.0,0.0
Johnny Weir,Britt Stewart,Athlete,Pennsylvania,United States,36,29,Eliminated Week 10,6,11,10.0,False,False,3,0.0,0.0
AJ McLean,Cheryl Burke,Singer/Rapper,Florida,United States,42,29,Eliminated Week 9,7,11,9.0,False,False,3,0.0,0.0
Chrishell Stause,Gleb Savchenko,Actor/Actress,Kentucky,United States,39,29,Eliminated Week 8,8,11,8.0,False,False,3,0.0,0.0
Jeannie Mai,Brandon Armstrong,TV Personality,California,United States,41,29,Withdrew,9,11,,False,False,3,0.0,0.0
Monica Aldama,Valentin Chmerkovskiy,TV Personality,Alabama,United States,48,29,Eliminated Week 7,10,11,7.0,False,False,3,0.0,0.0
Veron Davis,Peta Murgatroyd,Athlete,Washington D.C.,United States,36,29,Eliminated Week 6,11,11,6.0,False,False,3,0.0,0.0
Jesse Metcalfe,Sharna Burgess,Actor/Actress,California,United States,41,29,Eliminated Week 5,12,11,5.0,False,False,3,0.0,0.0
Anne Heche,Keo Motsepe,Actor/Actress,Ohio,United States,51,29,Eliminated Week 4,13,11,4.0,False,False,3,0.0,0.0
Carole Baskin,Pasha Pashkov,TV Personality,Texas,United States,59,29,Eliminated Week 3,14,11,3.0,False,False,3,0.0,0.0
Charles Oakley,Emma Slater,Athlete,Ohio,United States,56,29,Eliminated Week 2,15,11,2.0,False,False,3,0.0,0.0
Iman Shumpert,Daniella Karagach,Athlete,Illinois,United States,31,30,1st Place,1,1,,False,True,4,21.0,5.25
JoJo Siwa,Jenna Johnson,Social Media Personality,Nebraska,United States,18,30,2nd Place,2,1,,False,True,4,29.0,7.25
Cody Rigsby,Cheryl Burke,Fitness Instructor,California,United States,34,30,3rd Place,3,1,,False,True,4,24.0,6.0
Amanda Kloots,Alan Bersten,TV Personality,Ohio,United States,39,30,4th Place,4,1,,False,True,4,28.0,7.0
Suni Lee,Sasha Farber,Athlete,Minnesota,United States,18,30,Eliminated Week 9,5,1,9.0,False,True,4,28.0,7.0
Melora Hardin,Artem Chigvintsev,Actor/Actress,Texas,United States,54,30,Eliminated Week 9,6,1,9.0,False,True,4,26.0,6.5
Jimmie Allen,Emma Slater,Singer/Rapper,Delaware,United States,36,30,Eliminated Week 8,7,1,8.0,False,True,4,22.0,5.5
Olivia Jade,Valentin Chmerkovskiy,Social Media Personality,California,United States,21,30,Eliminated Week 8,8,1,8.0,False,True,4,25.0,6.25
"Mike ""The Miz"" Mizanin",Witney Carson,Athlete,Ohio,United States,40,30,Eliminated Week 7,9,1,7.0,False,True,4,24.0,6.0
Kenya Moore,Brandon Armstrong,TV Personality,Michigan,United States,50,30,Eliminated Week 6,10,1,6.0,False,True,4,26.0,6.5
Melanie C,Gleb Savchenko,Singer/Rapper,,England,47,30,Eliminated Week 5,11,1,5.0,False,True,4,27.0,6.75
Matt James,Lindsay Arnold,Athlete,North Carolina,United States,29,30,Eliminated Week 4,12,1,4.0,False,True,4,24.0,6.0
Brian Austin Green,Sharna Burgess,Actor/Actress,California,United States,48,30,Eliminated Week 4,13,1,4.0,False,True,4,24.0,6.0
Christine Chiu,Pasha Pashkov,TV Personality,,Taiwan China,38,30,Eliminated Week 3,14,1,3.0,False,True,4,25.0,6.25
Martin Kove,Britt Stewart,Actor/Actress,New York,United States,75,30,Eliminated Week 2,15,1,2.0,False,True,4,13.0,3.25
Iman Shumpert,Daniella Karagach,Athlete,Illinois,United States,31,30,1st Place,1,2,,False,True,4,25.0,6.25
JoJo Siwa,Jenna Johnson,Social Media Personality,Nebraska,United States,18,30,2nd Place,2,2,,False,True,4,31.0,7.75
Cody Rigsby,Cheryl Burke,Fitness Instructor,California,United States,34,30,3rd Place,3,2,,False,True,4,24.0,6.0
Amanda Kloots,Alan Bersten,TV Personality,Ohio,United States,39,30,4th Place,4,2,,False,True,4,32.0,8.0
Suni Lee,Sasha Farber,Athlete,Minnesota,United States,18,30,Eliminated Week 9,5,2,9.0,False,True,4,28.0,7.0
Melora Hardin,Artem Chigvintsev,Actor/Actress,Texas,United States,54,30,Eliminated Week 9,6,2,9.0,False,True,4,27.0,6.75
Jimmie Allen,Emma Slater,Singer/Rapper,Delaware,United States,36,30,Eliminated Week 8,7,2,8.0,False,True,4,27.0,6.75
Olivia Jade,Valentin Chmerkovskiy,Social Media Personality,California,United States,21,30,Eliminated Week 8,8,2,8.0,False,True,4,27.0,6.75
"Mike ""The Miz"" Mizanin",Witney Carson,Athlete,Ohio,United States,40,30,Eliminated Week 7,9,2,7.0,False,True,4,26.0,6.5
Kenya Moore,Brandon Armstrong,TV Personality,Michigan,United States,50,30,Eliminated Week 6,10,2,6.0,False,True,4,24.0,6.0
Melanie C,Gleb Savchenko,Singer/Rapper,,England,47,30,Eliminated Week 5,11,2,5.0,False,True,4,30.0,7.5
Matt James,Lindsay Arnold,Athlete,North Carolina,United States,29,30,Eliminated Week 4,12,2,4.0,False,True,4,22.0,5.5
Brian Austin Green,Sharna Burgess,Actor/Actress,California,United States,48,30,Eliminated Week 4,13,2,4.0,False,True,4,23.0,5.75
Christine Chiu,Pasha Pashkov,TV Personality,,Taiwan China,38,30,Eliminated Week 3,14,2,3.0,False,True,4,24.0,6.0
Martin Kove,Britt Stewart,Actor/Actress,New York,United States,75,30,Eliminated Week 2,15,2,2.0,True,True,4,15.0,3.75
Iman Shumpert,Daniella Karagach,Athlete,Illinois,United States,31,30,1st Place,1,3,,False,True,3,19.0,6.333333333333333
JoJo Siwa,Jenna Johnson,Social Media Personality,Nebraska,United States,18,30,2nd Place,2,3,,False,True,3,24.0,8.0
Cody Rigsby,Cheryl Burke,Fitness Instructor,California,United States,34,30,3rd Place,3,3,,False,True,3,18.0,6.0
Amanda Kloots,Alan Bersten,TV Personality,Ohio,United States,39,30,4th Place,4,3,,False,True,3,24.0,8.0
Suni Lee,Sasha Farber,Athlete,Minnesota,United States,18,30,Eliminated Week 9,5,3,9.0,False,True,3,21.0,7.0
Melora Hardin,Artem Chigvintsev,Actor/Actress,Texas,United States,54,30,Eliminated Week 9,6,3,9.0,False,True,3,23.0,7.666666666666667
Jimmie Allen,Emma Slater,Singer/Rapper,Delaware,United States,36,30,Eliminated Week 8,7,3,8.0,False,True,3,20.0,6.666666666666667
Olivia Jade,Valentin Chmerkovskiy,Social Media Personality,California,United States,21,30,Eliminated Week 8,8,3,8.0,False,True,3,24.0,8.0
"Mike ""The Miz"" Mizanin",Witney Carson,Athlete,Ohio,United States,40,30,Eliminated Week 7,9,3,7.0,False,True,3,22.0,7.333333333333333
Kenya Moore,Brandon Armstrong,TV Personality,Michigan,United States,50,30,Eliminated Week 6,10,3,6.0,False,True,3,21.0,7.0
Melanie C,Gleb Savchenko,Singer/Rapper,,England,47,30,Eliminated Week 5,11,3,5.0,False,True,3,22.0,7.333333333333333
Matt James,Lindsay Arnold,Athlete,North Carolina,United States,29,30,Eliminated Week 4,12,3,4.0,False,True,3,20.0,6.666666666666667
Brian Austin Green,Sharna Burgess,Actor/Actress,California,United States,48,30,Eliminated Week 4,13,3,4.0,False,True,3,19.0,6.333333333333333
Christine Chiu,Pasha Pashkov,TV Personality,,Taiwan China,38,30,Eliminated Week 3,14,3,3.0,True,True,3,21.0,7.0
Martin Kove,Britt Stewart,Actor/Actress,New York,United States,75,30,Eliminated Week 2,15,3,2.0,False,False,3,0.0,0.0
Iman Shumpert,Daniella Karagach,Athlete,Illinois,United States,31,30,1st Place,1,4,,False,True,4,31.5,7.875
JoJo Siwa,Jenna Johnson,Social Media Personality,Nebraska,United States,18,30,2nd Place,2,4,,False,True,4,35.0,8.75
Cody Rigsby,Cheryl Burke,Fitness Instructor,California,United States,34,30,3rd Place,3,4,,False,True,4,29.0,7.25
Amanda Kloots,Alan Bersten,TV Personality,Ohio,United States,39,30,4th Place,4,4,,False,True,4,34.0,8.5
Suni Lee,Sasha Farber,Athlete,Minnesota,United States,18,30,Eliminated Week 9,5,4,9.0,False,True,4,34.0,8.5
Melora Hardin,Artem Chigvintsev,Actor/Actress,Texas,United States,54,30,Eliminated Week 9,6,4,9.0,False,True,4,36.5,9.125
Jimmie Allen,Emma Slater,Singer/Rapper,Delaware,United States,36,30,Eliminated Week 8,7,4,8.0,False,True,4,32.5,8.125
Olivia Jade,Valentin Chmerkovskiy,Social Media Personality,California,United States,21,30,Eliminated Week 8,8,4,8.0,False,True,4,35.0,8.75
"Mike ""The Miz"" Mizanin",Witney Carson,Athlete,Ohio,United States,40,30,Eliminated Week 7,9,4,7.0,False,True,4,32.5,8.125
Kenya Moore,Brandon Armstrong,TV Personality,Michigan,United States,50,30,Eliminated Week 6,10,4,6.0,False,True,4,29.5,7.375
Melanie C,Gleb Savchenko,Singer/Rapper,,England,47,30,Eliminated Week 5,11,4,5.0,False,True,4,33.0,8.25
Matt James,Lindsay Arnold,Athlete,North Carolina,United States,29,30,Eliminated Week 4,12,4,4.0,True,True,4,28.5,7.125
Brian Austin Green,Sharna Burgess,Actor/Actress,California,United States,48,30,Eliminated Week 4,13,4,4.0,True,True,4,26.0,6.5
Christine Chiu,Pasha Pashkov,TV Personality,,Taiwan China,38,30,Eliminated Week 3,14,4,3.0,False,False,4,0.0,0.0
Martin Kove,Britt Stewart,Actor/Actress,New York,United States,75,30,Eliminated Week 2,15,4,2.0,False,False,4,0.0,0.0
Iman Shumpert,Daniella Karagach,Athlete,Illinois,United States,31,30,1st Place,1,5,,False,True,4,28.0,7.0
JoJo Siwa,Jenna Johnson,Social Media Personality,Nebraska,United States,18,30,2nd Place,2,5,,False,True,4,40.0,10.0
Cody Rigsby,Cheryl Burke,Fitness Instructor,California,United States,34,30,3rd Place,3,5,,False,True,4,32.0,8.0
Amanda Kloots,Alan Bersten,TV Personality,Ohio,United States,39,30,4th Place,4,5,,False,True,4,39.0,9.75
Suni Lee,Sasha Farber,Athlete,Minnesota,United States,18,30,Eliminated Week 9,5,5,9.0,False,True,4,36.0,9.0
Melora Hardin,Artem Chigvintsev,Actor/Actress,Texas,United States,54,30,Eliminated Week 9,6,5,9.0,False,True,4,36.0,9.0
Jimmie Allen,Emma Slater,Singer/Rapper,Delaware,United States,36,30,Eliminated Week 8,7,5,8.0,False,True,4,34.0,8.5
Olivia Jade,Valentin Chmerkovskiy,Social Media Personality,California,United States,21,30,Eliminated Week 8,8,5,8.0,False,True,4,36.0,9.0
"Mike ""The Miz"" Mizanin",Witney Carson,Athlete,Ohio,United States,40,30,Eliminated Week 7,9,5,7.0,False,True,4,32.0,8.0
Kenya Moore,Brandon Armstrong,TV Personality,Michigan,United States,50,30,Eliminated Week 6,10,5,6.0,False,True,4,36.0,9.0
Melanie C,Gleb Savchenko,Singer/Rapper,,England,47,30,Eliminated Week 5,11,5,5.0,True,True,4,36.0,9.0
Matt James,Lindsay Arnold,Athlete,North Carolina,United States,29,30,Eliminated Week 4,12,5,4.0,False,False,4,0.0,0.0
Brian Austin Green,Sharna Burgess,Actor/Actress,California,United States,48,30,Eliminated Week 4,13,5,4.0,False,False,4,0.0,0.0
Christine Chiu,Pasha Pashkov,TV Personality,,Taiwan China,38,30,Eliminated Week 3,14,5,3.0,False,False,4,0.0,0.0
Martin Kove,Britt Stewart,Actor/Actress,New York,United States,75,30,Eliminated Week 2,15,5,2.0,False,False,4,0.0,0.0
Iman Shumpert,Daniella Karagach,Athlete,Illinois,United States,31,30,1st Place,1,6,,False,True,4,40.0,10.0
JoJo Siwa,Jenna Johnson,Social Media Personality,Nebraska,United States,18,30,2nd Place,2,6,,False,True,4,40.0,10.0
Cody Rigsby,Cheryl Burke,Fitness Instructor,California,United States,34,30,3rd Place,3,6,,False,True,4,36.0,9.0
Amanda Kloots,Alan Bersten,TV Personality,Ohio,United States,39,30,4th Place,4,6,,False,True,4,38.0,9.5
Suni Lee,Sasha Farber,Athlete,Minnesota,United States,18,30,Eliminated Week 9,5,6,9.0,False,True,4,36.0,9.0
Melora Hardin,Artem Chigvintsev,Actor/Actress,Texas,United States,54,30,Eliminated Week 9,6,6,9.0,False,True,4,34.0,8.5
Jimmie Allen,Emma Slater,Singer/Rapper,Delaware,United States,36,30,Eliminated Week 8,7,6,8.0,False,True,4,38.0,9.5
Olivia Jade,Valentin Chmerkovskiy,Social Media Personality,California,United States,21,30,Eliminated Week 8,8,6,8.0,False,True,4,36.0,9.0
"Mike ""The Miz"" Mizanin",Witney Carson,Athlete,Ohio,United States,40,30,Eliminated Week 7,9,6,7.0,False,True,4,34.0,8.5
Kenya Moore,Brandon Armstrong,TV Personality,Michigan,United States,50,30,Eliminated Week 6,10,6,6.0,True,True,4,32.0,8.0
Melanie C,Gleb Savchenko,Singer/Rapper,,England,47,30,Eliminated Week 5,11,6,5.0,False,False,4,0.0,0.0
Matt James,Lindsay Arnold,Athlete,North Carolina,United States,29,30,Eliminated Week 4,12,6,4.0,False,False,4,0.0,0.0
Brian Austin Green,Sharna Burgess,Actor/Actress,California,United States,48,30,Eliminated Week 4,13,6,4.0,False,False,4,0.0,0.0
Christine Chiu,Pasha Pashkov,TV Personality,,Taiwan China,38,30,Eliminated Week 3,14,6,3.0,False,False,4,0.0,0.0
Martin Kove,Britt Stewart,Actor/Actress,New York,United States,75,30,Eliminated Week 2,15,6,2.0,False,False,4,0.0,0.0
Iman Shumpert,Daniella Karagach,Athlete,Illinois,United States,31,30,1st Place,1,7,,False,True,4,34.0,8.5
JoJo Siwa,Jenna Johnson,Social Media Personality,Nebraska,United States,18,30,2nd Place,2,7,,False,True,4,39.0,9.75
Cody Rigsby,Cheryl Burke,Fitness Instructor,California,United States,34,30,3rd Place,3,7,,False,True,4,36.0,9.0
Amanda Kloots,Alan Bersten,TV Personality,Ohio,United States,39,30,4th Place,4,7,,False,True,4,34.0,8.5
Suni Lee,Sasha Farber,Athlete,Minnesota,United States,18,30,Eliminated Week 9,5,7,9.0,False,True,4,34.0,8.5
Melora Hardin,Artem Chigvintsev,Actor/Actress,Texas,United States,54,30,Eliminated Week 9,6,7,9.0,False,True,4,38.0,9.5
Jimmie Allen,Emma Slater,Singer/Rapper,Delaware,United States,36,30,Eliminated Week 8,7,7,8.0,False,True,4,38.0,9.5
Olivia Jade,Valentin Chmerkovskiy,Social Media Personality,California,United States,21,30,Eliminated Week 8,8,7,8.0,False,True,4,42.0,10.5
"Mike ""The Miz"" Mizanin",Witney Carson,Athlete,Ohio,United States,40,30,Eliminated Week 7,9,7,7.0,True,True,4,32.0,8.0
Kenya Moore,Brandon Armstrong,TV Personality,Michigan,United States,50,30,Eliminated Week 6,10,7,6.0,False,False,4,0.0,0.0
Melanie C,Gleb Savchenko,Singer/Rapper,,England,47,30,Eliminated Week 5,11,7,5.0,False,False,4,0.0,0.0
Matt James,Lindsay Arnold,Athlete,North Carolina,United States,29,30,Eliminated Week 4,12,7,4.0,False,False,4,0.0,0.0
Brian Austin Green,Sharna Burgess,Actor/Actress,California,United States,48,30,Eliminated Week 4,13,7,4.0,False,False,4,0.0,0.0
Christine Chiu,Pasha Pashkov,TV Personality,,Taiwan China,38,30,Eliminated Week 3,14,7,3.0,False,False,4,0.0,0.0
Martin Kove,Britt Stewart,Actor/Actress,New York,United States,75,30,Eliminated Week 2,15,7,2.0,False,False,4,0.0,0.0
Iman Shumpert,Daniella Karagach,Athlete,Illinois,United States,31,30,1st Place,1,8,,False,True,4,35.0,8.75
JoJo Siwa,Jenna Johnson,Social Media Personality,Nebraska,United States,18,30,2nd Place,2,8,,False,True,4,41.0,10.25
Cody Rigsby,Cheryl Burke,Fitness Instructor,California,United States,34,30,3rd Place,3,8,,False,True,4,38.0,9.5
Amanda Kloots,Alan Bersten,TV Personality,Ohio,United States,39,30,4th Place,4,8,,False,True,4,42.0,10.5
Suni Lee,Sasha Farber,Athlete,Minnesota,United States,18,30,Eliminated Week 9,5,8,9.0,False,True,4,42.0,10.5
Melora Hardin,Artem Chigvintsev,Actor/Actress,Texas,United States,54,30,Eliminated Week 9,6,8,9.0,False,True,4,42.0,10.5
Jimmie Allen,Emma Slater,Singer/Rapper,Delaware,United States,36,30,Eliminated Week 8,7,8,8.0,True,True,4,32.0,8.0
Olivia Jade,Valentin Chmerkovskiy,Social Media Personality,California,United States,21,30,Eliminated Week 8,8,8,8.0,True,True,4,36.0,9.0
"Mike ""The Miz"" Mizanin",Witney Carson,Athlete,Ohio,United States,40,30,Eliminated Week 7,9,8,7.0,False,False,4,0.0,0.0
Kenya Moore,Brandon Armstrong,TV Personality,Michigan,United States,50,30,Eliminated Week 6,10,8,6.0,False,False,4,0.0,0.0
Melanie C,Gleb Savchenko,Singer/Rapper,,England,47,30,Eliminated Week 5,11,8,5.0,False,False,4,0.0,0.0
Matt James,Lindsay Arnold,Athlete,North Carolina,United States,29,30,Eliminated Week 4,12,8,4.0,False,False,4,0.0,0.0
Brian Austin Green,Sharna Burgess,Actor/Actress,California,United States,48,30,Eliminated Week 4,13,8,4.0,False,False,4,0.0,0.0
Christine Chiu,Pasha Pashkov,TV Personality,,Taiwan China,38,30,Eliminated Week 3,14,8,3.0,False,False,4,0.0,0.0
Martin Kove,Britt Stewart,Actor/Actress,New York,United States,75,30,Eliminated Week 2,15,8,2.0,False,False,4,0.0,0.0
Iman Shumpert,Daniella Karagach,Athlete,Illinois,United States,31,30,1st Place,1,9,,False,True,4,37.5,9.375
JoJo Siwa,Jenna Johnson,Social Media Personality,Nebraska,United States,18,30,2nd Place,2,9,,False,True,4,40.0,10.0
Cody Rigsby,Cheryl Burke,Fitness Instructor,California,United States,34,30,3rd Place,3,9,,False,True,4,35.5,8.875
Amanda Kloots,Alan Bersten,TV Personality,Ohio,United States,39,30,4th Place,4,9,,False,True,4,39.5,9.875
Suni Lee,Sasha Farber,Athlete,Minnesota,United States,18,30,Eliminated Week 9,5,9,9.0,True,True,4,37.5,9.375
Melora Hardin,Artem Chigvintsev,Actor/Actress,Texas,United States,54,30,Eliminated Week 9,6,9,9.0,True,True,4,36.0,9.0
Jimmie Allen,Emma Slater,Singer/Rapper,Delaware,United States,36,30,Eliminated Week 8,7,9,8.0,False,False,4,0.0,0.0
Olivia Jade,Valentin Chmerkovskiy,Social Media Personality,California,United States,21,30,Eliminated Week 8,8,9,8.0,False,False,4,0.0,0.0
"Mike ""The Miz"" Mizanin",Witney Carson,Athlete,Ohio,United States,40,30,Eliminated Week 7,9,9,7.0,False,False,4,0.0,0.0
Kenya Moore,Brandon Armstrong,TV Personality,Michigan,United States,50,30,Eliminated Week 6,10,9,6.0,False,False,4,0.0,0.0
Melanie C,Gleb Savchenko,Singer/Rapper,,England,47,30,Eliminated Week 5,11,9,5.0,False,False,4,0.0,0.0
Matt James,Lindsay Arnold,Athlete,North Carolina,United States,29,30,Eliminated Week 4,12,9,4.0,False,False,4,0.0,0.0
Brian Austin Green,Sharna Burgess,Actor/Actress,California,United States,48,30,Eliminated Week 4,13,9,4.0,False,False,4,0.0,0.0
Christine Chiu,Pasha Pashkov,TV Personality,,Taiwan China,38,30,Eliminated Week 3,14,9,3.0,False,False,4,0.0,0.0
Martin Kove,Britt Stewart,Actor/Actress,New York,United States,75,30,Eliminated Week 2,15,9,2.0,False,False,4,0.0,0.0
Iman Shumpert,Daniella Karagach,Athlete,Illinois,United States,31,30,1st Place,1,10,,False,True,4,40.0,10.0
JoJo Siwa,Jenna Johnson,Social Media Personality,Nebraska,United States,18,30,2nd Place,2,10,,False,True,4,40.0,10.0
Cody Rigsby,Cheryl Burke,Fitness Instructor,California,United States,34,30,3rd Place,3,10,,False,True,4,38.0,9.5
Amanda Kloots,Alan Bersten,TV Personality,Ohio,United States,39,30,4th Place,4,10,,False,True,4,39.0,9.75
Suni Lee,Sasha Farber,Athlete,Minnesota,United States,18,30,Eliminated Week 9,5,10,9.0,False,False,4,0.0,0.0
Melora Hardin,Artem Chigvintsev,Actor/Actress,Texas,United States,54,30,Eliminated Week 9,6,10,9.0,False,False,4,0.0,0.0
Jimmie Allen,Emma Slater,Singer/Rapper,Delaware,United States,36,30,Eliminated Week 8,7,10,8.0,False,False,4,0.0,0.0
Olivia Jade,Valentin Chmerkovskiy,Social Media Personality,California,United States,21,30,Eliminated Week 8,8,10,8.0,False,False,4,0.0,0.0
"Mike ""The Miz"" Mizanin",Witney Carson,Athlete,Ohio,United States,40,30,Eliminated Week 7,9,10,7.0,False,False,4,0.0,0.0
Kenya Moore,Brandon Armstrong,TV Personality,Michigan,United States,50,30,Eliminated Week 6,10,10,6.0,False,False,4,0.0,0.0
Melanie C,Gleb Savchenko,Singer/Rapper,,England,47,30,Eliminated Week 5,11,10,5.0,False,False,4,0.0,0.0
Matt James,Lindsay Arnold,Athlete,North Carolina,United States,29,30,Eliminated Week 4,12,10,4.0,False,False,4,0.0,0.0
Brian Austin Green,Sharna Burgess,Actor/Actress,California,United States,48,30,Eliminated Week 4,13,10,4.0,False,False,4,0.0,0.0
Christine Chiu,Pasha Pashkov,TV Personality,,Taiwan China,38,30,Eliminated Week 3,14,10,3.0,False,False,4,0.0,0.0
Martin Kove,Britt Stewart,Actor/Actress,New York,United States,75,30,Eliminated Week 2,15,10,2.0,False,False,4,0.0,0.0
Charli D'Amelio,Mark Ballas,Social Media Personality,Connecticut,United States,18,31,1st Place,1,1,,False,True,4,32.0,8.0
Gabby Windey,Valentin Chmerkovskiy,TV Personality,Illinois,United States,31,31,2nd Place,2,1,,False,True,4,28.0,7.0
Wayne Brady,Witney Carson,Comedian,Georgia,United States,50,31,3rd Place,3,1,,False,True,4,29.0,7.25
Shangela,Gleb Savchenko,TV Personality,Texas,United States,40,31,4th Place,4,1,,False,True,4,28.0,7.0
Daniel Durant,Britt Stewart,Actor/Actress,Michigan,United States,32,31,Eliminated Week 9,5,1,9.0,False,True,4,27.0,6.75
Trevor Donovan,Emma Slater,Actor/Actress,California,United States,39,31,Eliminated Week 9,6,1,9.0,False,True,4,21.0,5.25
Vinny Guadagnino,Koko Iwasaki,TV Personality,New York,United States,34,31,Eliminated Week 8,7,1,8.0,False,True,4,17.0,4.25
Heidi D'Amelio,Artem Chigvintsev,Social Media Personality,Louisiana,United States,50,31,Eliminated Week 8,8,1,8.0,False,True,4,24.0,6.0
Jordin Sparks,Brandon Armstrong,Singer/Rapper,Arizona,United States,32,31,Eliminated Week 7,9,1,7.0,False,True,4,26.0,6.5
Jessie James Decker,Alan Bersten,Singer/Rapper,,Italy,34,31,Eliminated Week 6,10,1,6.0,False,True,4,20.0,5.0
Joseph Baena,Daniella Karagach,Actor/Actress,California,United States,24,31,Eliminated Week 5,11,1,5.0,False,True,4,23.0,5.75
Selma Blair,Sasha Farber,Actor/Actress,Michigan,United States,50,31,Withdrew,12,1,,False,True,4,28.0,7.0
Sam Champion,Cheryl Burke,News Anchor,Kentucky,United States,61,31,Eliminated Week 4,13,1,4.0,False,True,4,20.0,5.0
Cheryl Ladd,Louis van Amstel,Actor/Actress,South Dakota,United States,71,31,Eliminated Week 3,14,1,3.0,False,True,4,21.0,5.25
Teresa Giudice,Pasha Pashkov,TV Personality,New Jersey,United States,50,31,Eliminated Week 2,15,1,2.0,False,True,4,20.0,5.0
Jason Lewis,Peta Murgatroyd,Actor/Actress,California,United States,51,31,Eliminated Week 1,16,1,1.0,True,True,4,18.0,4.5
Charli D'Amelio,Mark Ballas,Social Media Personality,Connecticut,United States,18,31,1st Place,1,2,,False,True,4,32.0,8.0
Gabby Windey,Valentin Chmerkovskiy,TV Personality,Illinois,United States,31,31,2nd Place,2,2,,False,True,4,32.0,8.0
Wayne Brady,Witney Carson,Comedian,Georgia,United States,50,31,3rd Place,3,2,,False,True,4,32.0,8.0
Shangela,Gleb Savchenko,TV Personality,Texas,United States,40,31,4th Place,4,2,,False,True,4,28.0,7.0
Daniel Durant,Britt Stewart,Actor/Actress,Michigan,United States,32,31,Eliminated Week 9,5,2,9.0,False,True,4,29.0,7.25
Trevor Donovan,Emma Slater,Actor/Actress,California,United States,39,31,Eliminated Week 9,6,2,9.0,False,True,4,30.0,7.5
Vinny Guadagnino,Koko Iwasaki,TV Personality,New York,United States,34,31,Eliminated Week 8,7,2,8.0,False,True,4,27.0,6.75
Heidi D'Amelio,Artem Chigvintsev,Social Media Personality,Louisiana,United States,50,31,Eliminated Week 8,8,2,8.0,False,True,4,28.0,7.0
Jordin Sparks,Brandon Armstrong,Singer/Rapper,Arizona,United States,32,31,Eliminated Week 7,9,2,7.0,False,True,4,27.0,6.75
Jessie James Decker,Alan Bersten,Singer/Rapper,,Italy,34,31,Eliminated Week 6,10,2,6.0,False,True,4,25.0,6.25
Joseph Baena,Daniella Karagach,Actor/Actress,California,United States,24,31,Eliminated Week 5,11,2,5.0,False,True,4,24.0,6.0
Selma Blair,Sasha Farber,Actor/Actress,Michigan,United States,50,31,Withdrew,12,2,,False,True,4,28.0,7.0
Sam Champion,Cheryl Burke,News Anchor,Kentucky,United States,61,31,Eliminated Week 4,13,2,4.0,False,True,4,26.0,6.5
Cheryl Ladd,Louis van Amstel,Actor/Actress,South Dakota,United States,71,31,Eliminated Week 3,14,2,3.0,False,True,4,21.0,5.25
Teresa Giudice,Pasha Pashkov,TV Personality,New Jersey,United States,50,31,Eliminated Week 2,15,2,2.0,True,True,4,23.0,5.75
Jason Lewis,Peta Murgatroyd,Actor/Actress,California,United States,51,31,Eliminated Week 1,16,2,1.0,False,False,4,0.0,0.0
Charli D'Amelio,Mark Ballas,Social Media Personality,Connecticut,United States,18,31,1st Place,1,3,,False,True,4,33.0,8.25
Gabby Windey,Valentin Chmerkovskiy,TV Personality,Illinois,United States,31,31,2nd Place,2,3,,False,True,4,33.0,8.25
Wayne Brady,Witney Carson,Comedian,Georgia,United States,50,31,3rd Place,3,3,,False,True,4,33.0,8.25
Shangela,Gleb Savchenko,TV Personality,Texas,United States,40,31,4th Place,4,3,,False,True,4,30.0,7.5
Daniel Durant,Britt Stewart,Actor/Actress,Michigan,United States,32,31,Eliminated Week 9,5,3,9.0,False,True,4,31.0,7.75
Trevor Donovan,Emma Slater,Actor/Actress,California,United States,39,31,Eliminated Week 9,6,3,9.0,False,True,4,27.0,6.75
Vinny Guadagnino,Koko Iwasaki,TV Personality,New York,United States,34,31,Eliminated Week 8,7,3,8.0,False,True,4,23.0,5.75
Heidi D'Amelio,Artem Chigvintsev,Social Media Personality,Louisiana,United States,50,31,Eliminated Week 8,8,3,8.0,False,True,4,32.0,8.0
Jordin Sparks,Brandon Armstrong,Singer/Rapper,Arizona,United States,32,31,Eliminated Week 7,9,3,7.0,False,True,4,29.0,7.25
Jessie James Decker,Alan Bersten,Singer/Rapper,,Italy,34,31,Eliminated Week 6,10,3,6.0,False,True,4,26.0,6.5
Joseph Baena,Daniella Karagach,Actor/Actress,California,United States,24,31,Eliminated Week 5,11,3,5.0,False,True,4,29.0,7.25
Selma Blair,Sasha Farber,Actor/Actress,Michigan,United States,50,31,Withdrew,12,3,,False,True,4,28.0,7.0
Sam Champion,Cheryl Burke,News Anchor,Kentucky,United States,61,31,Eliminated Week 4,13,3,4.0,False,True,4,25.0,6.25
Cheryl Ladd,Louis van Amstel,Actor/Actress,South Dakota,United States,71,31,Eliminated Week 3,14,3,3.0,True,True,4,24.0,6.0
Teresa Giudice,Pasha Pashkov,TV Personality,New Jersey,United States,50,31,Eliminated Week 2,15,3,2.0,False,False,4,0.0,0.0
Jason Lewis,Peta Murgatroyd,Actor/Actress,California,United States,51,31,Eliminated Week 1,16,3,1.0,False,False,4,0.0,0.0
Charli D'Amelio,Mark Ballas,Social Media Personality,Connecticut,United States,18,31,1st Place,1,4,,False,True,4,36.0,9.0
Gabby Windey,Valentin Chmerkovskiy,TV Personality,Illinois,United States,31,31,2nd Place,2,4,,False,True,4,36.0,9.0
Wayne Brady,Witney Carson,Comedian,Georgia,United States,50,31,3rd Place,3,4,,False,True,4,36.0,9.0
Shangela,Gleb Savchenko,TV Personality,Texas,United States,40,31,4th Place,4,4,,False,True,4,32.0,8.0
Daniel Durant,Britt Stewart,Actor/Actress,Michigan,United States,32,31,Eliminated Week 9,5,4,9.0,False,True,4,29.0,7.25
Trevor Donovan,Emma Slater,Actor/Actress,California,United States,39,31,Eliminated Week 9,6,4,9.0,False,True,4,28.0,7.0
Vinny Guadagnino,Koko Iwasaki,TV Personality,New York,United States,34,31,Eliminated Week 8,7,4,8.0,False,True,4,29.0,7.25
Heidi D'Amelio,Artem Chigvintsev,Social Media Personality,Louisiana,United States,50,31,Eliminated Week 8,8,4,8.0,False,True,4,34.0,8.5
Jordin Sparks,Brandon Armstrong,Singer/Rapper,Arizona,United States,32,31,Eliminated Week 7,9,4,7.0,False,True,4,34.0,8.5
Jessie James Decker,Alan Bersten,Singer/Rapper,,Italy,34,31,Eliminated Week 6,10,4,6.0,False,True,4,31.0,7.75
Joseph Baena,Daniella Karagach,Actor/Actress,California,United States,24,31,Eliminated Week 5,11,4,5.0,False,True,4,28.0,7.0
Selma Blair,Sasha Farber,Actor/Actress,Michigan,United States,50,31,Withdrew,12,4,,False,True,4,32.0,8.0
Sam Champion,Cheryl Burke,News Anchor,Kentucky,United States,61,31,Eliminated Week 4,13,4,4.0,True,True,4,25.0,6.25
Cheryl Ladd,Louis van Amstel,Actor/Actress,South Dakota,United States,71,31,Eliminated Week 3,14,4,3.0,False,False,4,0.0,0.0
Teresa Giudice,Pasha Pashkov,TV Personality,New Jersey,United States,50,31,Eliminated Week 2,15,4,2.0,False,False,4,0.0,0.0
Jason Lewis,Peta Murgatroyd,Actor/Actress,California,United States,51,31,Eliminated Week 1,16,4,1.0,False,False,4,0.0,0.0
Charli D'Amelio,Mark Ballas,Social Media Personality,Connecticut,United States,18,31,1st Place,1,5,,False,True,4,42.0,10.5
Gabby Windey,Valentin Chmerkovskiy,TV Personality,Illinois,United States,31,31,2nd Place,2,5,,False,True,4,41.0,10.25
Wayne Brady,Witney Carson,Comedian,Georgia,United States,50,31,3rd Place,3,5,,False,True,4,41.0,10.25
Shangela,Gleb Savchenko,TV Personality,Texas,United States,40,31,4th Place,4,5,,False,True,4,38.5,9.625
Daniel Durant,Britt Stewart,Actor/Actress,Michigan,United States,32,31,Eliminated Week 9,5,5,9.0,False,True,4,33.5,8.375
Trevor Donovan,Emma Slater,Actor/Actress,California,United States,39,31,Eliminated Week 9,6,5,9.0,False,True,4,36.0,9.0
Vinny Guadagnino,Koko Iwasaki,TV Personality,New York,United States,34,31,Eliminated Week 8,7,5,8.0,False,True,4,31.0,7.75
Heidi D'Amelio,Artem Chigvintsev,Social Media Personality,Louisiana,United States,50,31,Eliminated Week 8,8,5,8.0,False,True,4,39.0,9.75
Jordin Sparks,Brandon Armstrong,Singer/Rapper,Arizona,United States,32,31,Eliminated Week 7,9,5,7.0,False,True,4,35.5,8.875
Jessie James Decker,Alan Bersten,Singer/Rapper,,Italy,34,31,Eliminated Week 6,10,5,6.0,False,True,4,36.0,9.0
Joseph Baena,Daniella Karagach,Actor/Actress,California,United States,24,31,Eliminated Week 5,11,5,5.0,True,True,4,35.0,8.75
Selma Blair,Sasha Farber,Actor/Actress,Michigan,United States,50,31,Withdrew,12,5,,False,True,4,40.0,10.0
Sam Champion,Cheryl Burke,News Anchor,Kentucky,United States,61,31,Eliminated Week 4,13,5,4.0,False,False,4,0.0,0.0
Cheryl Ladd,Louis van Amstel,Actor/Actress,South Dakota,United States,71,31,Eliminated Week 3,14,5,3.0,False,False,4,0.0,0.0
Teresa Giudice,Pasha Pashkov,TV Personality,New Jersey,United States,50,31,Eliminated Week 2,15,5,2.0,False,False,4,0.0,0.0
Jason Lewis,Peta Murgatroyd,Actor/Actress,California,United States,51,31,Eliminated Week 1,16,5,1.0,False,False,4,0.0,0.0
Charli D'Amelio,Mark Ballas,Social Media Personality,Connecticut,United States,18,31,1st Place,1,6,,False,True,4,40.0,10.0
Gabby Windey,Valentin Chmerkovskiy,TV Personality,Illinois,United States,31,31,2nd Place,2,6,,False,True,4,37.0,9.25
Wayne Brady,Witney Carson,Comedian,Georgia,United States,50,31,3rd Place,3,6,,False,True,4,34.0,8.5
Shangela,Gleb Savchenko,TV Personality,Texas,United States,40,31,4th Place,4,6,,False,True,4,36.0,9.0
Daniel Durant,Britt Stewart,Actor/Actress,Michigan,United States,32,31,Eliminated Week 9,5,6,9.0,False,True,4,34.0,8.5
Trevor Donovan,Emma Slater,Actor/Actress,California,United States,39,31,Eliminated Week 9,6,6,9.0,False,True,4,34.0,8.5
Vinny Guadagnino,Koko Iwasaki,TV Personality,New York,United States,34,31,Eliminated Week 8,7,6,8.0,False,True,4,28.0,7.0
Heidi D'Amelio,Artem Chigvintsev,Social Media Personality,Louisiana,United States,50,31,Eliminated Week 8,8,6,8.0,False,True,4,36.0,9.0
Jordin Sparks,Brandon Armstrong,Singer/Rapper,Arizona,United States,32,31,Eliminated Week 7,9,6,7.0,False,True,4,34.0,8.5
Jessie James Decker,Alan Bersten,Singer/Rapper,,Italy,34,31,Eliminated Week 6,10,6,6.0,True,True,4,32.0,8.0
Joseph Baena,Daniella Karagach,Actor/Actress,California,United States,24,31,Eliminated Week 5,11,6,5.0,False,False,4,0.0,0.0
Selma Blair,Sasha Farber,Actor/Actress,Michigan,United States,50,31,Withdrew,12,6,,False,False,4,0.0,0.0
Sam Champion,Cheryl Burke,News Anchor,Kentucky,United States,61,31,Eliminated Week 4,13,6,4.0,False,False,4,0.0,0.0
Cheryl Ladd,Louis van Amstel,Actor/Actress,South Dakota,United States,71,31,Eliminated Week 3,14,6,3.0,False,False,4,0.0,0.0
Teresa Giudice,Pasha Pashkov,TV Personality,New Jersey,United States,50,31,Eliminated Week 2,15,6,2.0,False,False,4,0.0,0.0
Jason Lewis,Peta Murgatroyd,Actor/Actress,California,United States,51,31,Eliminated Week 1,16,6,1.0,False,False,4,0.0,0.0
Charli D'Amelio,Mark Ballas,Social Media Personality,Connecticut,United States,18,31,1st Place,1,7,,False,True,4,39.0,9.75
Gabby Windey,Valentin Chmerkovskiy,TV Personality,Illinois,United States,31,31,2nd Place,2,7,,False,True,4,35.5,8.875
Wayne Brady,Witney Carson,Comedian,Georgia,United States,50,31,3rd Place,3,7,,False,True,4,38.0,9.5
Shangela,Gleb Savchenko,TV Personality,Texas,United States,40,31,4th Place,4,7,,False,True,4,36.5,9.125
Daniel Durant,Britt Stewart,Actor/Actress,Michigan,United States,32,31,Eliminated Week 9,5,7,9.0,False,True,4,36.5,9.125
Trevor Donovan,Emma Slater,Actor/Actress,California,United States,39,31,Eliminated Week 9,6,7,9.0,False,True,4,39.0,9.75
Vinny Guadagnino,Koko Iwasaki,TV Personality,New York,United States,34,31,Eliminated Week 8,7,7,8.0,False,True,4,31.5,7.875
Heidi D'Amelio,Artem Chigvintsev,Social Media Personality,Louisiana,United States,50,31,Eliminated Week 8,8,7,8.0,False,True,4,35.0,8.75
Jordin Sparks,Brandon Armstrong,Singer/Rapper,Arizona,United States,32,31,Eliminated Week 7,9,7,7.0,True,True,4,34.5,8.625
Jessie James Decker,Alan Bersten,Singer/Rapper,,Italy,34,31,Eliminated Week 6,10,7,6.0,False,False,4,0.0,0.0
Joseph Baena,Daniella Karagach,Actor/Actress,California,United States,24,31,Eliminated Week 5,11,7,5.0,False,False,4,0.0,0.0
Selma Blair,Sasha Farber,Actor/Actress,Michigan,United States,50,31,Withdrew,12,7,,False,False,4,0.0,0.0
Sam Champion,Cheryl Burke,News Anchor,Kentucky,United States,61,31,Eliminated Week 4,13,7,4.0,False,False,4,0.0,0.0
Cheryl Ladd,Louis van Amstel,Actor/Actress,South Dakota,United States,71,31,Eliminated Week 3,14,7,3.0,False,False,4,0.0,0.0
Teresa Giudice,Pasha Pashkov,TV Personality,New Jersey,United States,50,31,Eliminated Week 2,15,7,2.0,False,False,4,0.0,0.0
Jason Lewis,Peta Murgatroyd,Actor/Actress,California,United States,51,31,Eliminated Week 1,16,7,1.0,False,False,4,0.0,0.0
Charli D'Amelio,Mark Ballas,Social Media Personality,Connecticut,United States,18,31,1st Place,1,8,,False,True,4,45.0,11.25
Gabby Windey,Valentin Chmerkovskiy,TV Personality,Illinois,United States,31,31,2nd Place,2,8,,False,True,4,40.0,10.0
Wayne Brady,Witney Carson,Comedian,Georgia,United States,50,31,3rd Place,3,8,,False,True,4,45.0,11.25
Shangela,Gleb Savchenko,TV Personality,Texas,United States,40,31,4th Place,4,8,,False,True,4,42.0,10.5
Daniel Durant,Britt Stewart,Actor/Actress,Michigan,United States,32,31,Eliminated Week 9,5,8,9.0,False,True,4,39.0,9.75
Trevor Donovan,Emma Slater,Actor/Actress,California,United States,39,31,Eliminated Week 9,6,8,9.0,False,True,4,39.0,9.75
Vinny Guadagnino,Koko Iwasaki,TV Personality,New York,United States,34,31,Eliminated Week 8,7,8,8.0,True,True,4,29.0,7.25
Heidi D'Amelio,Artem Chigvintsev,Social Media Personality,Louisiana,United States,50,31,Eliminated Week 8,8,8,8.0,True,True,4,35.0,8.75
Jordin Sparks,Brandon Armstrong,Singer/Rapper,Arizona,United States,32,31,Eliminated Week 7,9,8,7.0,False,False,4,0.0,0.0
Jessie James Decker,Alan Bersten,Singer/Rapper,,Italy,34,31,Eliminated Week 6,10,8,6.0,False,False,4,0.0,0.0
Joseph Baena,Daniella Karagach,Actor/Actress,California,United States,24,31,Eliminated Week 5,11,8,5.0,False,False,4,0.0,0.0
Selma Blair,Sasha Farber,Actor/Actress,Michigan,United States,50,31,Withdrew,12,8,,False,False,4,0.0,0.0
Sam Champion,Cheryl Burke,News Anchor,Kentucky,United States,61,31,Eliminated Week 4,13,8,4.0,False,False,4,0.0,0.0
Cheryl Ladd,Louis van Amstel,Actor/Actress,South Dakota,United States,71,31,Eliminated Week 3,14,8,3.0,False,False,4,0.0,0.0
Teresa Giudice,Pasha Pashkov,TV Personality,New Jersey,United States,50,31,Eliminated Week 2,15,8,2.0,False,False,4,0.0,0.0
Jason Lewis,Peta Murgatroyd,Actor/Actress,California,United States,51,31,Eliminated Week 1,16,8,1.0,False,False,4,0.0,0.0
Charli D'Amelio,Mark Ballas,Social Media Personality,Connecticut,United States,18,31,1st Place,1,9,,False,True,4,40.0,10.0
Gabby Windey,Valentin Chmerkovskiy,TV Personality,Illinois,United States,31,31,2nd Place,2,9,,False,True,4,40.0,10.0
Wayne Brady,Witney Carson,Comedian,Georgia,United States,50,31,3rd Place,3,9,,False,True,4,36.5,9.125
Shangela,Gleb Savchenko,TV Personality,Texas,United States,40,31,4th Place,4,9,,False,True,4,36.5,9.125
Daniel Durant,Britt Stewart,Actor/Actress,Michigan,United States,32,31,Eliminated Week 9,5,9,9.0,True,True,4,34.5,8.625
Trevor Donovan,Emma Slater,Actor/Actress,California,United States,39,31,Eliminated Week 9,6,9,9.0,True,True,4,32.5,8.125
Vinny Guadagnino,Koko Iwasaki,TV Personality,New York,United States,34,31,Eliminated Week 8,7,9,8.0,False,False,4,0.0,0.0
Heidi D'Amelio,Artem Chigvintsev,Social Media Personality,Louisiana,United States,50,31,Eliminated Week 8,8,9,8.0,False,False,4,0.0,0.0
Jordin Sparks,Brandon Armstrong,Singer/Rapper,Arizona,United States,32,31,Eliminated Week 7,9,9,7.0,False,False,4,0.0,0.0
Jessie James Decker,Alan Bersten,Singer/Rapper,,Italy,34,31,Eliminated Week 6,10,9,6.0,False,False,4,0.0,0.0
Joseph Baena,Daniella Karagach,Actor/Actress,California,United States,24,31,Eliminated Week 5,11,9,5.0,False,False,4,0.0,0.0
Selma Blair,Sasha Farber,Actor/Actress,Michigan,United States,50,31,Withdrew,12,9,,False,False,4,0.0,0.0
Sam Champion,Cheryl Burke,News Anchor,Kentucky,United States,61,31,Eliminated Week 4,13,9,4.0,False,False,4,0.0,0.0
Cheryl Ladd,Louis van Amstel,Actor/Actress,South Dakota,United States,71,31,Eliminated Week 3,14,9,3.0,False,False,4,0.0,0.0
Teresa Giudice,Pasha Pashkov,TV Personality,New Jersey,United States,50,31,Eliminated Week 2,15,9,2.0,False,False,4,0.0,0.0
Jason Lewis,Peta Murgatroyd,Actor/Actress,California,United States,51,31,Eliminated Week 1,16,9,1.0,False,False,4,0.0,0.0
Charli D'Amelio,Mark Ballas,Social Media Personality,Connecticut,United States,18,31,1st Place,1,10,,False,True,4,40.0,10.0
Gabby Windey,Valentin Chmerkovskiy,TV Personality,Illinois,United States,31,31,2nd Place,2,10,,False,True,4,40.0,10.0
Wayne Brady,Witney Carson,Comedian,Georgia,United States,50,31,3rd Place,3,10,,False,True,4,38.0,9.5
Shangela,Gleb Savchenko,TV Personality,Texas,United States,40,31,4th Place,4,10,,False,True,4,38.0,9.5
Daniel Durant,Britt Stewart,Actor/Actress,Michigan,United States,32,31,Eliminated Week 9,5,10,9.0,False,False,4,0.0,0.0
Trevor Donovan,Emma Slater,Actor/Actress,California,United States,39,31,Eliminated Week 9,6,10,9.0,False,False,4,0.0,0.0
Vinny Guadagnino,Koko Iwasaki,TV Personality,New York,United States,34,31,Eliminated Week 8,7,10,8.0,False,False,4,0.0,0.0
Heidi D'Amelio,Artem Chigvintsev,Social Media Personality,Louisiana,United States,50,31,Eliminated Week 8,8,10,8.0,False,False,4,0.0,0.0
Jordin Sparks,Brandon Armstrong,Singer/Rapper,Arizona,United States,32,31,Eliminated Week 7,9,10,7.0,False,False,4,0.0,0.0
Jessie James Decker,Alan Bersten,Singer/Rapper,,Italy,34,31,Eliminated Week 6,10,10,6.0,False,False,4,0.0,0.0
Joseph Baena,Daniella Karagach,Actor/Actress,California,United States,24,31,Eliminated Week 5,11,10,5.0,False,False,4,0.0,0.0
Selma Blair,Sasha Farber,Actor/Actress,Michigan,United States,50,31,Withdrew,12,10,,False,False,4,0.0,0.0
Sam Champion,Cheryl Burke,News Anchor,Kentucky,United States,61,31,Eliminated Week 4,13,10,4.0,False,False,4,0.0,0.0
Cheryl Ladd,Louis van Amstel,Actor/Actress,South Dakota,United States,71,31,Eliminated Week 3,14,10,3.0,False,False,4,0.0,0.0
Teresa Giudice,Pasha Pashkov,TV Personality,New Jersey,United States,50,31,Eliminated Week 2,15,10,2.0,False,False,4,0.0,0.0
Jason Lewis,Peta Murgatroyd,Actor/Actress,California,United States,51,31,Eliminated Week 1,16,10,1.0,False,False,4,0.0,0.0
Xochitl Gomez,Valentin Chmerkovskiy,Actor/Actress,California,United States,17,32,1st Place,1,1,,False,True,3,18.0,6.0
Jason Mraz,Daniella Karagach,Singer/Rapper,Virginia,United States,46,32,2nd Place,2,1,,False,True,3,21.0,7.0
Ariana Madix,Pasha Pashkov,TV Personality,Florida,United States,38,32,3rd Place,3,1,,False,True,3,21.0,7.0
Charity Lawson,Artem Chigvintsev,TV Personality,Georgia,United States,27,32,4th Place,4,1,,False,True,3,22.0,7.333333333333333
Alyson Hannigan,Sasha Farber,Actor/Actress,Washington D.C.,United States,49,32,5th Place,5,1,,False,True,3,13.0,4.333333333333333
Harry Jowsey,Rylee Arnold,TV Personality,,Australia,26,32,Eliminated Week 9,6,1,9.0,False,True,3,12.0,4.0
Barry Williams,Peta Murgatroyd,Actor/Actress,California,United States,68,32,Eliminated Week 8,7,1,8.0,False,True,3,16.0,5.333333333333333
Lele Pons,Brandon Armstrong,Social Media Personality,,Venezuela,27,32,Eliminated Week 7,8,1,7.0,False,True,3,19.0,6.333333333333333
Mauricio Umansky,Emma Slater,TV Personality,,Mexico,53,32,Eliminated Week 6,9,1,6.0,False,True,3,15.0,5.0
Mira Sorvino,Gleb Savchenko,Actor/Actress,New York,United States,55,32,Eliminated Week 5,10,1,5.0,False,True,3,17.0,5.666666666666667
Adrian Peterson,Britt Stewart,Athlete,Texas,United States,38,32,Eliminated Week 4,11,1,4.0,False,True,3,18.0,6.0
Tyson Beckford,Jenna Johnson,Model,New York,United States,52,32,Eliminated Week 3,12,1,3.0,False,True,3,12.0,4.0
Jamie Lynn Spears,Alan Bersten,Actor/Actress,Mississippi,United States,32,32,Eliminated Week 2,13,1,2.0,False,True,3,15.0,5.0
Matt Walsh,Koko Iwasaki,Comedian,Illinois,United States,58,32,Eliminated Week 1,14,1,1.0,True,True,3,12.0,4.0
Xochitl Gomez,Valentin Chmerkovskiy,Actor/Actress,California,United States,17,32,1st Place,1,2,,False,True,3,24.0,8.0
Jason Mraz,Daniella Karagach,Singer/Rapper,Virginia,United States,46,32,2nd Place,2,2,,False,True,3,24.0,8.0
Ariana Madix,Pasha Pashkov,TV Personality,Florida,United States,38,32,3rd Place,3,2,,False,True,3,20.0,6.666666666666667
Charity Lawson,Artem Chigvintsev,TV Personality,Georgia,United States,27,32,4th Place,4,2,,False,True,3,21.0,7.0
Alyson Hannigan,Sasha Farber,Actor/Actress,Washington D.C.,United States,49,32,5th Place,5,2,,False,True,3,19.0,6.333333333333333
Harry Jowsey,Rylee Arnold,TV Personality,,Australia,26,32,Eliminated Week 9,6,2,9.0,False,True,3,15.0,5.0
Barry Williams,Peta Murgatroyd,Actor/Actress,California,United States,68,32,Eliminated Week 8,7,2,8.0,False,True,3,15.0,5.0
Lele Pons,Brandon Armstrong,Social Media Personality,,Venezuela,27,32,Eliminated Week 7,8,2,7.0,False,True,3,21.0,7.0
Mauricio Umansky,Emma Slater,TV Personality,,Mexico,53,32,Eliminated Week 6,9,2,6.0,False,True,3,12.0,4.0
Mira Sorvino,Gleb Savchenko,Actor/Actress,New York,United States,55,32,Eliminated Week 5,10,2,5.0,False,True,3,18.0,6.0
Adrian Peterson,Britt Stewart,Athlete,Texas,United States,38,32,Eliminated Week 4,11,2,4.0,False,True,3,15.0,5.0
Tyson Beckford,Jenna Johnson,Model,New York,United States,52,32,Eliminated Week 3,12,2,3.0,False,True,3,18.0,6.0
Jamie Lynn Spears,Alan Bersten,Actor/Actress,Mississippi,United States,32,32,Eliminated Week 2,13,2,2.0,True,True,3,16.0,5.333333333333333
Matt Walsh,Koko Iwasaki,Comedian,Illinois,United States,58,32,Eliminated Week 1,14,2,1.0,False,False,3,0.0,0.0
Xochitl Gomez,Valentin Chmerkovskiy,Actor/Actress,California,United States,17,32,1st Place,1,3,,False,True,4,32.0,8.0
Jason Mraz,Daniella Karagach,Singer/Rapper,Virginia,United States,46,32,2nd Place,2,3,,False,True,4,34.0,8.5
Ariana Madix,Pasha Pashkov,TV Personality,Florida,United States,38,32,3rd Place,3,3,,False,True,4,34.0,8.5
Charity Lawson,Artem Chigvintsev,TV Personality,Georgia,United States,27,32,4th Place,4,3,,False,True,4,32.0,8.0
Alyson Hannigan,Sasha Farber,Actor/Actress,Washington D.C.,United States,49,32,5th Place,5,3,,False,True,4,24.0,6.0
Harry Jowsey,Rylee Arnold,TV Personality,,Australia,26,32,Eliminated Week 9,6,3,9.0,False,True,4,24.0,6.0
Barry Williams,Peta Murgatroyd,Actor/Actress,California,United States,68,32,Eliminated Week 8,7,3,8.0,False,True,4,25.0,6.25
Lele Pons,Brandon Armstrong,Social Media Personality,,Venezuela,27,32,Eliminated Week 7,8,3,7.0,False,True,4,27.0,6.75
Mauricio Umansky,Emma Slater,TV Personality,,Mexico,53,32,Eliminated Week 6,9,3,6.0,False,True,4,23.0,5.75
Mira Sorvino,Gleb Savchenko,Actor/Actress,New York,United States,55,32,Eliminated Week 5,10,3,5.0,False,True,4,26.0,6.5
Adrian Peterson,Britt Stewart,Athlete,Texas,United States,38,32,Eliminated Week 4,11,3,4.0,False,True,4,22.0,5.5
Tyson Beckford,Jenna Johnson,Model,New York,United States,52,32,Eliminated Week 3,12,3,3.0,True,True,4,20.0,5.0
Jamie Lynn Spears,Alan Bersten,Actor/Actress,Mississippi,United States,32,32,Eliminated Week 2,13,3,2.0,False,False,4,0.0,0.0
Matt Walsh,Koko Iwasaki,Comedian,Illinois,United States,58,32,Eliminated Week 1,14,3,1.0,False,False,4,0.0,0.0
Xochitl Gomez,Valentin Chmerkovskiy,Actor/Actress,California,United States,17,32,1st Place,1,4,,False,True,3,27.0,9.0
Jason Mraz,Daniella Karagach,Singer/Rapper,Virginia,United States,46,32,2nd Place,2,4,,False,True,3,24.0,8.0
Ariana Madix,Pasha Pashkov,TV Personality,Florida,United States,38,32,3rd Place,3,4,,False,True,3,25.0,8.333333333333334
Charity Lawson,Artem Chigvintsev,TV Personality,Georgia,United States,27,32,4th Place,4,4,,False,True,3,24.0,8.0
Alyson Hannigan,Sasha Farber,Actor/Actress,Washington D.C.,United States,49,32,5th Place,5,4,,False,True,3,18.0,6.0
Harry Jowsey,Rylee Arnold,TV Personality,,Australia,26,32,Eliminated Week 9,6,4,9.0,False,True,3,21.0,7.0
Barry Williams,Peta Murgatroyd,Actor/Actress,California,United States,68,32,Eliminated Week 8,7,4,8.0,False,True,3,18.0,6.0
Lele Pons,Brandon Armstrong,Social Media Personality,,Venezuela,27,32,Eliminated Week 7,8,4,7.0,False,True,3,22.0,7.333333333333333
Mauricio Umansky,Emma Slater,TV Personality,,Mexico,53,32,Eliminated Week 6,9,4,6.0,False,True,3,19.0,6.333333333333333
Mira Sorvino,Gleb Savchenko,Actor/Actress,New York,United States,55,32,Eliminated Week 5,10,4,5.0,False,True,3,21.0,7.0
Adrian Peterson,Britt Stewart,Athlete,Texas,United States,38,32,Eliminated Week 4,11,4,4.0,True,True,3,21.0,7.0
Tyson Beckford,Jenna Johnson,Model,New York,United States,52,32,Eliminated Week 3,12,4,3.0,False,False,3,0.0,0.0
Jamie Lynn Spears,Alan Bersten,Actor/Actress,Mississippi,United States,32,32,Eliminated Week 2,13,4,2.0,False,False,3,0.0,0.0
Matt Walsh,Koko Iwasaki,Comedian,Illinois,United States,58,32,Eliminated Week 1,14,4,1.0,False,False,3,0.0,0.0
Xochitl Gomez,Valentin Chmerkovskiy,Actor/Actress,California,United States,17,32,1st Place,1,5,,False,True,3,28.0,9.333333333333334
Jason Mraz,Daniella Karagach,Singer/Rapper,Virginia,United States,46,32,2nd Place,2,5,,False,True,3,27.0,9.0
Ariana Madix,Pasha Pashkov,TV Personality,Florida,United States,38,32,3rd Place,3,5,,False,True,3,24.0,8.0
Charity Lawson,Artem Chigvintsev,TV Personality,Georgia,United States,27,32,4th Place,4,5,,False,True,3,28.0,9.333333333333334
Alyson Hannigan,Sasha Farber,Actor/Actress,Washington D.C.,United States,49,32,5th Place,5,5,,False,True,3,21.0,7.0
Harry Jowsey,Rylee Arnold,TV Personality,,Australia,26,32,Eliminated Week 9,6,5,9.0,False,True,3,18.0,6.0
Barry Williams,Peta Murgatroyd,Actor/Actress,California,United States,68,32,Eliminated Week 8,7,5,8.0,False,True,3,24.0,8.0
Lele Pons,Brandon Armstrong,Social Media Personality,,Venezuela,27,32,Eliminated Week 7,8,5,7.0,False,True,3,24.0,8.0
Mauricio Umansky,Emma Slater,TV Personality,,Mexico,53,32,Eliminated Week 6,9,5,6.0,False,True,3,24.0,8.0
Mira Sorvino,Gleb Savchenko,Actor/Actress,New York,United States,55,32,Eliminated Week 5,10,5,5.0,True,True,3,22.0,7.333333333333333
Adrian Peterson,Britt Stewart,Athlete,Texas,United States,38,32,Eliminated Week 4,11,5,4.0,False,False,3,0.0,0.0
Tyson Beckford,Jenna Johnson,Model,New York,United States,52,32,Eliminated Week 3,12,5,3.0,False,False,3,0.0,0.0
Jamie Lynn Spears,Alan Bersten,Actor/Actress,Mississippi,United States,32,32,Eliminated Week 2,13,5,2.0,False,False,3,0.0,0.0
Matt Walsh,Koko Iwasaki,Comedian,Illinois,United States,58,32,Eliminated Week 1,14,5,1.0,False,False,3,0.0,0.0
Xochitl Gomez,Valentin Chmerkovskiy,Actor/Actress,California,United States,17,32,1st Place,1,6,,False,True,4,42.0,10.5
Jason Mraz,Daniella Karagach,Singer/Rapper,Virginia,United States,46,32,2nd Place,2,6,,False,True,4,39.0,9.75
Ariana Madix,Pasha Pashkov,TV Personality,Florida,United States,38,32,3rd Place,3,6,,False,True,4,41.0,10.25
Charity Lawson,Artem Chigvintsev,TV Personality,Georgia,United States,27,32,4th Place,4,6,,False,True,4,38.0,9.5
Alyson Hannigan,Sasha Farber,Actor/Actress,Washington D.C.,United States,49,32,5th Place,5,6,,False,True,4,31.0,7.75
Harry Jowsey,Rylee Arnold,TV Personality,,Australia,26,32,Eliminated Week 9,6,6,9.0,False,True,4,29.0,7.25
Barry Williams,Peta Murgatroyd,Actor/Actress,California,United States,68,32,Eliminated Week 8,7,6,8.0,False,True,4,32.0,8.0
Lele Pons,Brandon Armstrong,Social Media Personality,,Venezuela,27,32,Eliminated Week 7,8,6,7.0,False,True,4,37.0,9.25
Mauricio Umansky,Emma Slater,TV Personality,,Mexico,53,32,Eliminated Week 6,9,6,6.0,True,True,4,33.0,8.25
Mira Sorvino,Gleb Savchenko,Actor/Actress,New York,United States,55,32,Eliminated Week 5,10,6,5.0,False,False,4,0.0,0.0
Adrian Peterson,Britt Stewart,Athlete,Texas,United States,38,32,Eliminated Week 4,11,6,4.0,False,False,4,0.0,0.0
Tyson Beckford,Jenna Johnson,Model,New York,United States,52,32,Eliminated Week 3,12,6,3.0,False,False,4,0.0,0.0
Jamie Lynn Spears,Alan Bersten,Actor/Actress,Mississippi,United States,32,32,Eliminated Week 2,13,6,2.0,False,False,4,0.0,0.0
Matt Walsh,Koko Iwasaki,Comedian,Illinois,United States,58,32,Eliminated Week 1,14,6,1.0,False,False,4,0.0,0.0
Xochitl Gomez,Valentin Chmerkovskiy,Actor/Actress,California,United States,17,32,1st Place,1,7,,False,True,4,37.0,9.25
Jason Mraz,Daniella Karagach,Singer/Rapper,Virginia,United States,46,32,2nd Place,2,7,,False,True,4,36.0,9.0
Ariana Madix,Pasha Pashkov,TV Personality,Florida,United States,38,32,3rd Place,3,7,,False,True,4,37.0,9.25
Charity Lawson,Artem Chigvintsev,TV Personality,Georgia,United States,27,32,4th Place,4,7,,False,True,4,36.0,9.0
Alyson Hannigan,Sasha Farber,Actor/Actress,Washington D.C.,United States,49,32,5th Place,5,7,,False,True,4,35.0,8.75
Harry Jowsey,Rylee Arnold,TV Personality,,Australia,26,32,Eliminated Week 9,6,7,9.0,False,True,4,32.0,8.0
Barry Williams,Peta Murgatroyd,Actor/Actress,California,United States,68,32,Eliminated Week 8,7,7,8.0,False,True,4,32.5,8.125
Lele Pons,Brandon Armstrong,Social Media Personality,,Venezuela,27,32,Eliminated Week 7,8,7,7.0,True,True,4,36.5,9.125
Mauricio Umansky,Emma Slater,TV Personality,,Mexico,53,32,Eliminated Week 6,9,7,6.0,False,False,4,0.0,0.0
Mira Sorvino,Gleb Savchenko,Actor/Actress,New York,United States,55,32,Eliminated Week 5,10,7,5.0,False,False,4,0.0,0.0
Adrian Peterson,Britt Stewart,Athlete,Texas,United States,38,32,Eliminated Week 4,11,7,4.0,False,False,4,0.0,0.0
Tyson Beckford,Jenna Johnson,Model,New York,United States,52,32,Eliminated Week 3,12,7,3.0,False,False,4,0.0,0.0
Jamie Lynn Spears,Alan Bersten,Actor/Actress,Mississippi,United States,32,32,Eliminated Week 2,13,7,2.0,False,False,4,0.0,0.0
Matt Walsh,Koko Iwasaki,Comedian,Illinois,United States,58,32,Eliminated Week 1,14,7,1.0,False,False,4,0.0,0.0
Xochitl Gomez,Valentin Chmerkovskiy,Actor/Actress,California,United States,17,32,1st Place,1,8,,False,True,4,40.0,10.0
Jason Mraz,Daniella Karagach,Singer/Rapper,Virginia,United States,46,32,2nd Place,2,8,,False,True,4,33.0,8.25
Ariana Madix,Pasha Pashkov,TV Personality,Florida,United States,38,32,3rd Place,3,8,,False,True,4,42.0,10.5
Charity Lawson,Artem Chigvintsev,TV Personality,Georgia,United States,27,32,4th Place,4,8,,False,True,4,39.0,9.75
Alyson Hannigan,Sasha Farber,Actor/Actress,Washington D.C.,United States,49,32,5th Place,5,8,,False,True,4,36.0,9.0
Harry Jowsey,Rylee Arnold,TV Personality,,Australia,26,32,Eliminated Week 9,6,8,9.0,False,True,4,28.0,7.0
Barry Williams,Peta Murgatroyd,Actor/Actress,California,United States,68,32,Eliminated Week 8,7,8,8.0,True,True,4,35.0,8.75
Lele Pons,Brandon Armstrong,Social Media Personality,,Venezuela,27,32,Eliminated Week 7,8,8,7.0,False,False,4,0.0,0.0
Mauricio Umansky,Emma Slater,TV Personality,,Mexico,53,32,Eliminated Week 6,9,8,6.0,False,False,4,0.0,0.0
Mira Sorvino,Gleb Savchenko,Actor/Actress,New York,United States,55,32,Eliminated Week 5,10,8,5.0,False,False,4,0.0,0.0
Adrian Peterson,Britt Stewart,Athlete,Texas,United States,38,32,Eliminated Week 4,11,8,4.0,False,False,4,0.0,0.0
Tyson Beckford,Jenna Johnson,Model,New York,United States,52,32,Eliminated Week 3,12,8,3.0,False,False,4,0.0,0.0
Jamie Lynn Spears,Alan Bersten,Actor/Actress,Mississippi,United States,32,32,Eliminated Week 2,13,8,2.0,False,False,4,0.0,0.0
Matt Walsh,Koko Iwasaki,Comedian,Illinois,United States,58,32,Eliminated Week 1,14,8,1.0,False,False,4,0.0,0.0
Xochitl Gomez,Valentin Chmerkovskiy,Actor/Actress,California,United States,17,32,1st Place,1,9,,False,True,4,41.0,10.25
Jason Mraz,Daniella Karagach,Singer/Rapper,Virginia,United States,46,32,2nd Place,2,9,,False,True,4,43.0,10.75
Ariana Madix,Pasha Pashkov,TV Personality,Florida,United States,38,32,3rd Place,3,9,,False,True,4,37.0,9.25
Charity Lawson,Artem Chigvintsev,TV Personality,Georgia,United States,27,32,4th Place,4,9,,False,True,4,38.0,9.5
Alyson Hannigan,Sasha Farber,Actor/Actress,Washington D.C.,United States,49,32,5th Place,5,9,,False,True,4,32.0,8.0
Harry Jowsey,Rylee Arnold,TV Personality,,Australia,26,32,Eliminated Week 9,6,9,9.0,True,True,4,30.0,7.5
Barry Williams,Peta Murgatroyd,Actor/Actress,California,United States,68,32,Eliminated Week 8,7,9,8.0,False,False,4,0.0,0.0
Lele Pons,Brandon Armstrong,Social Media Personality,,Venezuela,27,32,Eliminated Week 7,8,9,7.0,False,False,4,0.0,0.0
Mauricio Umansky,Emma Slater,TV Personality,,Mexico,53,32,Eliminated Week 6,9,9,6.0,False,False,4,0.0,0.0
Mira Sorvino,Gleb Savchenko,Actor/Actress,New York,United States,55,32,Eliminated Week 5,10,9,5.0,False,False,4,0.0,0.0
Adrian Peterson,Britt Stewart,Athlete,Texas,United States,38,32,Eliminated Week 4,11,9,4.0,False,False,4,0.0,0.0
Tyson Beckford,Jenna Johnson,Model,New York,United States,52,32,Eliminated Week 3,12,9,3.0,False,False,4,0.0,0.0
Jamie Lynn Spears,Alan Bersten,Actor/Actress,Mississippi,United States,32,32,Eliminated Week 2,13,9,2.0,False,False,4,0.0,0.0
Matt Walsh,Koko Iwasaki,Comedian,Illinois,United States,58,32,Eliminated Week 1,14,9,1.0,False,False,4,0.0,0.0
Xochitl Gomez,Valentin Chmerkovskiy,Actor/Actress,California,United States,17,32,1st Place,1,10,,False,True,3,30.0,10.0
Jason Mraz,Daniella Karagach,Singer/Rapper,Virginia,United States,46,32,2nd Place,2,10,,False,True,3,28.5,9.5
Ariana Madix,Pasha Pashkov,TV Personality,Florida,United States,38,32,3rd Place,3,10,,False,True,3,29.0,9.666666666666666
Charity Lawson,Artem Chigvintsev,TV Personality,Georgia,United States,27,32,4th Place,4,10,,False,True,3,29.5,9.833333333333334
Alyson Hannigan,Sasha Farber,Actor/Actress,Washington D.C.,United States,49,32,5th Place,5,10,,False,True,3,25.5,8.5
Harry Jowsey,Rylee Arnold,TV Personality,,Australia,26,32,Eliminated Week 9,6,10,9.0,False,False,3,0.0,0.0
Barry Williams,Peta Murgatroyd,Actor/Actress,California,United States,68,32,Eliminated Week 8,7,10,8.0,False,False,3,0.0,0.0
Lele Pons,Brandon Armstrong,Social Media Personality,,Venezuela,27,32,Eliminated Week 7,8,10,7.0,False,False,3,0.0,0.0
Mauricio Umansky,Emma Slater,TV Personality,,Mexico,53,32,Eliminated Week 6,9,10,6.0,False,False,3,0.0,0.0
Mira Sorvino,Gleb Savchenko,Actor/Actress,New York,United States,55,32,Eliminated Week 5,10,10,5.0,False,False,3,0.0,0.0
Adrian Peterson,Britt Stewart,Athlete,Texas,United States,38,32,Eliminated Week 4,11,10,4.0,False,False,3,0.0,0.0
Tyson Beckford,Jenna Johnson,Model,New York,United States,52,32,Eliminated Week 3,12,10,3.0,False,False,3,0.0,0.0
Jamie Lynn Spears,Alan Bersten,Actor/Actress,Mississippi,United States,32,32,Eliminated Week 2,13,10,2.0,False,False,3,0.0,0.0
Matt Walsh,Koko Iwasaki,Comedian,Illinois,United States,58,32,Eliminated Week 1,14,10,1.0,False,False,3,0.0,0.0
Xochitl Gomez,Valentin Chmerkovskiy,Actor/Actress,California,United States,17,32,1st Place,1,11,,False,True,3,30.0,10.0
Jason Mraz,Daniella Karagach,Singer/Rapper,Virginia,United States,46,32,2nd Place,2,11,,False,True,3,30.0,10.0
Ariana Madix,Pasha Pashkov,TV Personality,Florida,United States,38,32,3rd Place,3,11,,False,True,3,29.5,9.833333333333334
Charity Lawson,Artem Chigvintsev,TV Personality,Georgia,United States,27,32,4th Place,4,11,,False,True,3,29.5,9.833333333333334
Alyson Hannigan,Sasha Farber,Actor/Actress,Washington D.C.,United States,49,32,5th Place,5,11,,False,True,3,26.5,8.833333333333334
Harry Jowsey,Rylee Arnold,TV Personality,,Australia,26,32,Eliminated Week 9,6,11,9.0,False,False,3,0.0,0.0
Barry Williams,Peta Murgatroyd,Actor/Actress,California,United States,68,32,Eliminated Week 8,7,11,8.0,False,False,3,0.0,0.0
Lele Pons,Brandon Armstrong,Social Media Personality,,Venezuela,27,32,Eliminated Week 7,8,11,7.0,False,False,3,0.0,0.0
Mauricio Umansky,Emma Slater,TV Personality,,Mexico,53,32,Eliminated Week 6,9,11,6.0,False,False,3,0.0,0.0
Mira Sorvino,Gleb Savchenko,Actor/Actress,New York,United States,55,32,Eliminated Week 5,10,11,5.0,False,False,3,0.0,0.0
Adrian Peterson,Britt Stewart,Athlete,Texas,United States,38,32,Eliminated Week 4,11,11,4.0,False,False,3,0.0,0.0
Tyson Beckford,Jenna Johnson,Model,New York,United States,52,32,Eliminated Week 3,12,11,3.0,False,False,3,0.0,0.0
Jamie Lynn Spears,Alan Bersten,Actor/Actress,Mississippi,United States,32,32,Eliminated Week 2,13,11,2.0,False,False,3,0.0,0.0
Matt Walsh,Koko Iwasaki,Comedian,Illinois,United States,58,32,Eliminated Week 1,14,11,1.0,False,False,3,0.0,0.0
Joey Graziadei,Jenna Johnson,TV Personality,Louisiana,United States,29,33,1st Place,1,1,,False,True,3,21.0,7.0
Ilona Maher,Alan Bersten,Athlete,California,United States,28,33,2nd Place,2,1,,False,True,3,18.0,6.0
Chandler Kinney,Brandon Armstrong,Actor/Actress,California,United States,24,33,3rd Place,3,1,,False,True,3,23.0,7.666666666666667
Stephen Nedoroscik,Rylee Arnold,Athlete,Florida,United States,26,33,4th Place,4,1,,False,True,3,21.0,7.0
Danny Amendola,Witney Carson,Athlete,Texas,United States,39,33,5th Place,5,1,,False,True,3,20.0,6.666666666666667
Dwight Howard ,Daniella Karagach,Athlete,Georgia,United States,38,33,Eliminated Week 7,6,1,7.0,False,True,3,22.0,7.333333333333333
Jenn Tran,Sasha Farber,TV Personality,Florida,United States,26,33,Eliminated Week 6,7,1,6.0,False,True,3,19.0,6.333333333333333
Phaedra Parks,Val Chmerkovskiy,TV Personality,Georgia,United States,51,33,Eliminated Week 5,8,1,5.0,False,True,3,19.0,6.333333333333333
Brooks Nader,Gleb Savchenko,Model,New York,United States,27,33,Eliminated Week 4,9,1,4.0,False,True,3,18.0,6.0
Eric Roberts,Britt Stewart,Actor/Actress,California,United States,68,33,Eliminated Week 3,10,1,3.0,False,True,3,15.0,5.0
Reginald VelJohnson,Emma Slater,Actor/Actress,New York,United States,74,33,Eliminated Week 3,10,1,3.0,False,True,3,16.0,5.333333333333333
Anna Delvey,Ezra Sosa,Con artist,,Russia,33,33,Eliminated Week 2,12,1,2.0,False,True,3,18.0,6.0
Tori Spelling,Pasha Pashkov,Actor/Actress,California,United States,51,33,Eliminated Week 2,12,1,2.0,False,True,3,17.0,5.666666666666667
Joey Graziadei,Jenna Johnson,TV Personality,Louisiana,United States,29,33,1st Place,1,2,,False,True,3,22.0,7.333333333333333
Ilona Maher,Alan Bersten,Athlete,California,United States,28,33,2nd Place,2,2,,False,True,3,21.0,7.0
Chandler Kinney,Brandon Armstrong,Actor/Actress,California,United States,24,33,3rd Place,3,2,,False,True,3,24.0,8.0
Stephen Nedoroscik,Rylee Arnold,Athlete,Florida,United States,26,33,4th Place,4,2,,False,True,3,22.0,7.333333333333333
Danny Amendola,Witney Carson,Athlete,Texas,United States,39,33,5th Place,5,2,,False,True,3,21.0,7.0
Dwight Howard ,Daniella Karagach,Athlete,Georgia,United States,38,33,Eliminated Week 7,6,2,7.0,False,True,3,22.0,7.333333333333333
Jenn Tran,Sasha Farber,TV Personality,Florida,United States,26,33,Eliminated Week 6,7,2,6.0,False,True,3,19.0,6.333333333333333
Phaedra Parks,Val Chmerkovskiy,TV Personality,Georgia,United States,51,33,Eliminated Week 5,8,2,5.0,False,True,3,21.0,7.0
Brooks Nader,Gleb Savchenko,Model,New York,United States,27,33,Eliminated Week 4,9,2,4.0,False,True,3,20.0,6.666666666666667
Eric Roberts,Britt Stewart,Actor/Actress,California,United States,68,33,Eliminated Week 3,10,2,3.0,False,True,3,15.0,5.0
Reginald VelJohnson,Emma Slater,Actor/Actress,New York,United States,74,33,Eliminated Week 3,10,2,3.0,False,True,3,15.0,5.0
Anna Delvey,Ezra Sosa,Con artist,,Russia,33,33,Eliminated Week 2,12,2,2.0,True,True,3,17.0,5.666666666666667
Tori Spelling,Pasha Pashkov,Actor/Actress,California,United States,51,33,Eliminated Week 2,12,2,2.0,True,True,3,19.0,6.333333333333333
Joey Graziadei,Jenna Johnson,TV Personality,Louisiana,United States,29,33,1st Place,1,3,,False,True,4,35.0,8.75
Ilona Maher,Alan Bersten,Athlete,California,United States,28,33,2nd Place,2,3,,False,True,4,28.0,7.0
Chandler Kinney,Brandon Armstrong,Actor/Actress,California,United States,24,33,3rd Place,3,3,,False,True,4,34.5,8.625
Stephen Nedoroscik,Rylee Arnold,Athlete,Florida,United States,26,33,4th Place,4,3,,False,True,4,31.0,7.75
Danny Amendola,Witney Carson,Athlete,Texas,United States,39,33,5th Place,5,3,,False,True,4,30.0,7.5
Dwight Howard ,Daniella Karagach,Athlete,Georgia,United States,38,33,Eliminated Week 7,6,3,7.0,False,True,4,26.0,6.5
Jenn Tran,Sasha Farber,TV Personality,Florida,United States,26,33,Eliminated Week 6,7,3,6.0,False,True,4,31.0,7.75
Phaedra Parks,Val Chmerkovskiy,TV Personality,Georgia,United States,51,33,Eliminated Week 5,8,3,5.0,False,True,4,28.0,7.0
Brooks Nader,Gleb Savchenko,Model,New York,United States,27,33,Eliminated Week 4,9,3,4.0,False,True,4,30.5,7.625
Eric Roberts,Britt Stewart,Actor/Actress,California,United States,68,33,Eliminated Week 3,10,3,3.0,True,True,4,23.0,5.75
Reginald VelJohnson,Emma Slater,Actor/Actress,New York,United States,74,33,Eliminated Week 3,10,3,3.0,True,True,4,21.0,5.25
Anna Delvey,Ezra Sosa,Con artist,,Russia,33,33,Eliminated Week 2,12,3,2.0,False,False,4,0.0,0.0
Tori Spelling,Pasha Pashkov,Actor/Actress,California,United States,51,33,Eliminated Week 2,12,3,2.0,False,False,4,0.0,0.0
Joey Graziadei,Jenna Johnson,TV Personality,Louisiana,United States,29,33,1st Place,1,4,,False,True,4,36.0,9.0
Ilona Maher,Alan Bersten,Athlete,California,United States,28,33,2nd Place,2,4,,False,True,4,32.0,8.0
Chandler Kinney,Brandon Armstrong,Actor/Actress,California,United States,24,33,3rd Place,3,4,,False,True,4,32.0,8.0
Stephen Nedoroscik,Rylee Arnold,Athlete,Florida,United States,26,33,4th Place,4,4,,False,True,4,33.0,8.25
Danny Amendola,Witney Carson,Athlete,Texas,United States,39,33,5th Place,5,4,,False,True,4,36.0,9.0
Dwight Howard ,Daniella Karagach,Athlete,Georgia,United States,38,33,Eliminated Week 7,6,4,7.0,False,True,4,29.0,7.25
Jenn Tran,Sasha Farber,TV Personality,Florida,United States,26,33,Eliminated Week 6,7,4,6.0,False,True,4,32.0,8.0
Phaedra Parks,Val Chmerkovskiy,TV Personality,Georgia,United States,51,33,Eliminated Week 5,8,4,5.0,False,True,4,32.0,8.0
Brooks Nader,Gleb Savchenko,Model,New York,United States,27,33,Eliminated Week 4,9,4,4.0,True,True,4,32.0,8.0
Eric Roberts,Britt Stewart,Actor/Actress,California,United States,68,33,Eliminated Week 3,10,4,3.0,False,False,4,0.0,0.0
Reginald VelJohnson,Emma Slater,Actor/Actress,New York,United States,74,33,Eliminated Week 3,10,4,3.0,False,False,4,0.0,0.0
Anna Delvey,Ezra Sosa,Con artist,,Russia,33,33,Eliminated Week 2,12,4,2.0,False,False,4,0.0,0.0
Tori Spelling,Pasha Pashkov,Actor/Actress,California,United States,51,33,Eliminated Week 2,12,4,2.0,False,False,4,0.0,0.0
Joey Graziadei,Jenna Johnson,TV Personality,Louisiana,United States,29,33,1st Place,1,5,,False,True,3,26.0,8.666666666666666
Ilona Maher,Alan Bersten,Athlete,California,United States,28,33,2nd Place,2,5,,False,True,3,26.0,8.666666666666666
Chandler Kinney,Brandon Armstrong,Actor/Actress,California,United States,24,33,3rd Place,3,5,,False,True,3,27.0,9.0
Stephen Nedoroscik,Rylee Arnold,Athlete,Florida,United States,26,33,4th Place,4,5,,False,True,3,24.0,8.0
Danny Amendola,Witney Carson,Athlete,Texas,United States,39,33,5th Place,5,5,,False,True,3,25.5,8.5
Dwight Howard ,Daniella Karagach,Athlete,Georgia,United States,38,33,Eliminated Week 7,6,5,7.0,False,True,3,24.0,8.0
Jenn Tran,Sasha Farber,TV Personality,Florida,United States,26,33,Eliminated Week 6,7,5,6.0,False,True,3,25.5,8.5
Phaedra Parks,Val Chmerkovskiy,TV Personality,Georgia,United States,51,33,Eliminated Week 5,8,5,5.0,True,True,3,24.0,8.0
Brooks Nader,Gleb Savchenko,Model,New York,United States,27,33,Eliminated Week 4,9,5,4.0,False,False,3,0.0,0.0
Eric Roberts,Britt Stewart,Actor/Actress,California,United States,68,33,Eliminated Week 3,10,5,3.0,False,False,3,0.0,0.0
Reginald VelJohnson,Emma Slater,Actor/Actress,New York,United States,74,33,Eliminated Week 3,10,5,3.0,False,False,3,0.0,0.0
Anna Delvey,Ezra Sosa,Con artist,,Russia,33,33,Eliminated Week 2,12,5,2.0,False,False,3,0.0,0.0
Tori Spelling,Pasha Pashkov,Actor/Actress,California,United States,51,33,Eliminated Week 2,12,5,2.0,False,False,3,0.0,0.0
Joey Graziadei,Jenna Johnson,TV Personality,Louisiana,United States,29,33,1st Place,1,6,,False,True,3,32.0,10.666666666666666
Ilona Maher,Alan Bersten,Athlete,California,United States,28,33,2nd Place,2,6,,False,True,3,24.0,8.0
Chandler Kinney,Brandon Armstrong,Actor/Actress,California,United States,24,33,3rd Place,3,6,,False,True,3,32.0,10.666666666666666
Stephen Nedoroscik,Rylee Arnold,Athlete,Florida,United States,26,33,4th Place,4,6,,False,True,3,28.0,9.333333333333334
Danny Amendola,Witney Carson,Athlete,Texas,United States,39,33,5th Place,5,6,,False,True,3,28.0,9.333333333333334
Dwight Howard ,Daniella Karagach,Athlete,Georgia,United States,38,33,Eliminated Week 7,6,6,7.0,False,True,3,31.0,10.333333333333334
Jenn Tran,Sasha Farber,TV Personality,Florida,United States,26,33,Eliminated Week 6,7,6,6.0,True,True,3,31.0,10.333333333333334
Phaedra Parks,Val Chmerkovskiy,TV Personality,Georgia,United States,51,33,Eliminated Week 5,8,6,5.0,False,False,3,0.0,0.0
Brooks Nader,Gleb Savchenko,Model,New York,United States,27,33,Eliminated Week 4,9,6,4.0,False,False,3,0.0,0.0
Eric Roberts,Britt Stewart,Actor/Actress,California,United States,68,33,Eliminated Week 3,10,6,3.0,False,False,3,0.0,0.0
Reginald VelJohnson,Emma Slater,Actor/Actress,New York,United States,74,33,Eliminated Week 3,10,6,3.0,False,False,3,0.0,0.0
Anna Delvey,Ezra Sosa,Con artist,,Russia,33,33,Eliminated Week 2,12,6,2.0,False,False,3,0.0,0.0
Tori Spelling,Pasha Pashkov,Actor/Actress,California,United States,51,33,Eliminated Week 2,12,6,2.0,False,False,3,0.0,0.0
Joey Graziadei,Jenna Johnson,TV Personality,Louisiana,United States,29,33,1st Place,1,7,,False,True,3,27.5,9.166666666666666
Ilona Maher,Alan Bersten,Athlete,California,United States,28,33,2nd Place,2,7,,False,True,3,26.0,8.666666666666666
Chandler Kinney,Brandon Armstrong,Actor/Actress,California,United States,24,33,3rd Place,3,7,,False,True,3,30.0,10.0
Stephen Nedoroscik,Rylee Arnold,Athlete,Florida,United States,26,33,4th Place,4,7,,False,True,3,27.0,9.0
Danny Amendola,Witney Carson,Athlete,Texas,United States,39,33,5th Place,5,7,,False,True,3,25.5,8.5
Dwight Howard ,Daniella Karagach,Athlete,Georgia,United States,38,33,Eliminated Week 7,6,7,7.0,True,True,3,24.0,8.0
Jenn Tran,Sasha Farber,TV Personality,Florida,United States,26,33,Eliminated Week 6,7,7,6.0,False,False,3,0.0,0.0
Phaedra Parks,Val Chmerkovskiy,TV Personality,Georgia,United States,51,33,Eliminated Week 5,8,7,5.0,False,False,3,0.0,0.0
Brooks Nader,Gleb Savchenko,Model,New York,United States,27,33,Eliminated Week 4,9,7,4.0,False,False,3,0.0,0.0
Eric Roberts,Britt Stewart,Actor/Actress,California,United States,68,33,Eliminated Week 3,10,7,3.0,False,False,3,0.0,0.0
Reginald VelJohnson,Emma Slater,Actor/Actress,New York,United States,74,33,Eliminated Week 3,10,7,3.0,False,False,3,0.0,0.0
Anna Delvey,Ezra Sosa,Con artist,,Russia,33,33,Eliminated Week 2,12,7,2.0,False,False,3,0.0,0.0
Tori Spelling,Pasha Pashkov,Actor/Actress,California,United States,51,33,Eliminated Week 2,12,7,2.0,False,False,3,0.0,0.0
Joey Graziadei,Jenna Johnson,TV Personality,Louisiana,United States,29,33,1st Place,1,8,,False,True,3,29.0,9.666666666666666
Ilona Maher,Alan Bersten,Athlete,California,United States,28,33,2nd Place,2,8,,False,True,3,28.5,9.5
Chandler Kinney,Brandon Armstrong,Actor/Actress,California,United States,24,33,3rd Place,3,8,,False,True,3,29.0,9.666666666666666
Stephen Nedoroscik,Rylee Arnold,Athlete,Florida,United States,26,33,4th Place,4,8,,False,True,3,26.5,8.833333333333334
Danny Amendola,Witney Carson,Athlete,Texas,United States,39,33,5th Place,5,8,,False,True,3,27.0,9.0
Dwight Howard ,Daniella Karagach,Athlete,Georgia,United States,38,33,Eliminated Week 7,6,8,7.0,False,False,3,0.0,0.0
Jenn Tran,Sasha Farber,TV Personality,Florida,United States,26,33,Eliminated Week 6,7,8,6.0,False,False,3,0.0,0.0
Phaedra Parks,Val Chmerkovskiy,TV Personality,Georgia,United States,51,33,Eliminated Week 5,8,8,5.0,False,False,3,0.0,0.0
Brooks Nader,Gleb Savchenko,Model,New York,United States,27,33,Eliminated Week 4,9,8,4.0,False,False,3,0.0,0.0
Eric Roberts,Britt Stewart,Actor/Actress,California,United States,68,33,Eliminated Week 3,10,8,3.0,False,False,3,0.0,0.0
Reginald VelJohnson,Emma Slater,Actor/Actress,New York,United States,74,33,Eliminated Week 3,10,8,3.0,False,False,3,0.0,0.0
Anna Delvey,Ezra Sosa,Con artist,,Russia,33,33,Eliminated Week 2,12,8,2.0,False,False,3,0.0,0.0
Tori Spelling,Pasha Pashkov,Actor/Actress,California,United States,51,33,Eliminated Week 2,12,8,2.0,False,False,3,0.0,0.0
Joey Graziadei,Jenna Johnson,TV Personality,Louisiana,United States,29,33,1st Place,1,9,,False,True,3,29.5,9.833333333333334
Ilona Maher,Alan Bersten,Athlete,California,United States,28,33,2nd Place,2,9,,False,True,3,28.5,9.5
Chandler Kinney,Brandon Armstrong,Actor/Actress,California,United States,24,33,3rd Place,3,9,,False,True,3,30.0,10.0
Stephen Nedoroscik,Rylee Arnold,Athlete,Florida,United States,26,33,4th Place,4,9,,False,True,3,29.5,9.833333333333334
Danny Amendola,Witney Carson,Athlete,Texas,United States,39,33,5th Place,5,9,,False,True,3,28.0,9.333333333333334
Dwight Howard ,Daniella Karagach,Athlete,Georgia,United States,38,33,Eliminated Week 7,6,9,7.0,False,False,3,0.0,0.0
Jenn Tran,Sasha Farber,TV Personality,Florida,United States,26,33,Eliminated Week 6,7,9,6.0,False,False,3,0.0,0.0
Phaedra Parks,Val Chmerkovskiy,TV Personality,Georgia,United States,51,33,Eliminated Week 5,8,9,5.0,False,False,3,0.0,0.0
Brooks Nader,Gleb Savchenko,Model,New York,United States,27,33,Eliminated Week 4,9,9,4.0,False,False,3,0.0,0.0
Eric Roberts,Britt Stewart,Actor/Actress,California,United States,68,33,Eliminated Week 3,10,9,3.0,False,False,3,0.0,0.0
Reginald VelJohnson,Emma Slater,Actor/Actress,New York,United States,74,33,Eliminated Week 3,10,9,3.0,False,False,3,0.0,0.0
Anna Delvey,Ezra Sosa,Con artist,,Russia,33,33,Eliminated Week 2,12,9,2.0,False,False,3,0.0,0.0
Tori Spelling,Pasha Pashkov,Actor/Actress,California,United States,51,33,Eliminated Week 2,12,9,2.0,False,False,3,0.0,0.0
Robert Irwin,Witney Carson (Xoshitl Gomez week 9),Conservationist,,Australia,22,34,1st Place,1,1,,False,True,2,15.0,7.5
Alix Earle,Val Chmerkovskiy (Joey Graziadei week 9),Social media personality,Florida,United States,24,34,2nd Place,2,1,,False,True,2,13.0,6.5
Jordan Chiles,Ezra Sosa (Apolo Anton Ohno week 9),Athlete,Texas,United States,24,34,3rd Place,3,1,,False,True,2,10.0,5.0
Dylan Efron,Daniella Karagach (Rumer Willis week 9),TV Personality,California,United States,33,34,4th Place,4,1,,False,True,2,10.0,5.0
Elaine Hendrix,Alan Bersten (Rashad Jennings week 9),Actor/Actress,Georgia,United States,55,34,5th Place,5,1,,False,True,2,12.0,6.0
Whitney Leavitt,Mark Ballas,TV Personality,Utah,United States,32,34,Eliminated Week 10,6,1,10.0,False,True,2,15.0,7.5
Andy Richter,Emma Slater/Kaitlyn Bristowe (week 9),Comedian,California,United States,59,34,Eliminated Week 9,7,1,9.0,False,True,2,9.0,4.5
Danielle Fishel,Pasha Pashkov,Actor/Actress,California,United States,44,34,Eliminated Week 8,8,1,8.0,False,True,2,12.0,6.0
Jen Affleck,Jan Ravnik,TV Personality,Utah,United States,26,34,Eliminated Week 7,9,1,7.0,False,True,2,12.0,6.0
Scott Hoying,Rylee Arnold,Singer/Rapper,California,United States,34,34,Eliminated Week 6,10,1,6.0,False,True,2,10.0,5.0
Hilaria Baldwin,Gleb Savchenko,Entrepreneur,New York,United States,41,34,Eliminated Week 4,11,1,4.0,False,True,2,14.0,7.0
Lauren Jauregui,Brandon Armstrong,Singer/Rapper,Florida,United States,29,34,Eliminated Week 3,12,1,3.0,False,True,2,13.0,6.5
Baron Davis,Britt Stewart,Athlete,California,United States,46,34,Eliminated Week 2,13,1,2.0,False,True,2,10.0,5.0
Corey Feldman,Jenna Johnson,Actor/Actress,California,United States,54,34,Eliminated Week 2,13,1,2.0,False,True,2,9.0,4.5
Robert Irwin,Witney Carson (Xoshitl Gomez week 9),Conservationist,,Australia,22,34,1st Place,1,2,,False,True,3,22.0,7.333333333333333
Alix Earle,Val Chmerkovskiy (Joey Graziadei week 9),Social media personality,Florida,United States,24,34,2nd Place,2,2,,False,True,3,21.0,7.0
Jordan Chiles,Ezra Sosa (Apolo Anton Ohno week 9),Athlete,Texas,United States,24,34,3rd Place,3,2,,False,True,3,22.0,7.333333333333333
Dylan Efron,Daniella Karagach (Rumer Willis week 9),TV Personality,California,United States,33,34,4th Place,4,2,,False,True,3,20.0,6.666666666666667
Elaine Hendrix,Alan Bersten (Rashad Jennings week 9),Actor/Actress,Georgia,United States,55,34,5th Place,5,2,,False,True,3,21.0,7.0
Whitney Leavitt,Mark Ballas,TV Personality,Utah,United States,32,34,Eliminated Week 10,6,2,10.0,False,True,3,22.0,7.333333333333333
Andy Richter,Emma Slater/Kaitlyn Bristowe (week 9),Comedian,California,United States,59,34,Eliminated Week 9,7,2,9.0,False,True,3,16.0,5.333333333333333
Danielle Fishel,Pasha Pashkov,Actor/Actress,California,United States,44,34,Eliminated Week 8,8,2,8.0,False,True,3,19.0,6.333333333333333
Jen Affleck,Jan Ravnik,TV Personality,Utah,United States,26,34,Eliminated Week 7,9,2,7.0,False,True,3,22.0,7.333333333333333
Scott Hoying,Rylee Arnold,Singer/Rapper,California,United States,34,34,Eliminated Week 6,10,2,6.0,False,True,3,18.0,6.0
Hilaria Baldwin,Gleb Savchenko,Entrepreneur,New York,United States,41,34,Eliminated Week 4,11,2,4.0,False,True,3,21.0,7.0
Lauren Jauregui,Brandon Armstrong,Singer/Rapper,Florida,United States,29,34,Eliminated Week 3,12,2,3.0,False,True,3,21.0,7.0
Baron Davis,Britt Stewart,Athlete,California,United States,46,34,Eliminated Week 2,13,2,2.0,True,True,3,18.0,6.0
Corey Feldman,Jenna Johnson,Actor/Actress,California,United States,54,34,Eliminated Week 2,13,2,2.0,True,True,3,15.0,5.0
Robert Irwin,Witney Carson (Xoshitl Gomez week 9),Conservationist,,Australia,22,34,1st Place,1,3,,False,True,3,22.0,7.333333333333333
Alix Earle,Val Chmerkovskiy (Joey Graziadei week 9),Social media personality,Florida,United States,24,34,2nd Place,2,3,,False,True,3,23.0,7.666666666666667
Jordan Chiles,Ezra Sosa (Apolo Anton Ohno week 9),Athlete,Texas,United States,24,34,3rd Place,3,3,,False,True,3,24.0,8.0
Dylan Efron,Daniella Karagach (Rumer Willis week 9),TV Personality,California,United States,33,34,4th Place,4,3,,False,True,3,23.0,7.666666666666667
Elaine Hendrix,Alan Bersten (Rashad Jennings week 9),Actor/Actress,Georgia,United States,55,34,5th Place,5,3,,False,True,3,21.0,7.0
Whitney Leavitt,Mark Ballas,TV Personality,Utah,United States,32,34,Eliminated Week 10,6,3,10.0,False,True,3,24.0,8.0
Andy Richter,Emma Slater/Kaitlyn Bristowe (week 9),Comedian,California,United States,59,34,Eliminated Week 9,7,3,9.0,False,True,3,18.0,6.0
Danielle Fishel,Pasha Pashkov,Actor/Actress,California,United States,44,34,Eliminated Week 8,8,3,8.0,False,True,3,21.0,7.0
Jen Affleck,Jan Ravnik,TV Personality,Utah,United States,26,34,Eliminated Week 7,9,3,7.0,False,True,3,19.0,6.333333333333333
Scott Hoying,Rylee Arnold,Singer/Rapper,California,United States,34,34,Eliminated Week 6,10,3,6.0,False,True,3,22.0,7.333333333333333
Hilaria Baldwin,Gleb Savchenko,Entrepreneur,New York,United States,41,34,Eliminated Week 4,11,3,4.0,False,True,3,22.0,7.333333333333333
Lauren Jauregui,Brandon Armstrong,Singer/Rapper,Florida,United States,29,34,Eliminated Week 3,12,3,3.0,True,True,3,18.0,6.0
Baron Davis,Britt Stewart,Athlete,California,United States,46,34,Eliminated Week 2,13,3,2.0,False,False,3,0.0,0.0
Corey Feldman,Jenna Johnson,Actor/Actress,California,United States,54,34,Eliminated Week 2,13,3,2.0,False,False,3,0.0,0.0
Robert Irwin,Witney Carson (Xoshitl Gomez week 9),Conservationist,,Australia,22,34,1st Place,1,4,,False,True,3,22.0,7.333333333333333
Alix Earle,Val Chmerkovskiy (Joey Graziadei week 9),Social media personality,Florida,United States,24,34,2nd Place,2,4,,False,True,3,24.0,8.0
Jordan Chiles,Ezra Sosa (Apolo Anton Ohno week 9),Athlete,Texas,United States,24,34,3rd Place,3,4,,False,True,3,24.0,8.0
Dylan Efron,Daniella Karagach (Rumer Willis week 9),TV Personality,California,United States,33,34,4th Place,4,4,,False,True,3,23.0,7.666666666666667
Elaine Hendrix,Alan Bersten (Rashad Jennings week 9),Actor/Actress,Georgia,United States,55,34,5th Place,5,4,,False,True,3,24.0,8.0
Whitney Leavitt,Mark Ballas,TV Personality,Utah,United States,32,34,Eliminated Week 10,6,4,10.0,False,True,3,25.0,8.333333333333334
Andy Richter,Emma Slater/Kaitlyn Bristowe (week 9),Comedian,California,United States,59,34,Eliminated Week 9,7,4,9.0,False,True,3,18.0,6.0
Danielle Fishel,Pasha Pashkov,Actor/Actress,California,United States,44,34,Eliminated Week 8,8,4,8.0,False,True,3,21.0,7.0
Jen Affleck,Jan Ravnik,TV Personality,Utah,United States,26,34,Eliminated Week 7,9,4,7.0,False,True,3,23.0,7.666666666666667
Scott Hoying,Rylee Arnold,Singer/Rapper,California,United States,34,34,Eliminated Week 6,10,4,6.0,False,True,3,21.0,7.0
Hilaria Baldwin,Gleb Savchenko,Entrepreneur,New York,United States,41,34,Eliminated Week 4,11,4,4.0,True,True,3,23.0,7.666666666666667
Lauren Jauregui,Brandon Armstrong,Singer/Rapper,Florida,United States,29,34,Eliminated Week 3,12,4,3.0,False,False,3,0.0,0.0
Baron Davis,Britt Stewart,Athlete,California,United States,46,34,Eliminated Week 2,13,4,2.0,False,False,3,0.0,0.0
Corey Feldman,Jenna Johnson,Actor/Actress,California,United States,54,34,Eliminated Week 2,13,4,2.0,False,False,3,0.0,0.0
Robert Irwin,Witney Carson (Xoshitl Gomez week 9),Conservationist,,Australia,22,34,1st Place,1,5,,False,True,4,35.0,8.75
Alix Earle,Val Chmerkovskiy (Joey Graziadei week 9),Social media personality,Florida,United States,24,34,2nd Place,2,5,,False,True,4,35.0,8.75
Jordan Chiles,Ezra Sosa (Apolo Anton Ohno week 9),Athlete,Texas,United States,24,34,3rd Place,3,5,,False,True,4,32.0,8.0
Dylan Efron,Daniella Karagach (Rumer Willis week 9),TV Personality,California,United States,33,34,4th Place,4,5,,False,True,4,36.0,9.0
Elaine Hendrix,Alan Bersten (Rashad Jennings week 9),Actor/Actress,Georgia,United States,55,34,5th Place,5,5,,False,True,4,30.0,7.5
Whitney Leavitt,Mark Ballas,TV Personality,Utah,United States,32,34,Eliminated Week 10,6,5,10.0,False,True,4,33.0,8.25
Andy Richter,Emma Slater/Kaitlyn Bristowe (week 9),Comedian,California,United States,59,34,Eliminated Week 9,7,5,9.0,False,True,4,24.0,6.0
Danielle Fishel,Pasha Pashkov,Actor/Actress,California,United States,44,34,Eliminated Week 8,8,5,8.0,False,True,4,29.0,7.25
Jen Affleck,Jan Ravnik,TV Personality,Utah,United States,26,34,Eliminated Week 7,9,5,7.0,False,True,4,29.0,7.25
Scott Hoying,Rylee Arnold,Singer/Rapper,California,United States,34,34,Eliminated Week 6,10,5,6.0,False,True,4,30.0,7.5
Hilaria Baldwin,Gleb Savchenko,Entrepreneur,New York,United States,41,34,Eliminated Week 4,11,5,4.0,False,False,4,0.0,0.0
Lauren Jauregui,Brandon Armstrong,Singer/Rapper,Florida,United States,29,34,Eliminated Week 3,12,5,3.0,False,False,4,0.0,0.0
Baron Davis,Britt Stewart,Athlete,California,United States,46,34,Eliminated Week 2,13,5,2.0,False,False,4,0.0,0.0
Corey Feldman,Jenna Johnson,Actor/Actress,California,United States,54,34,Eliminated Week 2,13,5,2.0,False,False,4,0.0,0.0
Robert Irwin,Witney Carson (Xoshitl Gomez week 9),Conservationist,,Australia,22,34,1st Place,1,6,,False,True,4,36.0,9.0
Alix Earle,Val Chmerkovskiy (Joey Graziadei week 9),Social media personality,Florida,United States,24,34,2nd Place,2,6,,False,True,4,35.0,8.75
Jordan Chiles,Ezra Sosa (Apolo Anton Ohno week 9),Athlete,Texas,United States,24,34,3rd Place,3,6,,False,True,4,39.0,9.75
Dylan Efron,Daniella Karagach (Rumer Willis week 9),TV Personality,California,United States,33,34,4th Place,4,6,,False,True,4,32.0,8.0
Elaine Hendrix,Alan Bersten (Rashad Jennings week 9),Actor/Actress,Georgia,United States,55,34,5th Place,5,6,,False,True,4,36.0,9.0
Whitney Leavitt,Mark Ballas,TV Personality,Utah,United States,32,34,Eliminated Week 10,6,6,10.0,False,True,4,39.0,9.75
Andy Richter,Emma Slater/Kaitlyn Bristowe (week 9),Comedian,California,United States,59,34,Eliminated Week 9,7,6,9.0,False,True,4,27.0,6.75
Danielle Fishel,Pasha Pashkov,Actor/Actress,California,United States,44,34,Eliminated Week 8,8,6,8.0,False,True,4,36.0,9.0
Jen Affleck,Jan Ravnik,TV Personality,Utah,United States,26,34,Eliminated Week 7,9,6,7.0,False,True,4,32.0,8.0
Scott Hoying,Rylee Arnold,Singer/Rapper,California,United States,34,34,Eliminated Week 6,10,6,6.0,True,True,4,28.0,7.0
Hilaria Baldwin,Gleb Savchenko,Entrepreneur,New York,United States,41,34,Eliminated Week 4,11,6,4.0,False,False,4,0.0,0.0
Lauren Jauregui,Brandon Armstrong,Singer/Rapper,Florida,United States,29,34,Eliminated Week 3,12,6,3.0,False,False,4,0.0,0.0
Baron Davis,Britt Stewart,Athlete,California,United States,46,34,Eliminated Week 2,13,6,2.0,False,False,4,0.0,0.0
Corey Feldman,Jenna Johnson,Actor/Actress,California,United States,54,34,Eliminated Week 2,13,6,2.0,False,False,4,0.0,0.0
Robert Irwin,Witney Carson (Xoshitl Gomez week 9),Conservationist,,Australia,22,34,1st Place,1,7,,False,True,4,41.0,10.25
Alix Earle,Val Chmerkovskiy (Joey Graziadei week 9),Social media personality,Florida,United States,24,34,2nd Place,2,7,,False,True,4,43.0,10.75
Jordan Chiles,Ezra Sosa (Apolo Anton Ohno week 9),Athlete,Texas,United States,24,34,3rd Place,3,7,,False,True,4,38.0,9.5
Dylan Efron,Daniella Karagach (Rumer Willis week 9),TV Personality,California,United States,33,34,4th Place,4,7,,False,True,4,38.0,9.5
Elaine Hendrix,Alan Bersten (Rashad Jennings week 9),Actor/Actress,Georgia,United States,55,34,5th Place,5,7,,False,True,4,32.0,8.0
Whitney Leavitt,Mark Ballas,TV Personality,Utah,United States,32,34,Eliminated Week 10,6,7,10.0,False,True,4,42.0,10.5
Andy Richter,Emma Slater/Kaitlyn Bristowe (week 9),Comedian,California,United States,59,34,Eliminated Week 9,7,7,9.0,False,True,4,29.0,7.25
Danielle Fishel,Pasha Pashkov,Actor/Actress,California,United States,44,34,Eliminated Week 8,8,7,8.0,False,True,4,35.0,8.75
Jen Affleck,Jan Ravnik,TV Personality,Utah,United States,26,34,Eliminated Week 7,9,7,7.0,True,True,4,34.0,8.5
Scott Hoying,Rylee Arnold,Singer/Rapper,California,United States,34,34,Eliminated Week 6,10,7,6.0,False,False,4,0.0,0.0
Hilaria Baldwin,Gleb Savchenko,Entrepreneur,New York,United States,41,34,Eliminated Week 4,11,7,4.0,False,False,4,0.0,0.0
Lauren Jauregui,Brandon Armstrong,Singer/Rapper,Florida,United States,29,34,Eliminated Week 3,12,7,3.0,False,False,4,0.0,0.0
Baron Davis,Britt Stewart,Athlete,California,United States,46,34,Eliminated Week 2,13,7,2.0,False,False,4,0.0,0.0
Corey Feldman,Jenna Johnson,Actor/Actress,California,United States,54,34,Eliminated Week 2,13,7,2.0,False,False,4,0.0,0.0
Robert Irwin,Witney Carson (Xoshitl Gomez week 9),Conservationist,,Australia,22,34,1st Place,1,8,,False,True,4,38.0,9.5
Alix Earle,Val Chmerkovskiy (Joey Graziadei week 9),Social media personality,Florida,United States,24,34,2nd Place,2,8,,False,True,4,38.5,9.625
Jordan Chiles,Ezra Sosa (Apolo Anton Ohno week 9),Athlete,Texas,United States,24,34,3rd Place,3,8,,False,True,4,39.0,9.75
Dylan Efron,Daniella Karagach (Rumer Willis week 9),TV Personality,California,United States,33,34,4th Place,4,8,,False,True,4,38.0,9.5
Elaine Hendrix,Alan Bersten (Rashad Jennings week 9),Actor/Actress,Georgia,United States,55,34,5th Place,5,8,,False,True,4,37.5,9.375
Whitney Leavitt,Mark Ballas,TV Personality,Utah,United States,32,34,Eliminated Week 10,6,8,10.0,False,True,4,39.5,9.875
Andy Richter,Emma Slater/Kaitlyn Bristowe (week 9),Comedian,California,United States,59,34,Eliminated Week 9,7,8,9.0,False,True,4,34.0,8.5
Danielle Fishel,Pasha Pashkov,Actor/Actress,California,United States,44,34,Eliminated Week 8,8,8,8.0,True,True,4,37.0,9.25
Jen Affleck,Jan Ravnik,TV Personality,Utah,United States,26,34,Eliminated Week 7,9,8,7.0,False,False,4,0.0,0.0
Scott Hoying,Rylee Arnold,Singer/Rapper,California,United States,34,34,Eliminated Week 6,10,8,6.0,False,False,4,0.0,0.0
Hilaria Baldwin,Gleb Savchenko,Entrepreneur,New York,United States,41,34,Eliminated Week 4,11,8,4.0,False,False,4,0.0,0.0
Lauren Jauregui,Brandon Armstrong,Singer/Rapper,Florida,United States,29,34,Eliminated Week 3,12,8,3.0,False,False,4,0.0,0.0
Baron Davis,Britt Stewart,Athlete,California,United States,46,34,Eliminated Week 2,13,8,2.0,False,False,4,0.0,0.0
Corey Feldman,Jenna Johnson,Actor/Actress,California,United States,54,34,Eliminated Week 2,13,8,2.0,False,False,4,0.0,0.0
Robert Irwin,Witney Carson (Xoshitl Gomez week 9),Conservationist,,Australia,22,34,1st Place,1,9,,False,True,4,42.0,10.5
Alix Earle,Val Chmerkovskiy (Joey Graziadei week 9),Social media personality,Florida,United States,24,34,2nd Place,2,9,,False,True,4,40.0,10.0
Jordan Chiles,Ezra Sosa (Apolo Anton Ohno week 9),Athlete,Texas,United States,24,34,3rd Place,3,9,,False,True,4,39.0,9.75
Dylan Efron,Daniella Karagach (Rumer Willis week 9),TV Personality,California,United States,33,34,4th Place,4,9,,False,True,4,42.0,10.5
Elaine Hendrix,Alan Bersten (Rashad Jennings week 9),Actor/Actress,Georgia,United States,55,34,5th Place,5,9,,False,True,4,36.0,9.0
Whitney Leavitt,Mark Ballas,TV Personality,Utah,United States,32,34,Eliminated Week 10,6,9,10.0,False,True,4,42.0,10.5
Andy Richter,Emma Slater/Kaitlyn Bristowe (week 9),Comedian,California,United States,59,34,Eliminated Week 9,7,9,9.0,True,True,4,29.0,7.25
Danielle Fishel,Pasha Pashkov,Actor/Actress,California,United States,44,34,Eliminated Week 8,8,9,8.0,False,False,4,0.0,0.0
Jen Affleck,Jan Ravnik,TV Personality,Utah,United States,26,34,Eliminated Week 7,9,9,7.0,False,False,4,0.0,0.0
Scott Hoying,Rylee Arnold,Singer/Rapper,California,United States,34,34,Eliminated Week 6,10,9,6.0,False,False,4,0.0,0.0
Hilaria Baldwin,Gleb Savchenko,Entrepreneur,New York,United States,41,34,Eliminated Week 4,11,9,4.0,False,False,4,0.0,0.0
Lauren Jauregui,Brandon Armstrong,Singer/Rapper,Florida,United States,29,34,Eliminated Week 3,12,9,3.0,False,False,4,0.0,0.0
Baron Davis,Britt Stewart,Athlete,California,United States,46,34,Eliminated Week 2,13,9,2.0,False,False,4,0.0,0.0
Corey Feldman,Jenna Johnson,Actor/Actress,California,United States,54,34,Eliminated Week 2,13,9,2.0,False,False,4,0.0,0.0
Robert Irwin,Witney Carson (Xoshitl Gomez week 9),Conservationist,,Australia,22,34,1st Place,1,10,,False,True,3,29.5,9.833333333333334
Alix Earle,Val Chmerkovskiy (Joey Graziadei week 9),Social media personality,Florida,United States,24,34,2nd Place,2,10,,False,True,3,29.0,9.666666666666666
Jordan Chiles,Ezra Sosa (Apolo Anton Ohno week 9),Athlete,Texas,United States,24,34,3rd Place,3,10,,False,True,3,28.5,9.5
Dylan Efron,Daniella Karagach (Rumer Willis week 9),TV Personality,California,United States,33,34,4th Place,4,10,,False,True,3,27.5,9.166666666666666
Elaine Hendrix,Alan Bersten (Rashad Jennings week 9),Actor/Actress,Georgia,United States,55,34,5th Place,5,10,,False,True,3,28.5,9.5
Whitney Leavitt,Mark Ballas,TV Personality,Utah,United States,32,34,Eliminated Week 10,6,10,10.0,True,True,3,29.0,9.666666666666666
Andy Richter,Emma Slater/Kaitlyn Bristowe (week 9),Comedian,California,United States,59,34,Eliminated Week 9,7,10,9.0,False,False,3,0.0,0.0
Danielle Fishel,Pasha Pashkov,Actor/Actress,California,United States,44,34,Eliminated Week 8,8,10,8.0,False,False,3,0.0,0.0
Jen Affleck,Jan Ravnik,TV Personality,Utah,United States,26,34,Eliminated Week 7,9,10,7.0,False,False,3,0.0,0.0
Scott Hoying,Rylee Arnold,Singer/Rapper,California,United States,34,34,Eliminated Week 6,10,10,6.0,False,False,3,0.0,0.0
Hilaria Baldwin,Gleb Savchenko,Entrepreneur,New York,United States,41,34,Eliminated Week 4,11,10,4.0,False,False,3,0.0,0.0
Lauren Jauregui,Brandon Armstrong,Singer/Rapper,Florida,United States,29,34,Eliminated Week 3,12,10,3.0,False,False,3,0.0,0.0
Baron Davis,Britt Stewart,Athlete,California,United States,46,34,Eliminated Week 2,13,10,2.0,False,False,3,0.0,0.0
Corey Feldman,Jenna Johnson,Actor/Actress,California,United States,54,34,Eliminated Week 2,13,10,2.0,False,False,3,0.0,0.0
Robert Irwin,Witney Carson (Xoshitl Gomez week 9),Conservationist,,Australia,22,34,1st Place,1,11,,False,True,3,29.666600000000003,9.888866666666667
Alix Earle,Val Chmerkovskiy (Joey Graziadei week 9),Social media personality,Florida,United States,24,34,2nd Place,2,11,,False,True,3,30.0,10.0
Jordan Chiles,Ezra Sosa (Apolo Anton Ohno week 9),Athlete,Texas,United States,24,34,3rd Place,3,11,,False,True,3,29.666600000000003,9.888866666666667
Dylan Efron,Daniella Karagach (Rumer Willis week 9),TV Personality,California,United States,33,34,4th Place,4,11,,False,True,3,29.3332,9.777733333333334
Elaine Hendrix,Alan Bersten (Rashad Jennings week 9),Actor/Actress,Georgia,United States,55,34,5th Place,5,11,,False,True,3,28.9998,9.6666
Whitney Leavitt,Mark Ballas,TV Personality,Utah,United States,32,34,Eliminated Week 10,6,11,10.0,False,False,3,0.0,0.0
Andy Richter,Emma Slater/Kaitlyn Bristowe (week 9),Comedian,California,United States,59,34,Eliminated Week 9,7,11,9.0,False,False,3,0.0,0.0
Danielle Fishel,Pasha Pashkov,Actor/Actress,California,United States,44,34,Eliminated Week 8,8,11,8.0,False,False,3,0.0,0.0
Jen Affleck,Jan Ravnik,TV Personality,Utah,United States,26,34,Eliminated Week 7,9,11,7.0,False,False,3,0.0,0.0
Scott Hoying,Rylee Arnold,Singer/Rapper,California,United States,34,34,Eliminated Week 6,10,11,6.0,False,False,3,0.0,0.0
Hilaria Baldwin,Gleb Savchenko,Entrepreneur,New York,United States,41,34,Eliminated Week 4,11,11,4.0,False,False,3,0.0,0.0
Lauren Jauregui,Brandon Armstrong,Singer/Rapper,Florida,United States,29,34,Eliminated Week 3,12,11,3.0,False,False,3,0.0,0.0
Baron Davis,Britt Stewart,Athlete,California,United States,46,34,Eliminated Week 2,13,11,2.0,False,False,3,0.0,0.0
Corey Feldman,Jenna Johnson,Actor/Actress,California,United States,54,34,Eliminated Week 2,13,11,2.0,False,False,3,0.0,0.0
